Geneid	Acetate	Glucose	Glycerol	Xylose
b0001	551.945200619535	2006.68826559544	196.80035436555	1773.24442762354
b0002	77.7297756680338	909.186241214101	122.061364733119	2755.98037715912
b0003	92.6234699563376	688.821810058835	214.914213348552	2535.47250892541
b0004	95.24489518458	662.193327845081	256.303025610689	2491.27561880393
b0005	10.7434588928377	53.8192255140539	66.5112308735423	213.608652172473
b0006	70.1539569595046	94.0426400598581	52.587739478954	30.5720110424029
b0007	9.47654157056907	6.73747716827629	30.8231162978189	22.8754677910212
b0008	1018.44949702528	1354.76481691577	980.855854213415	1272.32137227052
b0009	58.7875492988183	50.4849440499908	119.19307176604	64.0467652935356
b0010	28.6065909408495	25.5061635656174	58.7016930018935	51.0914367013959
b0011	6.7033766621277	0.710698056007914	8.71682241850212	4.46298726479841
b0012	0	1.04411195882644	2.22716450413688	0
b0013	0	0	0	4.29168068291726
b0014	1431.31370359989	304.807162966136	909.200698171203	741.674957456264
b0015	246.857328008505	86.8163861361604	252.416900133975	155.473816782341
b0016	58.2926758794669	43.5403129784471	58.107382258202	62.7267884181101
b0018	18.9929005426952	6.04093347606727	177.823177337443	48.2814076828192
b4412	0	0	0	0
b0019	193.900100313342	39.7863022254096	123.822330927939	99.7898503264437
b0020	59.2846829301787	48.4474863544203	73.7729805203089	71.6227504698774
b0021	3.16548342378253	2.51705561502803	16.1071718602756	29.8884904703166
b0022	5.78044799125505	16.546904738793	25.4913502484362	53.5293867787778
b0023	3306.63520736119	3770.22895877917	1610.27789952228	2666.45046975569
b0024	19.4265284089667	10.4268166847189	21.0055172753184	26.4555658535995
b0025	215.091574298802	301.392559987484	144.77987853007	283.845473192625
b0026	240.603709182328	529.504867605104	285.777937371877	367.535146024272
b0027	138.053446772964	296.774586406069	174.386980673918	217.705256460712
b0028	128.814072125124	234.549310430772	170.778974177216	220.806971136093
b0029	81.363908318549	142.200143843577	134.588885878543	148.651905042371
b0030	27.0259633951793	9.98239498996035	42.586306190578	22.1619576249006
b0031	123.569382119627	193.530343258827	72.0942903994236	114.888605143059
b0032	37.7213220525939	506.334324931362	52.5186324258805	26.7249567330487
b0033	26.7386085852468	396.879204908107	42.5805235993432	30.7490529376614
b0034	8.7290603504306	33.9573684791054	138.033581881393	60.7175278435453
b0035	4.94908068286811	2.14652458540461	5.03655729235015	8.82299835828167
b0036	0.338295938419507	0.968393916010784	3.09847886167135	2.5799225479369
b0037	3.76435866611976	7.51034972700256	20.5475273460814	9.32073507390331
b0038	3.71125642788296	2.29138855988759	27.1044823028087	5.94598616783487
b0039	11.3990636677943	8.43510921067661	55.8720166155913	15.460188286887
b0040	1.05307171325835	1.67471423098895	1.4289134640403	2.29456194928249
b0041	1.37951028585075	0	1.05292018386238	1.12719239726426
b0042	0.564544814432552	2.15472786407495	3.15987830125153	0.922574669098455
b0043	1.03302489354208	2.168540222178	2.523081466225	0.450176295410901
b0044	0.923265998603237	0.880969465259811	2.81875507554824	1.00586266005873
b0045	0.798500323116313	0.380959768760999	1.42207463270902	1.52238672873754
b0046	21.0316864766568	30.1022786773522	13.7593468094558	10.9110525836879
b0047	19.8390684144309	23.0158592663046	16.7037337810266	7.61928816894731
b0048	105.806283439931	49.1580961614974	197.876606303486	47.6778900867839
b0049	101.881252970424	67.7186492868751	70.9403412607728	84.1917785216419
b0050	219.473517382255	178.543144959322	209.751171336034	197.723860034402
b0051	233.876081865159	198.777577446068	181.717115527314	216.737706021414
b0052	118.983807238177	135.829473916422	131.2002362437	131.383951815672
b0053	280.362956107321	428.188123870055	355.754486737725	286.762300176744
b0054	294.466575208019	408.859612208222	287.031854419139	281.077749185329
b0055	51.8115154510287	22.0760583647458	49.7427366273219	69.2270183687481
b0056	46.1547905661194	58.4606465425865	51.5429499528821	123.707201251832
b0057	35.1189481732854	68.6158858979717	64.6718145635218	116.60415440379
b0058	61.2377156891747	35.3669196235211	85.2801535584049	63.6436737637161
b0059	59.3634311423901	54.4619141867118	85.4527854481992	30.2942165852983
b0060	34.8203176616078	11.9739931400619	29.6832167139366	28.3283769567561
b0061	7.25878095453579	2.18723453443815	9.33105128457348	7.49194257147194
b0062	17.3374980336512	1.51927668260375	18.3641049233322	11.3716688753945
b0063	9.5355303136165	1.4915885126092	6.04516079694296	6.64188677118147
b0064	88.0285287951537	19.0505888460278	53.2581163762288	19.7739553649771
b0065	51.0946265579956	14.2613409905588	41.7396830010594	18.9338853658114
b0066	27.7693052283755	14.8819562886807	22.4532593142383	11.1896824672628
b0067	21.7870144027937	23.7812539448905	13.9415521055049	8.27167505925393
b0068	119.439094063209	153.417609315977	62.150111909649	40.332639344794
b0069	18.4653199720647	28.0378108073992	20.5891675083523	26.0649628432611
b4662	16.1151883392565	57.6634559079149	75.850136578389	76.811330404485
b0070	16.6892662953623	15.0639053601678	21.5745935553412	23.8335702047504
b0071	448.87181777637	1275.71356545583	961.837375482124	209.378777872028
b0072	432.539246763192	1279.09975156421	516.864313981471	166.865507494797
b0073	420.76579663817	1306.7003795924	279.025777148775	121.499366586435
b0074	356.39477112495	791.662026338816	148.38270993115	110.015268651309
b0075	996.363196285755	962.383195152786	189.731376119661	616.004166987693
b0076	3.65789195637092	4.56426084858416	10.5949397125369	41.6906123483391
b4726	0	0	0	0
b0077	123.007933253907	233.127502319883	108.08332505337	96.8986860277796
b0078	116.196403726651	217.105255536223	156.200281259649	99.5068036389809
b0080	127.791038278313	171.165792700987	341.145091889635	117.316614488999
b0081	296.024423709022	165.276781247174	166.251279749982	187.445465121533
b0082	184.323881912228	130.899717742553	118.064543801307	142.691548820561
b0083	136.582825760584	120.620606128688	93.8968903854757	114.767280557521
b0084	135.433246654193	86.1525317469696	177.950065754135	179.682250663395
b0085	123.121988329864	104.011233640352	125.116354321109	99.4830617980669
b0086	104.481916451206	146.182588884436	130.620985752558	94.4311858873681
b0087	84.9507019656651	85.2758919502461	140.172551568537	74.0939054190632
b0088	122.148722548692	105.379199452672	162.730133564224	76.7663384114072
b0089	87.1385123693773	58.2840906943936	121.715881816444	72.3639411535265
b0090	105.065595885995	74.1202174816344	139.100812267504	83.0006221963071
b0091	129.347314536024	147.659077201596	213.40038425614	130.320547566634
b0092	169.471939912995	161.983597312657	334.651416917206	150.977691776894
b0093	168.307725146098	99.8389655358699	193.099986691709	128.285617525469
b0094	170.530080882156	101.246619019313	181.257333504138	122.251735367898
b0095	469.942393289047	566.903850894688	756.600841528406	398.070147718243
b0096	1721.69195159142	875.303622424414	2329.28654713539	2268.27946682421
b0097	202.146660746814	292.296395210413	310.689448327095	317.358492605197
b0098	139.239157784917	194.274277465365	236.800426391068	260.56972572058
b0099	10.2269464460666	10.4089930664544	36.7739123702293	33.4255899342594
b0101	92.6623329507248	146.080754966718	136.666912753854	128.750420487518
b0102	81.8430633600547	116.62898985246	96.3832380671333	73.5902100972002
b0103	87.348991867854	96.4214695890158	57.0831945734213	84.9006395968414
b4727	0	0	0	19.3125630731277
b0104	207.320971824285	429.670072987406	134.781851888284	69.6473179792391
b0106	6.18887532230798	4.85082438726599	3.82394703515771	5.77932062038733
b0107	6.90650928825278	4.57646475459642	10.9333530203083	21.3190631326734
b0108	0	1.15065399544139	1.84081964117436	4.59822930312563
b0109	71.0852854763512	124.589185046676	74.7632218695748	151.648985205096
b0110	48.1703999271254	31.2552645066089	83.3371065814262	113.881146382302
b0111	27.6785427791791	19.2885946077937	81.6548838727237	65.0528440357984
b0112	233.582265917367	820.247971636838	128.801105286187	204.08909448458
b0113	74.7302361222384	142.613409905588	234.166696158486	104.136369511963
b0114	277.578674823308	1057.92527784929	560.500558806313	384.62013282462
b0115	229.379657795614	611.311832299207	669.282346178985	286.321755228382
b0116	801.620358063058	1213.93512033173	687.230290082296	379.33939678375
b0117	4.01575890654612	2.73699251342854	2.04336937515471	10.937535721027
b0118	1088.67773788186	1396.82286502848	414.337466624698	344.214100500838
b0119	77.6459074527813	31.4527941315899	528.528224413541	86.9863378087155
b0120	120.742288481486	494.672665776075	198.099979347209	119.519258263884
b0121	134.637101194238	367.26367188409	196.005889267188	125.297770803164
b0122	112.32008424387	141.441166560334	104.196739344404	362.942995684641
b0123	58.9747317947259	271.05913883522	272.519639644493	23.5336842090337
b0124	96.6405805112627	175.406878924904	21.2768262666226	21.929572874756
b0125	161.917129766217	194.659800502548	182.919882444516	288.609531958751
b0126	1052.7738988598	1144.22387017274	148.973118924902	617.827244013631
b0127	35.8549902370189	67.0563165789992	60.1334416116957	93.1253041390298
b0128	29.6594711457911	46.4000104348513	55.804769744706	89.0481993838766
b0129	53.0595316748309	20.1364449202242	134.379833805728	101.161044668764
b0130	14.2678374808539	8.86985842095731	37.8400681361403	40.9803167649294
b0131	410.366292040595	1144.73311051209	323.868299703936	440.99553474071
b0132	7.36158935763378	4.49557840079425	13.1854058019001	27.2685691231869
b0133	326.44605111177	377.600884039247	225.500406043859	389.651360595146
b0134	255.866622405365	352.65373915004	189.590530062535	378.234725847293
b0135	2.36069950248188	5.52898996114632	2.18402330308822	4.67616539300912
b0136	1.78157861037006	2.97493206359092	4.07940433044167	3.39668194753502
b0137	1.31633964157293	3.76810701972513	2.67921274507555	3.82426991547082
b0138	1.39947688209333	4.4512141402601	1.42421309080332	0.508225344029675
b0139	0.921133744564892	4.39467446873254	1.77067293429358	4.68318504082772
b0140	0.358840226177776	3.42401087712315	0.365182843795723	3.12754057864416
b0141	0.454530953158517	2.168540222178	0.925129870949165	2.97116354971195
b0142	34.3454951480404	69.2441999694211	25.3687956799341	21.7266334572686
b0143	197.998950292732	366.42280179081	235.178535058617	139.249381814826
b0144	33.2734309399535	24.359233369514	35.9049190205756	20.9375683802517
b0145	1290.43430836356	627.064792009141	962.530680534577	561.589005152791
b0146	134.647541719703	41.0269354374611	209.571441191399	94.5082873791354
b0147	27.541494195622	34.4026042026882	14.7785576842303	27.8231840884043
b0148	33.5932043343637	18.3763704753454	39.1980952728091	38.5059127939521
b0149	54.2290391037584	54.1467812399213	68.851011549486	54.1665970216717
b0150	296.235079765744	358.983279426725	43.1706659698939	172.599577732431
b0151	77.3044372965838	76.3065281187445	21.3631963620498	55.9047878432643
b0152	42.6754061576607	34.4556946412726	14.2740997765136	33.8132417441966
b0153	27.7566443634546	11.7711381500373	12.0084936350134	21.9128930481781
b0154	102.125760295148	217.473605138422	272.924144832474	131.841033625684
b0155	58.9020333286116	38.5396262270621	63.9393556377524	70.2830618167621
b4728	92.6623329507248	242.186514813242	69.7001255044655	171.179536329995
b0156	477.07964087825	248.57128007609	207.852548179557	612.963958407965
b0157	17.8971562806166	12.6046400414096	22.5500406043859	19.4982607949847
b0158	14.9382363818951	18.688430903489	21.6210127143176	23.1461430089919
b0159	222.915244709973	285.297991290319	156.785690039078	353.51107942871
b0160	27.1505890498343	54.8220682254959	30.6609247743429	49.617256907245
b0161	153.009472442204	149.91689224396	58.6775793410968	44.3172499993877
b0162	19.0585064167632	3.06741699821033	78.749882732415	23.0149715379242
b0163	390.262390479359	229.461814207206	833.477469780713	491.796664304065
b0164	6.21415934115241	19.0367423932157	12.9808351818605	20.666580410358
b0166	377.740014672172	1004.11297887649	223.368402204899	565.33139177701
b0167	34.0209531606526	67.8672773237187	39.1778483227715	47.5769651464817
b0168	267.907404636206	372.759789436423	240.647225770579	402.284332693074
b0169	2643.2571419185	3844.23039386099	2853.2324103566	1602.06489129354
b0170	848.572478941589	1370.73885586172	893.10865041596	578.016852540793
b0171	159.320611990377	330.953289362396	186.736699880948	115.316750581279
b0172	985.452431025287	1304.9715433784	641.10007911824	721.106185714363
b0173	53.5355442197606	22.2560707013005	66.9154087107592	83.9781877991892
b0174	186.688746804182	149.168247094071	368.258143413357	192.365293602413
b0175	93.2821478868501	107.638451028108	194.592658082603	106.016517569267
b0176	202.815541050155	180.585066794543	234.800422789792	195.266713111889
b0177	270.927910495182	465.72543114381	416.188665556656	350.888553492646
b0178	755.573537227301	1131.29530738845	680.955547139851	1357.8400827341
b0179	542.167710618378	708.97949667365	422.516550271652	577.965155127081
b0180	404.098949704448	485.738743055883	435.571836937349	570.48294867331
b0181	311.733918920028	362.410069906424	409.501878047708	444.629541474479
b0182	100.204493550755	139.335786756079	102.682169227282	137.658739398534
b0183	48.9934117851768	75.2232821793704	77.0554151305649	84.9170486883754
b0184	78.8617076222961	79.0368471158156	79.2456207285913	82.2572130892474
b0185	243.188264032092	342.520928093014	225.218530536304	208.817088228193
b0186	42.7029920698505	25.9404790442889	30.4457130849132	27.5893758187538
b0187	53.8619179492842	44.8887825990845	33.9985227573818	49.0241985702471
b0188	39.7110992101309	36.1339900762453	31.2471694287103	23.6389340156066
b0189	200.207516308881	138.30184169914	144.32025986807	201.077862584917
b4406	314.847485613235	167.883852722944	177.70778267337	304.100806599249
b0190	55.0307118288347	67.8443298081401	50.0561340888566	87.5432117325842
b0191	75.4327964816261	49.7841468027672	58.8540066837873	68.4842662167648
b0192	83.7717807340253	59.2368329045584	82.2077429628246	82.3024839825272
b0193	6.4460753357026	7.07338392470422	12.7920230337607	19.6637005835482
b0194	215.47384897245	439.691398870614	226.366201669158	179.812432801285
b0195	45.067899592836	85.2897895858312	37.0737955699226	59.3288484238032
b0196	167.418901080054	262.489746448968	141.647662463106	249.63275972302
b0197	385.490709299163	1100.38268384275	412.864714006771	249.572276478102
b0198	124.818786746948	228.502465337847	44.6863189958473	45.6237155167924
b0199	212.050581446641	208.23659639304	22.0256210554467	31.4390561655567
b0200	89.556801864514	69.5965877555251	151.742981567014	189.102180091042
b0207	24.4734390077515	34.7128266908343	21.203769523527	19.8169956907094
b0208	27.8977686659916	24.9559874749009	17.152817771205	31.9765388587851
b0209	197.184720241015	128.918497927458	126.347793049293	373.954872989026
b0210	35.3681897926471	28.0554891244278	56.8087561379722	103.062235630633
b0211	191.550180160544	255.399465637175	544.585969562874	473.008581228149
b0212	38.3375214658106	100.346617185784	30.4246579582984	106.525645522411
b0213	30.1574686348742	44.2166251111314	40.7959240809637	80.1351164860069
b0214	57.3845328362627	63.9719365542509	67.0719156438145	135.559336955608
b0215	138.399086741443	141.07065142062	115.337912599482	113.580032827616
b0217	1.69147969209753	7.42435335608268	10.3282628722378	3.68560363990986
b4586	0.553959599161942	1.05716335831177	0.563751015109648	0
b0218	1.56873514806922	1.49686847194587	1.59646305163794	0
b4503	1.40688152168112	2.68485932269657	1.43174860980228	6.13097240416751
b0219	49.3174927191643	30.27518411352	57.9106101124307	66.8800822376794
b0220	371.363295843246	134.35341920823	254.044761239284	66.0049624018287
b0221	76.7794801488748	28.0180718276494	12.3956051420428	9.24159459941078
b0222	340.29766879088	325.58440423861	272.002562316116	425.276647983381
b0223	92.4420081101491	127.189966546885	68.3548105820448	162.572552431993
b0224	377.858758165198	389.652437816614	380.885706078939	400.716136638782
b0225	96.2579260479245	191.880833207556	229.864930031805	214.930137426743
b0226	275.069594066619	205.113994118422	352.506381861665	526.100856130029
b0227	10.9905584473729	3.38292274659767	6.85521234373332	3.09001009170043
b0228	16.5520458544773	17.3221947867953	49.9904514603254	18.6145186247014
b0229	3.25972723850109	1.33302560067334	2.52750017282084	6.42624690699519
b0230	5.27580570630421	1.34242966134828	5.72699443920912	4.21504352786516
b0231	16.1151883392565	14.656128376595	35.1063132136462	23.0433991213455
b0232	15.3752052012294	37.1085913529847	16.5673767705692	23.6480364160747
b0233	12.6619336951301	13.3536424207803	6.78196709906343	14.5207241151336
b0234	2.34790823485856	10.081557854099	4.77881655192284	7.03437727829153
b0235	1.99176485091934	0	0	4.33990181418599
b0236	2.65369867862008	0	2.70060366519592	15.6119521848637
b0237	213.012283727127	373.792081259866	237.5642137746	474.866520007974
b0238	152.936297180395	231.608599807913	404.426872015915	124.332513902162
b0239	74.1104504710145	59.0992528020075	110.848392368548	96.0974524000208
b0240	1003.68116670693	1161.39073166645	701.274502175832	448.813085502263
b4710	5.27580570630421	2.51705561502803	8.59049165881368	19.5424745382839
b4709	8.67067198688257	15.6276322533045	18.6282944123188	39.8846411292854
b0241	0.755399453402648	1.9221151969305	1.79375322989433	2.19460944012814
b0242	145.474607779919	259.464659029129	103.926274089779	161.112958245929
b0243	131.678052087872	211.230343746888	105.521242636791	157.087833609172
b4626	4.22064456504337	4.02728898404485	0	4.59822930312563
b0245	6.21989725374812	2.22560707013005	0.791229494890733	19.4819715211376
b0246	0.836165432697271	0.797859138348508	0	7.28775965023685
b4504	0	0	1.21892111375059	3.91470873103939
b0247	1.11488724359636	0	1.70188985693479	7.28775965023685
b0248	0	0.552765154672822	0	29.6630870731046
b0249	0	1.05716335831177	2.25500406043859	36.2110557621144
b0250	46.5894226987479	42.8286693880154	93.669399433603	120.084526800858
b0251	8.98312863505852	12.0002327159715	13.4081322512565	14.3539320138111
b0252	0.970440173714351	0.92598250363075	2.3043837113971	5.63870454689859
b0253	22.7738946322132	9.10335114101804	25.6819906883284	33.5287553352911
b0254	6.54341539949676	11.3520897536835	8.17249793715999	13.6095243132779
b4587	96.0477479915762	72.3533857399692	108.034415062837	102.437359266209
b0256	3.69306399441295	7.70848282102334	5.63751015109648	15.3394055658957
b0258	16.9378222989829	13.5051235302656	23.6126079627078	22.7504015259357
b0259	129.159193857699	118.252609283724	179.069938958722	96.5628153656383
b0260	16.855522846295	11.926971221979	6.55300325255659	6.80891646808988
b0261	57.569049019016	28.5536083917006	82.3692801497826	48.4366533666867
b0262	2.79360714763615	6.05824274104168	7.23668924839892	8.57721282617418
b0263	3.80946429223112	4.36193477355001	6.20287649862764	4.98031712487533
b0264	7.91370855945631	9.06140021410091	25.771474976441	31.6128264589887
b0265	24.0851999635627	24.8203571081894	40.1978984686879	45.132620225244
b0266	60.6041270878022	70.1161338504218	41.6308441927125	42.0914836209193
b0267	1.15108488137546	0.659010924661884	0.702858408448392	0.501625014886433
b0268	11.7007968139816	2.79119038498158	11.0145412853106	27.0885785679183
b0269	10.8089677885257	4.77012734847995	17.1875309484649	34.0030645571074
b0270	3.07621816454354	3.85256928842468	4.89154893804467	73.5217965148352
b0271	5.94191301894374	8.3470626429086	10.2462009450096	103.755576286729
b0272	44.4919330235994	61.8419672055899	41.3565962072532	77.4792550166979
b0273	25.9286164622664	168.136309644332	109.855720198083	108.380950977552
b4688	32.9799203221993	59.0044665104245	104.883909787841	33.684703034525
b0274	5.27580570630421	6.54434459907288	22.0131348757101	38.5101704136772
b0275	17.3413439737651	24.8203571081894	31.3739695365369	38.8350453100937
b0276	25.0644015358518	11.0915499888448	49.1664819734971	56.9878910354587
b0277	10.1780136879515	22.6607265322332	12.5158120100898	45.7402809626708
b0278	1.90200720742298	5.80759269802176	5.80687740885474	5.38762489164506
b0279	1.55497431343703	2.07723326545471	1.58245898978147	2.0329013761187
b4729	7.09068286927286	13.5316909863907	2.40533766446783	3.86251261462553
b0280	211.635177475746	384.318434477423	108.608358829287	181.301612523239
b0281	49.7258809354788	63.7467241328898	13.713515057057	66.5807848987913
b0282	5.17568092647654	3.703930014523	5.26716276890766	31.7177130763045
b0283	13.0588595162941	5.03726741264544	8.4827738950668	5.75139025688755
b0284	12.9383196966609	7.49965820357601	7.9986501461669	6.98203167036675
b0285	9.44683454370208	4.24190940012247	5.08966433704008	3.93516175471253
b0286	13.4877119795951	4.78021692454019	6.66696852651409	4.19838327676688
b0287	38.0475666156105	721.965220310479	88.0001584561401	493.647953674092
b0288	7.25183475266542	13.0703833391274	7.38001328870811	42.1365012504603
b0289	11.9673972477179	8.20751299280026	14.0818818964098	22.8165302129778
b0290	7.76352138971481	6.32754710814346	7.07774997071966	17.0923231577863
b0291	3.57902638888476	2.61151993502196	3.10665642530732	3.7845283931901
b0292	0.397459802089286	5.68877143486156	2.83139523283769	3.03111976484066
b0293	7.23539068293149	18.9857909247829	31.7541388102577	30.5453803707631
b0294	1.34974927714585	3.00513441956646	1.37360653427731	0.980333150920186
b0295	8.16361514554441	11.1280353506502	22.5500406043859	44.4697176025966
b4506	3.77163982408131	2832.29808677912	9.59576195931315	28.7633918110412
b0296	4.02879708481412	3876.90635220881	9.22501661088514	6.58382832038443
b4671	5.2137374038771	7.4623295880831	5.30589190691433	0
b4630	0	0	0	0
b0297	0	0	0.609460556875295	0.326225727586616
b0298	0	0	0	15.4500504585021
b0299	0.306690435522182	1.46320188001629	0.624222577284039	127.970789913631
b0300	6.96682814666547	23.2668267506172	9.45329213109627	17.710210678414
b0301	0.447644120534903	5.97991394600599	0.91111275169236	2.43845493347571
b0303	3.36583047592066	3.21163551892184	0	1.22231411855238
b0304	17.6464958285071	13.011241333068	7.14254679776929	3.71395443713993
b0305	5.59790752837331	5.34145696831212	3.79790157547552	5.75988723233632
b0306	5.17028959217813	2.81910228883139	28.9392187756286	26.5547742255505
b0307	12.4757287878488	9.41674924210487	29.5613977670941	18.0548121166845
b0308	15.6636852176825	9.84255540497168	23.3276282114337	18.7298564286798
b0310	1.98729901044643	3.03401143192616	0.808970066525055	1.29905132778886
b0311	15.2761569894568	23.0791857038979	7.28726626353584	7.28121767568547
b0312	31.0488150080176	56.4968768270894	9.73647374364524	13.3732615984998
b0313	72.3539068293149	66.0187729884495	7.82348347499103	14.2873553347118
b0314	27.1914092331997	22.5777661185169	10.1109326603736	11.8211116155575
b4730	0	0	0	0
b0315	9.52261129137884	17.939741838018	10.6848677243922	10.9065438842732
b0316	13.3947787321473	17.6760432901004	28.1331696286229	26.0812748897544
b0317	1.06787392609531	1.01895263451737	3.26024683436905	1.16340741404383
b0318	5.26535856629173	10.4669639436809	11.1633864378148	11.9508434858463
b0319	1.53877666433873	1.17462595367975	0.626390016788497	1.00586266005873
b0320	1.71770418344788	1.6390129586229	1.22364561419148	1.30996067356486
b0321	1.12431546552952	1.96681555034748	1.5255841423686	3.67469487649363
b0322	0	0	0	13.655347627464
b0323	0.838803178541742	1.60075208829543	1.42271549554485	3.95998927366971
b0324	24.2252180457804	23.6657827717516	14.0876609415686	21.3653083889265
b0325	480.647003067139	152.956435614023	46.3886549575939	52.4198140556322
b0326	2.93272728968087	2.79837359553116	0.994854732546437	2.13006210365379
b0327	12.9707613462308	25.7844721539457	23.1000415947368	10.5983577840335
b0328	8.70507941540194	6.04093347606727	32.2143437205513	16.3811918923851
b0329	809.262718775707	519.388954301001	1346.13938042704	173.183310166634
b0330	18.5979631022988	3.99683689342825	3.92174619206711	3.28569126007843
b0331	103.555006550407	0.284757806952666	8.80742326635948	3.57640056909771
b0333	49.5438738942783	0.867416088871198	5.3194967579577	0.495193924951991
b0334	34.7941566415765	0	7.0818309336088	1.99509949102558
b0335	26.2095988411119	0.403369166923411	6.02290432676762	3.83794973631313
b0336	18.5708360861908	137.531918805132	7.30191790999163	13.1049535139081
b0337	51.5648374547004	247.791187163171	27.6079936371454	54.5986012114123
b0338	17.1358169340761	11.8402296130919	12.0266883223392	11.5875378438766
b0339	6.04319562722119	5.76634559079149	4.92000885913874	4.38921888025629
b0340	12.9845307319487	9.69627538833728	9.76689656750473	6.1504977939897
b0341	5.06477347805204	2.63604369864754	3.74857817839142	5.26706265630754
b0342	3.91030305290783	8.29147732009233	4.8637342480048	5.20681847559814
b0343	1.9083775664909	1.82095123919731	2.80526820915805	4.1582073602428
b0344	6.74479590004003	1.8977371505304	3.60800649670174	3.01464399190285
b0345	71.692499924781	48.0262578291221	34.4809485141857	27.2836763636984
b0346	109.994855660932	52.0215638190829	16.5475118104127	2.08408954026557
b0347	1.59700064623263	3.04767815008799	2.60036504266792	1.39189643770289
b0348	1.68825782601735	1.34242966134828	0.859049165881368	1.53274310104188
b0349	2.45352348417746	2.34112300802607	2.80900159777818	1.00238216642531
b0350	2.2979064854125	3.13233587647933	0.668149351241064	2.14584034145863
b0351	4.19401589270871	4.26867223545448	1.70725859465382	1.21845823805222
b0352	3.93344094079485	2.00172943585661	5.60415210286514	2.85688802856918
b0353	5.70413844681604	2.51207134648342	4.68862230388222	6.93148922179087
b0354	51.7028959217812	27.721172506842	51.6145373833722	60.6199896462063
b0355	12.7530267432965	18.2531802873975	12.0050575879465	29.524601820429
b0356	55.8151725858303	55.0867825628405	20.9654431565101	15.3978543420883
b0357	53.9508479183804	66.1876189551718	8.823928932151	19.9423205646427
b0358	8.93206175392899	8.85066997656368	7.3418736851489	14.5967046482942
b4579	3.82590802298895	6.0843934291325	2.59568812712356	6.25226862079672
b0360	0	0.693221874302802	0	3.16599394641437
b0361	0	0.280043273724973	0.597352068990355	6.71463285655101
b0363	2.66567025160634	2.54355093729148	1.35639341981269	6.77633792039567
b4731	0	0	2.25500406043859	0
b0364	0.953048772751728	1.36408175266035	1.45484132931522	1.03830984264127
b0365	4.14175401242574	0.263467503629102	1.68598434425315	2.10573117619772
b0366	4.15469699371456	2.312544846307	1.40937753777412	3.39478647769822
b0367	6.10158399076922	1.5321208091475	2.28768527870582	4.19838327676688
b0368	5.61761847037462	4.76467992478545	4.76409308543364	16.3204758364459
b0369	113.723644480261	161.079167703382	132.941162455395	158.957249909589
b4580	18.2373530588294	13.5734554647437	14.6621663189011	45.6984517162486
b0372	26.0686870193855	28.0934760963129	25.5931256686456	33.7468662696521
b0373	69.1341579754104	56.663956005511	69.4541250615086	81.1127649071362
b0375	0.852245537172218	0.813202583316748	2.16827313503711	4.17819874178243
b0376	57.4051398095277	49.516874399681	46.0347979177619	27.267738017758
b0377	13.7196873699076	20.364031275588	47.8703564672959	32.7412002959658
b0378	40.5528780537181	31.743864129033	67.7119027463204	44.4453506340472
b0379	17.2103953137691	1.64219550805712	7.00583785767329	12.1875398034301
b0380	197.240826293153	14.2940397743564	320.147055341141	110.16321189601
b0381	60.2222380677969	94.9998853496607	63.5107992912567	169.315621463037
b0382	253.675292305882	216.779244968759	214.61417954519	213.104144255202
b0383	15.9615477724627	29.7439182169075	52.3619586915402	35.1881445823936
b0384	103.543850310643	78.2498485778434	81.7702406962779	46.9277233552635
b0385	8.10091456838969	1.36408175266035	4.12205043305979	8.04690128046986
b0386	100.123068292973	159.435896112798	73.8305033121376	75.4620520079618
b0387	35.9168576711534	52.5126896939181	119.087796132966	156.520119024041
b0388	249.18685512016	248.886459213972	164.422010349694	265.409795376412
b0389	437.628083337934	351.506816638664	338.250609065789	454.146991016518
b0390	237.663374932486	41.1638829785115	83.8143102109919	60.6722114244276
b0391	131.550826916773	277.75576235223	239.267799254958	402.514472471503
b0392	31.8769734254591	43.7702723792243	31.6491797956293	77.0808438445008
b4732	18.9929005426952	12.0818669521345	22.5500406043859	10.3460159320327
b0393	83.9686129255996	100.430519039618	60.5290563591411	35.2581332420587
b0394	37.7350697250907	14.7933090404024	36.9135978210409	24.5390652909378
b0396	19.9705941571292	17.5569408367727	17.1266131172551	26.157522137021
b0397	20.7853668474872	25.3154848053305	23.216438372485	15.5568310741591
b0398	23.2082824586549	28.8940409154539	27.6673814896705	23.5988925332483
b0399	37.3802303434493	19.8562856865516	25.0991756292295	23.9307846775712
b0400	16.6187879748583	11.9420305290774	11.4838169744558	16.3173275965083
b0401	39.2807715769377	58.8167250260732	116.235209297153	163.278942345534
b0402	23.609806497033	28.0679179848715	42.9337017620622	82.6476498325987
b0403	17.7267071731821	25.5816058936931	18.0400324835087	28.7294326707684
b0404	36.0930378010667	25.2847318689001	29.7567546119732	27.8738023735863
b0405	51.1442811999373	75.5708932888416	55.0802112241583	53.014879024272
b0406	148.744045562207	199.961324582801	154.251873495959	82.6947514567434
b0407	629.218254615654	816.01582468606	435.561144646877	612.434432589274
b0408	159.569141680674	272.665770078855	135.885958966689	171.179536329995
b0409	158.391411315933	172.278473206363	191.257751792755	222.928968807091
b0410	128.365810564422	155.293651945109	108.084677379643	160.660546254898
b0411	279.721430139535	383.589036859973	124.751411072399	126.349988919106
b0412	17.2342986405938	16.4447633515165	11.0244642954776	20.9219433292216
b0413	144.768108580988	99.7962210246313	146.725597532538	208.575681189779
b0414	94.6548358568014	106.635608316666	129.907842612223	151.404196918406
b0415	205.494312453449	344.756458251992	264.280730650128	436.685343373269
b0416	227.281709827585	423.469436672316	283.486224740851	496.608764737568
b0417	63.3485087630589	38.9139886495131	69.448591309213	70.4967793160181
b0418	160.872429259514	93.8614403680279	337.338179677172	457.696581501869
b0419	193.630186045528	105.651279624512	360.245571747605	216.30070641903
b0420	72.9335536674402	130.468598681182	135.808618132695	130.460872933608
b0421	139.450096429033	162.098381607805	193.028347573543	151.603620124052
b0422	280.125742983619	300.704244142015	347.437662645353	222.928968807091
b0423	55.7859107727471	91.9272485488498	102.899150087094	66.9742094150907
b0424	44.0918097200977	70.4060064012714	98.4418016232075	90.1906498846571
b0425	50.7310369758831	67.0464129876677	70.913943479582	75.5985199244142
b0426	752.844606470815	434.726200515524	580.251044820174	312.651554628987
b0427	17.5319081932571	12.8253664568813	19.2294851747291	11.8846541988478
b0428	281.717366523299	370.469906845419	215.326313649961	48.4439713450509
b0429	325.526804452981	524.353025722639	239.440431144752	24.5796257294352
b0430	343.725175675117	668.333518230272	246.400443677192	40.0382405174598
b0431	409.663134898313	1146.95855922862	295.052338510399	49.444815096863
b0432	838.372274377238	1929.12240169905	564.60734576551	70.5886403464001
b0433	21.2576366507672	53.2879091181544	43.8167455646198	21.589247337846
b0434	121.698896396199	399.202412195658	122.447888877702	96.5628153656383
b0435	674.785504186698	391.748836929117	1041.55659244409	549.314883636603
b0436	693.101968688161	1588.52833129786	989.910327501541	666.573337477813
b0437	447.855029784001	737.981344359949	601.478967659293	761.824903918329
b0438	549.736471864802	578.877780579566	516.581636057179	666.851442583879
b0439	228.527740882297	160.958171446399	257.271546054624	295.961953846784
b0440	2962.89248466044	2047.41176119634	5764.88071011466	1696.74661285336
b0441	156.95521976255	262.393366883537	204.10677777816	235.681358656838
b0442	11.4365852730207	11.594694897613	47.2823432027446	24.1407038414096
b0443	45.9828118402093	18.4407442953633	22.3804914269093	25.4112672014838
b0444	49.2833022702693	34.6312134619374	62.984596170871	76.5843018417131
b0445	19.2273807963087	4.47476553782761	27.2032235862433	20.606879469563
b0446	32.4664966541797	36.8651837770259	44.9348794461023	67.2048898149131
b0447	27.8065994873445	27.6382577336411	67.7975076994609	51.7526199998846
b0448	13.0475763457432	15.3118753758863	40.4450812870543	17.4826078580766
b0449	10.1466000654578	11.8174489885356	30.370425056412	17.3943118587934
b0450	0	0	3.19292610327588	2.56361456722934
b0451	13.0161136586302	5.71706058574199	10.7230962314562	22.0586384751342
b0452	64.8538067311542	59.2306160336352	63.4858286005011	58.2068538615172
b0453	468.690425259528	234.679195771828	65.1707979770734	106.168540454367
b0454	69.543235833253	42.2865343324709	116.566363739595	147.072595710741
b0456	74.3620343281793	8.60065105067205	25.225469150669	20.4582235944149
b0457	21.4297717277347	20.6116182819781	30.1830330720214	29.5104928970423
b0458	106.13442511332	265.031527281219	93.072779055045	33.8277378669434
b0459	59.2495919103642	62.5105290132179	68.1403400871661	59.8269616939281
b0460	235.546656958722	612.86511402403	320.025233782792	427.257388535632
b0461	210.593281217404	303.109878095151	301.629343124266	302.048486463717
b0462	89.8997292354237	170.193232465735	160.384479270051	168.938944596836
b0463	90.4151144762808	202.507875471582	122.38212991325	134.654177205852
b0464	19.2860008597121	29.3656488419937	15.4509537474496	135.456171554576
b0465	34.9473888070763	41.7961463339677	51.4969705149223	69.9455897206943
b0466	54.1649385847232	32.8895267030329	46.7704545868745	46.4932073982703
b0467	51.8707624669818	42.7670631317035	39.9750719805023	62.5463690436521
b0468	146.315678254837	122.161099182694	45.1000812087718	175.499085069295
b0469	234.108143645829	320.366461192741	170.595959354919	143.26982931967
b0470	95.3773918557083	110.181373617836	137.401179086351	228.512004064026
b0471	450.419514082219	734.248005227449	467.400841618181	793.570773550337
b0472	225.532858589496	268.372955515979	176.381505717474	440.269074018579
b0473	289.158047408947	60.0807079795747	267.425441535533	207.494177657684
b0474	434.922699249004	1084.10873135153	356.605293278661	479.670171211636
b0475	32.8579151652442	27.1371528737975	35.1246738386073	19.5532180646931
b0476	11.0791919832388	3.43578091451326	15.2212774079605	21.7266334572686
b0477	44.4186455603874	63.1867754393244	79.8323276569064	57.2717387685855
b0478	37.4195249809569	46.2958121851023	77.7754531042147	35.0666395692747
b0479	5.22654756948859	19.532846325564	7.75677072386739	12.3372638796393
b0480	56.1399346954679	64.9263303906904	80.3780031706242	64.8425438934413
b0481	42.1009295363076	103.073427435398	48.4825872994297	54.9201012392068
b0482	38.7980760771534	49.7864102329469	65.6929484776827	82.3516840476764
b0483	307.107426903813	217.367623849368	109.189670294921	238.018869453898
b0484	245.944793534509	410.204704303011	1835.76234745358	105.467410315524
b0485	163.017307123154	41.8786256411609	9.28104565067973	14.5930942835531
b0486	156.702446240891	35.3205391176091	31.8107301333333	30.0218497888527
b0487	261.990304544824	96.3884238460734	167.135595067801	139.164057438714
b0488	24.9100787074128	40.351856291116	116.140078406903	68.1619873169211
b0489	38.8133784510851	54.1709851579366	167.135595067801	72.2643291461803
b0490	15.2951676936749	59.126304641862	30.3327979811209	43.5814476428987
b0491	6.47706608250886	29.2752929994029	24.2846591124156	34.5397762654014
b0492	188.151891925881	210.097307420276	129.76163716208	204.984222091969
b0493	40.7057720273071	86.4524701908294	38.4185876963612	87.9794539998038
b0494	33.9267122931716	95.9034319310584	27.1895226426088	138.606912008093
b0495	33.6730027088831	17.3577913853811	38.6009428686431	27.8303310660792
b0496	14.3134902640601	8.50983672280781	21.8497287843739	13.1949188698388
b0497	7.39130397199956	6.40076483238523	8.28046340343253	12.4509867044691
b0498	2.16179355770514	2.06275777231565	6.60001188421051	14.1311437120446
b0499	1.12194349197355	1.42739356396526	3.80591402605669	13.0380172645588
b0501	1.0830981979541	0.516739727077038	0.551121155300674	2.94998417613966
b4632	0	0	2.81875507554824	18.1055278810572
b0502	22.8731705460415	25.2355124242165	22.5500406043859	28.8130981332953
b0503	14.327064701613	11.1219377970334	19.0285274141119	16.9315621463037
b0504	6.59731820361148	1.09479700537142	6.42201803620052	4.3750142884108
b0505	8.80830170096007	3.15179137881771	6.72299347211505	2.99884519769063
b0506	301.745052249387	157.641712548256	128.004642254308	192.06059967945
b0507	6.11780298064367	3.27471477995566	3.0370425056412	3.25127324463429
b0508	3.07992981773435	1.30614777860914	2.08957905214387	0.745658805912265
b0509	1.21001414151414	2.88645285545876	1.84710230206574	1.31826369099848
b0511	0.182749558486414	0.871887305824142	1.11587829794899	0.398197176765519
b0512	4.88070131420213	2.79426438320292	13.7088352572919	6.59349620338059
b0513	1.83802263316405	1.94868821808622	4.57235846356212	4.00490939304491
b0514	3.71239940799626	2.43535014480199	9.4450431850831	2.02225791341651
b0515	7.78080658364865	50.3564836325608	23.755004606147	36.8560363990986
b0516	4.51772876986438	12.3164663104284	8.31943245598703	11.0156609761772
b0517	1.26619336951301	1.44982403425615	1.80400324835087	1.10357503275015
b0518	0.797064171456032	1.2168786858265	1.29784406356178	0.694696513421858
b4572	3.58754788028686	2.61773783962915	1.71809833176274	2.06920318640653
b0520	1.62929293871159	1.86558239702078	3.31618244182146	1.06503105182689
b0521	3.27170769974838	2.27041795073669	3.63222130540444	4.53650810442596
b0522	206.396632676517	260.608585183823	35.7253452271732	61.5723569887637
b0523	266.943355078507	328.342501875656	20.6929784369659	80.6583516583567
b0524	61.0504852852331	110.541562777829	86.8316916218677	59.2999861996451
b0525	961.002397964329	1868.80853546896	584.934386586495	617.416789156051
b0526	90.5520106682032	159.627090640323	118.314498755479	76.2888043473116
b0527	4.07510509728325	3.40236483134823	4.14713390425488	9.98925676196258
b0528	107.358930767159	165.572627386295	104.174835468149	174.085075588756
b0529	157.945574293924	320.148571347565	184.457771587434	284.676535264788
b0530	2.44844021729035	0.934509046021456	2.4917171938548	1.60048865246914
b0531	0.383694960458488	0.732234360735427	0	1.67208338295478
b0532	1.22534842210936	1.7538193962776	2.49401370739752	4.56114680874559
b0533	0.270224194713143	0.77353416461837	0.275000495175438	0.883196482002789
b0534	1.54593376510309	1.47511166276061	2.09767819575683	5.05270545517875
b0535	0.420064151023274	5.61148322895349	2.56493352846096	4.11879307246798
b0537	50.9414394280879	56.8906467050253	63.233103550443	98.8026744849443
b4633	4.79100193869788	3.42863791884899	2.43784222750118	1.30490291034646
b0539	5.03599635601765	0	7.17501291957733	9.87574248057664
b0542	40.0280484555726	24.5534715478863	75.6517491243914	52.9538019747049
b0540	0.886335358659107	0	0	15.4500504585021
b0541	1.22676174208873	0	0.312111288642019	116.610458694145
b0543	30.3430122784199	44.9532527137979	37.3802474883514	31.3176698483151
b4733	0	0	0	0
b0544	1.04479610058048	1.32924272950793	1.94931588721607	1.32797584982214
b0545	7.70726398834006	14.2487235250717	26.9620050704614	25.1902996606013
b0546	20.6589444499491	47.6915800742153	30.1797535908323	48.2814076828191
b4588	10.4274748077542	9.9497727841108	2.65294595345717	5.68016560974343
b0547	0.583115367538886	0	1.1868442423361	3.81169008022256
b0548	0	0	1.58245898978147	0
b0549	0	0	0.929898581624161	0.995492941913797
b0550	0.732508560875295	2.79580392280799	1.49091177549659	3.19215918564094
b4509	1.88581991204065	0	0	2.05452798650294
b0551	4.84714649266699	3.30363549472429	1.40937753777412	6.78957295539644
b0553	16247.4440228683	19632.6171811168	18699.4267742853	3486.25060992494
b0552	167.331749127383	157.420667632974	241.331997972602	109.09604213876
b0554	4.92408532588393	7.04775572207848	16.2861404365009	60.3517596035239
b0555	4.80543266742889	10.6990026624324	17.9313575890298	31.9937038862055
b0556	1.15108488137546	2.19670308220628	7.02858408448392	10.6595315663367
b4510	0	0	0	0
b0557	56.9787016280855	489.315611561449	109.528768649874	30.5453803707631
b0558	0	0	5.92555811502112	16.2112755723334
b0559	6.42271999028339	17.159753062452	19.6087309603356	79.7692822585708
b4589	0	2.60224826661359	16.652337677085	40.1107079211113
b0560	0	0	0	2.12225967836568
b4634	0.860519765688454	0	3.50291892883665	8.43752755622082
b0561	0	0	0.959576195931315	5.64995196288309
b0562	8.52505764817156	8.90922402729921	5.37069669356367	8.84544873578366
b0563	4.28871947738278	0	4.36452398794566	7.78732381980954
b0564	14.5358998820094	77.4689308970867	34.6368623683367	37.8526236233302
b0565	1287.137322732	3410.31591034764	1076.72898282074	130.268703747984
b0566	7.3279695007249	5.32743739621681	4.97166249545516	12.5455626262443
b0567	8.95288241069805	11.6750700850593	9.1111275169236	6.50254648926857
b0568	10.7326178646915	9.30218414175445	14.2900358219519	6.23614549283638
b0569	9.38612511180556	5.10159261383697	11.9702628409341	7.37812396225386
b0570	44.0403639749536	17.231103387036	29.8166857055913	17.8671321570516
b0571	110.403176254029	28.5619574000023	55.3860646423513	25.8347883215085
b0572	191.394251029226	2.40054561712717	145.54131010167	3.58420930396474
b0573	208.408584333358	9.14303445026398	663.093085880321	10.4392232827717
b0574	73.2095627127743	4.9748863920554	309.952518895579	6.39018631096136
b0575	29.8546165655214	4.11567414304583	149.67374279018	4.23844418589634
b0576	41.1305950750305	38.6935608270976	110.048128439705	20.616897398328
b0577	22.7975681193568	46.1492466032255	22.7668679178896	39.9250101992543
b0578	228.089053306312	331.697127103327	141.092914607259	157.689735184253
b0579	40.3534797438293	56.3820457766279	34.4667287286549	55.7395113086205
b0580	54.4615702308608	34.6443895735906	35.8627151780595	26.7583705230082
b0581	81.2672098287975	32.1967178295489	57.3121675414419	48.4108484540868
b4415	17.3791246795903	1.65829546401847	3.53726127127622	7.57355414632457
b0582	54.9480141486778	35.1058020873343	47.652915994174	48.1512691176363
b0583	64.6553812355194	11.439835374968	5.22899492275615	10.2627146765413
b0584	345.27923610415	42.7960106497296	6.27899390322927	17.4511112106575
b0585	185.445228407728	29.3158517317379	1.12469030445815	19.5052070938072
b4511	185.766177910744	25.4877741182016	1.23561866325402	14.5505612194797
b0586	231.789710487049	46.5347951232137	5.36739760908104	25.8197327020949
b0587	0.937921014454082	0.894953107565522	0.23862476830038	2.29911465156282
b0588	52.7890912142557	32.6476919478636	6.96398312782506	34.4360040090695
b0589	31.8652289064755	25.2952682713874	5.17765282759314	23.3384448013627
b0590	44.4490567924567	32.8193997804252	6.46210118812253	45.254811977329
b0591	52.4999600932373	30.4219671456625	4.32614687853926	19.9146333847599
b0592	120.308216394794	42.6842133387324	13.0069199724358	39.3516175471253
b0593	630.157307291564	69.2549873506284	4.3719466477891	15.7653576107165
b0594	435.410181777044	52.6022438251221	2.85549862401907	11.3285984507173
b0595	523.743621025836	49.0878650293019	3.46923701605937	18.9074044072579
b0596	461.677494048539	42.4563597715571	7.24499296526455	24.0437532235726
b0597	500.329887243076	44.7379276271069	5.88261928810067	27.2894912989847
b0598	253.274747787773	55.6591990359019	476.44188353882	28.8863122888662
b4512	244.413689812057	29.4724330196009	433.234113429717	46.8183347227337
b0599	41.0204794090165	27.4920719076119	17.642456010043	26.0693000160676
b0600	32.5218658732799	32.9987942336078	15.8491241457183	13.2243648950357
b0601	3.37651565203469	10.4709513585166	12.4562129052798	14.2545108396895
b0602	1.52440970776751	4.77931346263799	1.55135414477348	3.08431596990982
b0603	2.94463574305351	5.05752570089353	1.19867325471819	3.84968034680286
b0604	43.4268729945426	68.2698265126639	35.1382158815331	53.1289385746685
b0605	3947.96398585711	4720.34685904912	1556.91237789856	2786.45358169462
b0606	226.847517082101	268.300769557746	170.205287320461	290.05841856958
b0607	158.052808711939	174.46891787523	1273.52537007707	190.424572958811
b0608	36.6981468113093	9.21498326857719	13.1041398185293	17.5356202237842
b4734	2.95445119553036	0	3.00667208058479	25.7500840975035
b0610	221.907319722682	105.562005413905	196.860208487924	217.794963123958
b0611	81.3846965014124	119.156851390383	80.1406647501596	156.510734198581
b0612	2.36113927511647	1.5597492171813	2.21803678075927	5.54048940622515
b0613	0.907510606135605	0.288645285545876	0	3.62522515024581
b0614	0.481703999271254	0	1.47065482202517	1.04959581919172
b0615	1.04070687905179	0.662020106966276	1.05910171136059	2.26761993030853
b0616	0.29251992034954	0.279119038498158	2.08383213505876	9.24198562905449
b0617	0	0	0	0
b0618	0.502173007738871	0	0.255524539426469	8.20647156081912
b0619	15.2263759624982	8.71729640850214	8.97108306141935	22.1762704365932
b0620	16.3991564157192	20.118703559061	15.8943017475848	25.9485979616913
b0621	3.26140716389715	2.74587885275785	114.995445160029	23.8271882071056
b0622	25.1207347641351	4.52262399277764	43.4118428747536	48.5395970287166
b0623	13809.1048879089	6101.34281082795	20385.2367063649	27510.7460976703
b0624	29.082878956002	25.7683568588495	24.6641069110471	73.1765085192728
b4581	38.8052917179431	20.928614707695	28.8457372198236	26.8366200064401
b0627	200.728890049268	175.364745319953	273.253433206088	200.225837743456
b0628	152.493723197871	206.704984594128	257.71474976441	444.428858297751
b0629	2.7872181089909	9.30835661406592	2.83648309489131	20.9523089944309
b0630	79.9358524398167	95.2435025619205	72.9188228889488	119.575448934085
b0631	368.634933260492	274.862473161061	401.800723496331	700.080411400878
b0632	119.786907383137	251.835152484963	116.099218953274	119.986468597897
b0633	110.60879269217	228.323987029319	102.624427213349	151.627561317944
b0634	44.1973157282843	72.947121220435	47.8960431165932	53.617088855314
b0635	34.6705313797253	54.5589670094025	40.1205769743648	40.3614291354797
b0636	82.9518989514293	113.848361664345	88.4655439095139	108.323671083248
b0637	158.871432212481	246.538473749689	160.828591480337	265.092257277366
b0638	18.2480809135699	24.874431960277	15.4755180618335	25.5607452438454
b0639	54.2569775627771	71.1362259798576	80.505752438088	74.001409906377
b0640	66.9904631544674	86.5398842152893	56.3751015109648	69.3343470793973
b0641	206.507001089648	330.009345254438	218.061217390866	255.343939600889
b0642	237.076693494997	356.169508686503	214.552767283542	261.089702870158
b0643	356.185700032573	98.7561298696215	1263.36252330162	185.328633217281
b0644	2.71882011858622	2.85369250096429	3.32025137733289	22.5115765883083
b0645	0.3755658299403	0.716720920889337	1.9110203902022	1.63665788755319
b0646	1.11722944368795	0.710698056007914	1.70546525579389	9.33170064457849
b0647	1.43730058160936	4.57151722513199	1.95027378200094	2.08784465655434
b0648	1.5022633197612	0.716720920889337	1.9110203902022	3.68248024699468
b0649	7.32508560875295	6.81477206184449	5.40455518617513	9.57647755692281
b0650	3.8190392473642	3.49224520519508	7.28726626353584	6.41440604762768
b0651	95.1674183175644	25.4803476105914	190.229829713922	101.205258412063
b0652	29.6665967154495	44.3833872745769	64.8546622341016	47.0843479882038
b0653	21.2720486078186	37.5880305177519	41.6925195174424	26.1792521657953
b0654	24.042295153911	44.512141402601	36.883467223368	35.5757740820773
b0655	291.642360588492	411.421462746285	323.887051849134	191.850874092786
b0656	119.746782969284	124.739039328823	184.125405288909	101.120352374046
b0657	50.7958275722763	68.0870903676822	80.5295797022124	76.0455699955514
b0658	402.329702053451	370.909191926451	418.36867141789	320.00851098988
b0659	221.583839664777	144.207924774837	224.922199874516	233.360137133626
b0660	217.113848662894	217.891421862991	199.896037173173	263.251940449262
b0661	147.598161831443	147.068115194194	160.461341563841	106.727322246232
b0662	87.2769001128611	61.488072881399	102.855797450617	68.4807721215496
b0674	60.5263244922165	132.116847806315	38.6804300096854	97.9547118033412
b0675	104.524010423544	170.493915316576	125.417755712043	162.733350197869
b0676	87.7624446043293	107.430654790602	102.38937355505	134.998137452207
b0677	72.8970334145219	84.352251253284	59.5839192993173	69.5857363992589
b0678	96.9325560780746	130.185510192101	64.1873814956303	59.3119914605419
b0679	44.7947608074248	44.9579486739675	96.4544109672963	26.9304616042843
b0680	186.050575286101	385.988437708644	232.082580058112	352.323785793545
b0681	4.72460212504855	2.70489558629878	10.5778442067482	3.29425382910493
b0682	11.3841238726858	10.8625959753136	9.10276868433927	31.8923059923209
b0683	753.682482832945	775.915334664265	736.130184561967	939.70525020252
b4637	348.421485817718	743.659741708971	267.49013682444	419.548784002429
b0684	400.60355193632	506.960598042391	255.312324131013	469.175261098582
b0685	48.8388871097875	86.2990496581039	63.5082776205154	64.0467652935356
b0686	54.2228690003218	58.37200033345	54.4738235776538	63.9965325364426
b0687	295.120454586494	385.690368087372	178.417903683053	293.932965453646
b0688	227.012036102634	336.127698862127	242.732429759825	286.157812993966
b0689	6.98324828034448	10.7638451028108	6.01334416116957	14.0455004168201
b0691	0.408449474036455	3.50763879255519	4.57235846356212	3.55991946048436
b0692	11.2806318374795	3.26759583478184	11.275020302193	8.77843776051257
b0693	0.967351005357825	1.15379356978093	1.59973002923338	4.34730273815289
b4590	0	0	1.04883909787841	3.3684703034525
b0694	22.7466596470036	19.0850730173099	11.9734728872846	5.55449822899689
b0695	36.542765066504	19.7494651966177	24.3893176592688	15.5363635895552
b0696	27.3789456339724	9.29860964378942	15.5843212553871	8.59459613202016
b0697	3.63358565775329	3.96242781446287	3.03748716779429	3.67589048244011
b0698	1.42957315912759	1.66721103102932	0.48494710977174	1.03830984264127
b4513	0	0	0	0
b0699	29.5445119553036	37.9965960668579	505.905258776658	705.328390496836
b0700	4.88181849905231	4.71866906714268	16.7754236255804	20.0999851726758
b0702	1.62630341038368	0.775899712522402	7.44771983264122	10.630768664107
b0703	2.22510968701031	2.12317327192323	2.64184576118329	8.4845988396586
b0704	6.53089211643553	8.45730686649418	5.69685236321328	11.1809575686529
b4514	0	0	3.1835351441486	6.81619873169212
b0705	0.2503772199602	0.955627894519116	1.0192108747745	8.18328943776596
b0706	1.39580371442379	2.6637186981084	2.48583124772758	5.32235990204306
b0707	64.650343808076	59.6986367046648	57.8342217853662	57.3696726584086
b0708	29.7943598365324	23.4229851905018	49.2000885913874	38.3801464878224
b0709	8.79158554135552	8.90242828052019	11.868442423361	23.2610830536659
b0710	176.552285152258	154.82327892695	88.3816107558996	155.3571102052
b0711	155.00750792988	142.499828024491	117.383773009132	135.805238048478
b0712	130.527843815393	154.733363570263	122.973854871506	99.66772904299
b0713	107.445551641533	118.402296130919	88.7275067046041	90.2566723213517
b0714	29.8802450457047	52.5378153827669	48.1750867457335	29.2614592017086
b0715	3.55550000608238	5.08892390247501	62.5456713611621	22.6881113466543
b0716	5.25792161916419	1.91125578903823	2.54802718693626	23.7315393695213
b0717	3.64747061176587	2.08822391765288	2.96955267218251	4.37115625111943
b0718	0.651717175484638	0.310930399503463	0.663236488364291	3.19509315548068
b0719	1.40688152168112	0.447476553782761	1.43174860980228	1.02182873402792
b0720	2961.56120658502	1764.96880681136	483.877506800655	233.284932448762
b4735	906.031699962643	1811.27322057417	47.6056412759258	29.5053046950561
b0721	1656.76532426279	1505.40062223596	301.823620397165	29.7116354971195
b0722	668.571930023033	792.507979644757	198.284839797186	13.3190090159501
b0723	970.153490199536	852.766476742087	328.79414042524	25.4112672014838
b0724	1036.1594109178	1058.75573826572	428.733826386316	52.1196785864742
b0726	1260.98760662336	598.168834690156	285.472890906059	53.86426852837
b0727	1917.19140880401	1062.99598373694	623.4030929646	126.768425098239
b0728	2532.77733852304	957.697602748249	544.911006892616	109.967422125907
b0729	2740.91568843271	1039.08221949375	677.123288217215	134.521991061096
b0730	20.5953444335726	20.7046101710853	16.4680794455266	39.6668826605734
b0731	0.53798807809354	0	0.821245788323614	1.318763791033
b0732	10.5996825352171	6.16477949266091	12.3280404215322	18.256750968902
b0733	159.980990167151	307.567832888565	1909.89789409537	2285.38150783149
b0734	156.041672353406	251.048477510669	2385.55692709556	2043.06588299929
b4515	160.939841440733	169.146137329884	2819.94191979057	1745.75405674193
b0735	108.530860243972	133.763526970061	1058.47129367526	1348.92341056693
b0736	172.671258760996	198.590094568789	128.284675438284	195.271471072735
b0737	100.528079640124	137.66005981826	135.105005179524	96.1447945198996
b0738	96.0713150994137	92.2615294526638	143.184873208269	78.3306754014968
b0739	100.395332094562	73.5505123223546	108.15469711677	94.7322406667636
b0740	429.800672760449	798.832859709926	415.213740687718	300.890628853949
b0741	949.499487666997	2912.42429563409	1203.18722397195	793.035995158029
b0742	329.018428593153	747.702811605963	297.933869803402	240.675501934053
b0750	82.0114900828254	228.93054793786	20.4764736522585	77.41673990521
b0751	75.3385054860241	113.468867125464	55.9992675008917	86.9065338290745
b0752	25.9690614638974	32.5902589441336	25.8535497375125	44.2835841167259
b0753	323.128559889108	127.858497509203	58.9497124461112	37.2565193143014
b0754	275.496261053301	1548.81961646224	649.646753822081	2064.13334384155
b0755	2186.88242078719	1107.87350506107	570.309393452756	735.570131390838
b0756	216.602992548393	303.19566979593	278.398772187865	194.795304772181
b0757	83.0794761771852	115.266688885378	263.064181254298	118.245327432074
b0758	36.31689291927	45.5579854126334	195.907516081656	71.937914025977
b0759	53.8599067503764	90.810020631383	273.527336180634	126.471651983314
b0760	66.9715719068287	151.749233184957	25.7189872473648	34.4164820549627
b0761	37.0710606283277	62.3846970380179	69.6221785960508	72.3303217757823
b0762	437.849667177599	866.028223129004	535.788964760209	917.346745973564
b0763	30.2315936286827	474.985955408917	45.449694241398	18.7137239080694
b0764	19.2681599708502	141.567962765229	38.4331126822577	26.8696529713081
b0765	19.584747301816	51.7500930074432	27.8521747974851	16.9600412256928
b0766	39.9337908846411	40.5826813007596	34.0315631099157	28.6505056579366
b0767	284.321432822876	199.714716365405	118.99900945447	107.033482092033
b0768	1.67233086539454	3.72334264562637	3.40377971386957	6.98410299814365
b0769	0	0.240948913575333	0.256980519708101	0.550215472168879
b0770	0.741703229003437	0.884655529968011	0.377406537311898	3.03021387130664
b0771	1.6457155200567	2.35548334477955	2.51220611507747	8.06824584620055
b0772	138.127496314398	151.954882718085	82.8239809114361	52.3424606654862
b0773	238.028426507823	74.9987590047597	56.1623652788479	128.750420487518
b0774	115.635845629711	19.2747923934053	7.97117714387595	156.072457393299
b0775	135.887726457246	38.9962276264861	4.93891379231507	228.188785590269
b0776	99.6839507271152	28.9964806851229	8.90287317367963	176.070380225138
b0777	61.1993461931288	30.8758822110105	3.5793715245057	116.871661454443
b0778	68.2399789410109	26.5694153770392	5.98673644364228	169.198561437136
b0779	121.377972706581	57.2185746457173	103.582975832609	134.815444004548
b0780	52.9461055832668	28.1910228883139	47.6304488013432	33.7810509199923
b0781	186.399011790733	83.2916585336548	159.626954096501	189.321641035054
b0782	304.774965433658	92.4863382476264	185.675188134359	73.4103274709531
b0783	194.774930668298	72.5657811384377	118.039718719255	60.7988096746612
b0784	109.17057466411	30.9413665847348	85.8001544947366	24.7295014960781
b0785	177.267071731821	41.446404511296	100.35514759038	51.7985963219649
b0786	184.810351379984	175.983959902794	290.943502606375	252.706942339862
b0787	3.35168833106385	11.7265179241306	13.2647297672858	12.9832356794136
b0788	13.3367075911088	11.6652508503368	9.33105128457348	9.98925676196258
b0789	23.7640639640485	30.4381334083969	16.340609133613	14.92758498406
b0790	38.3846021466542	41.6206046579438	23.7929562282497	26.2316309457836
b0791	159.799148604963	22.223580087138	94.1505344942244	52.8628551271743
b0792	15.132554903936	18.3356246428058	16.3778072682261	19.1032127959122
b0793	7.73784836924617	18.1228004282018	13.3629870248213	23.5020608826421
b0794	25.1051811433668	38.4157462156817	25.8604956153925	47.0305940122798
b0795	23.6888429191173	46.4770917888419	37.6511188469627	66.9850160644518
b0796	32.0505196657981	50.9703762043176	24.5634370869204	69.8356075412206
b0797	17.7267071731821	65.7997061700866	74.5390353164756	69.8223434182308
b0798	15.9650468329901	11.5565683889983	78.4349238413423	28.7889138978301
b0799	13.227040917228	18.6367431646594	65.1655287758544	48.8874504570805
b0800	80.9022617093827	120.668116662129	123.357854521189	165.149487961793
b0801	99.6515168437173	378.943418161701	123.838344534583	150.445933332099
b0802	61.1265764592488	84.5730686649418	21.7724529973381	103.222319873613
b0803	121.49765590608	38.0103679392997	48.6472786072145	37.9741408741274
b0804	85.4960655697723	20.9561586072422	3.99115762909485	26.917952955908
b0805	181.343515562711	65.2357310201325	2.96321164315189	9.77048197523541
b0806	125.30948174146	17.4978762755052	77.758760704779	37.7371922118586
b0807	30.405031720992	38.3178951879995	49.9165947359222	19.062562256647
b0808	20.9041358174318	9.2323700294613	11.1838476312857	13.4042722138285
b0809	155.200631267279	176.866500444526	281.080174172511	130.219564289761
b0810	131.33878496494	182.216520669011	189.830341815103	94.8071278135358
b0811	502.968619190891	475.51122944144	696.243823961923	258.276445917731
b0812	10642.8828513275	2544.23981567033	2973.38392540688	2161.16777246905
b0813	10.4803167409016	11.1430732362592	14.0175928081318	10.4392232827717
b4736	298.130984276245	1583.82292227073	123.000221478469	118.50890976692
b0814	1014.64786116266	3387.83978547354	997.970401631311	2200.73393158897
b0815	11.2470585284394	13.9353351777461	49.5417558732721	14.9964978408756
b4705	401.942778926804	477.936178734439	883.122520413625	1001.55850355988
b0817	106.246610300803	63.9719365542509	82.6834822160816	93.4678533346883
b0818	17.821756541403	16.5518338137822	29.7442894835331	27.1825619661984
b0819	218.263690927129	366.391470111963	205.668122776158	249.427728289743
b0820	79.2861196540633	126.939238655289	98.3538494157397	130.205227498676
b0821	14.7022452858146	31.0635678745639	7.05356720326763	9.38169533173263
b0822	41.0581820555322	78.665391074376	20.2287128951109	35.8560454115054
b0823	5.46445967114123	1.66851923383362	5.78348760260452	9.16810947367959
b0824	1.18178047821214	0.563820457766279	3.00667208058479	2.25313235853156
b0825	12.0317017012548	4.59220282343576	9.38734721992535	17.9143684614985
b0826	41.4804947852462	28.4165510714204	45.1000812087718	56.3926841735328
b0827	42.1654685187342	35.5124778617353	36.5617163197325	52.7345472263801
b0828	276.910984723932	212.220619507059	55.1845714169444	291.18786869576
b0829	127.410707807247	118.320975872587	52.7613129525696	166.818453468202
b0830	98.1361566702481	92.4863382476264	89.6726760876165	131.762126229916
b0831	45.3272479835439	41.5978285615838	59.3499440011199	59.1329292792834
b0832	18.6596917612444	15.5792494909103	22.8467516649699	24.7759855214467
b0833	7.47102601168596	27.2189186507859	6.68149351241064	6.41285619286487
b0834	4.00151403457836	28.2546595088293	4.47946630516018	8.50101534821646
b0835	48.7283918900821	88.9739297040677	73.670268399849	42.6012420730757
b0836	1022.05546045378	44.2687156293055	6729.77774287142	469.234930917399
b0837	47.1759142512105	9.32122530984574	120.509356778277	22.3236616167873
b0838	120.439828640759	93.8801527763947	87.1791043461426	109.961483526421
b0839	131.513600599045	109.249001417556	115.618163298298	101.860525934327
b0840	65.8620740821787	80.5616978191738	82.7131924145064	113.356348472706
b0841	48.9934117851768	40.7990683006755	98.8122382262538	38.3339819793237
b0842	20.9183770778427	21.1947106386594	31.6029766134459	17.6209517090581
b0843	15.8607379970577	22.2560707013005	26.5853110283286	33.5428727059586
b0844	27.3721213703548	56.5893327096302	32.1669696856681	35.1460247102875
b0845	12.7561912660616	14.4802524513176	12.534017606408	12.9389380390682
b0846	25.2531303305109	17.4815840257142	27.7151337037145	11.3285984507173
b0847	33.592425515016	63.5050444423584	109.299485064675	120.617609228965
b0848	7.03440760840561	6.04093347606727	38.6572124646616	257.500840975035
b0849	52.5617480135052	53.1040198593821	53.4907939917991	43.7901139448825
b0850	36.9306399441295	22.9052060967551	30.0667208058479	29.1700171417032
b0851	45.2362029523113	63.1666073016163	26.5734918325543	36.0608024187031
b0852	30.9186753020619	38.4933900568008	43.1522371698548	34.9679298167926
b0853	116.50571695582	92.5516600484269	110.622840700761	121.462660837281
b0854	129.725094272748	185.787199358295	43.7628820354659	12.7535793879145
b0855	46.6615704690906	57.5007371610848	23.862476830038	4.85368648663261
b0856	20.3466921956336	15.9571827669702	12.4805256175218	2.73290986883882
b0857	30.4874219113239	22.4928374108888	22.7099699703745	9.58779727034707
b0858	26.6444371621449	26.9803654636624	21.0282587231083	21.326756767871
b0859	23.3370214115031	13.2707740724244	25.188875143197	19.7748318700908
b0860	49.7655508755318	403.801741781382	148.608464310871	193.521379974578
b0861	113.276043595446	64.8519943574217	143.592186808197	59.3233439690244
b0862	110.14292950701	81.388308757057	133.979320745724	42.0189656821188
b0863	236.113927511647	237.081881011558	340.838318643341	96.9585646089401
b0864	182.73827764947	150.352122071008	124.721212231665	102.523482980801
b0865	272.599653913179	221.758453301679	180.400324835087	81.4046990001021
b0866	152.646645102402	86.1392366031815	230.511526178167	199.384331727198
b0867	77.1143759699801	85.4890224771975	105.830515471847	83.6645331687841
b0868	56.3793201513929	40.7852372555784	30.6894043728329	38.8536771885408
b0869	49.0550387182399	52.4814011002574	31.3904129167971	27.7339742245125
b0870	145.688057456242	130.657794703922	81.5582306889167	63.3151394163916
b0871	235.737362407763	97.4140057920796	47.2252159254155	49.3767973859198
b0872	2.74407231783005	1.83285288128357	6.14366431326923	3.28851693195672
b0873	0.643437646939461	0.920940856605537	4.58367431522908	3.32975225398753
b0874	28.0672863575384	71.8871083652005	21.9487061882689	15.1281744072833
b0875	21.7763428636074	14.217024473848	32.2698856924833	47.0327505875738
b0876	17.7908182298663	23.0931887312951	35.7212216445607	31.9547833850123
b0877	101.218962408804	176.555862379078	109.275725466571	97.4380070456894
b0878	22.6349083528535	42.2865343324709	37.0984538975381	60.4815483338541
b0879	24.4459212942959	14.0737926283724	25.7119107045386	40.6188730274565
b0880	8025.47122753866	632.606553613765	5088.4918291817	3014.04734361279
b0881	290.751131672287	198.391030232714	241.095761228201	532.449168838566
b0882	412.338623376193	350.660668100885	615.714152154537	501.007071027515
b0884	1010.17947726627	1682.19309180131	1049.04024510266	1332.03774072874
b0885	73.5469765695855	81.3341000777738	62.1805374963492	56.7049724274812
b0886	40.1475946430954	63.6508112600259	103.871615606265	77.2166067122439
b0887	29.7953142639224	37.1891762041085	55.4371117065379	52.2980273372472
b0888	271.405796160832	406.843737149052	125.495878146148	82.7681274562614
b0889	640.310150013125	1107.13835343197	300.667208058479	595.178080162752
b0890	105.893750745062	124.188874513257	140.11544026665	148.692214938968
b0891	99.9299669076444	124.78673366739	187.03268971873	223.89319445072
b0892	57.1765443420719	68.5268391191381	114.360920207957	118.979183218376
b0893	339.110674345445	694.244818878339	686.023509059647	1168.61170521385
b0894	3.80634816602071	8.40542154829483	154.502364091891	37.2033423617306
b0895	2.15129941422113	7.38987978625705	156.75562206544	35.6251163484879
b0896	8.61714932029688	7.63506869891836	176.328789725962	40.5697939557022
b0897	1140.36161695423	183.713747243462	168.316092549483	21.253059841241
b0898	91.4105657102735	50.5671872696388	42.8627403655168	43.3650241328715
b0899	3.71629081198787	3.01413452264992	6.80755942773914	8.7048240266718
b0900	12.5783565750302	20.9339278873618	8.33532854023505	14.9783905022607
b0901	2.24958212857641	2.14652458540461	3.20508191331373	3.92133260368074
b0902	64.5912407119997	118.128375260749	331.951205010312	327.218933040645
b0903	1437.0046853004	1159.79572219098	2538.40562198964	12688.9376301759
b0904	180.056238944385	125.676762876225	587.247211263868	2156.45699909207
b0905	34.5776485746057	108.777967362915	82.0560250953463	49.5151744890241
b0906	41.4390557295167	12.4479841325023	28.8952901251006	32.1876051218794
b0907	688.313877702486	2381.09300759147	284.764149119848	1065.11711494219
b0908	144.547215033658	542.808924351858	64.6996492107147	257.200022235579
b0909	7.99439735261155	12.934704619344	6.01334416116957	10.2242980975382
b0910	404.682065071987	468.490288262375	282.864544423437	283.759150416569
b0911	2036.50638590832	2725.58690645457	2662.84457975662	1612.66823726234
b0912	1060.80347662674	1060.27920820996	894.405821024485	1292.92527521149
b0913	4.22623482274541	3.92060583214962	16.845328345528	13.8129590191906
b0914	91.0660171246664	111.120018177265	123.000221478469	119.088617920916
b0915	56.8440002057968	50.1268948014093	73.2019555181889	67.5059195565253
b0916	12.2922422003818	8.84827725691605	20.4102557295172	19.2655738685702
b0917	136.582825760584	135.871487363349	90.2001624175436	182.044651918826
b0918	137.39977849093	146.049877614157	125.338378299077	181.10375411949
b0919	19.9276741711947	20.4337615566302	877.181445255173	70.6399119117757
b0920	16.7040125285755	20.4927050995821	15.2646428706612	26.7404719474075
b0921	98.4441180800764	85.218664608949	93.6429167082896	102.091220825503
b0922	52.6575655257792	39.6975628427278	53.7928406254285	49.0477792333401
b0923	89.0106998483189	101.847567796504	76.3822651961327	94.5082873791354
b0924	89.0507751067052	106.526804041315	121.378967718564	89.3546966665221
b0925	77.8421151030157	83.4747171238387	132.810953429727	123.838675550088
b0926	639.323865262307	713.094234699482	417.483811845134	956.13017181714
b0927	387.361378969536	285.825648728739	373.74604335047	768.032022213734
b0928	457.456209040935	650.381810161379	536.429681279145	653.319199174067
b0929	1550.96479289329	9980.78702076431	10782.5224456872	3208.11998156914
b0930	417.355771668389	807.881069195515	388.807124082474	551.462587966076
b0931	205.78010446674	346.939396393589	143.735420909752	305.099967751281
b0932	109.596232063818	107.876784485362	72.6986383663784	118.292220430696
b0933	8.65561873690534	3.63399904419672	7.0468876888706	10.5615579306167
b0934	1.67866545200588	0.640705065643498	1.70833640942317	0.365768240021357
b0935	2.0882246669979	2.21395467709272	2.83351295552493	1.26391119588532
b0936	2.21583839664777	1.32145419788972	2.53687956799341	1.5087939900881
b0937	1.84653199720647	1.76193893051962	0.469792512591373	7.54396995044049
b0938	1.96963413035357	2.34925190735949	5.01112013430798	10.1927416219285
b0939	0.757551588597528	0.722846740725999	1.15641233868646	4.53927764539325
b0940	2.8624440648737	2.24357621602498	2.39285321292215	6.79392357243822
b0941	6.95164987183614	6.39628250407123	6.82186102317557	14.3356560626858
b0942	4.8968804345807	4.20529070709655	2.99006063262575	7.468947044856
b0943	1.54593376510309	5.90044665104245	9.96397142984493	11.2282343448417
b0944	6.73166095184132	3.21163551892184	15.2236561042268	48.8925647420953
b0945	58.913685560724	183.70173965204	54.8695350017699	26.9344351464985
b0946	77.8603989098332	91.5818865101027	165.948365110729	193.125630731277
b0947	41.9212669636064	84.5730686649418	43.6373758722711	121.61695124429
b0948	60.0136032321102	62.9185133880008	70.0558871692444	32.6912518592061
b0949	81.804851498883	81.7805616807221	84.2435479182719	59.5167038102676
b0950	30.7460830156867	21.2444311239686	30.2105807140098	28.1834054416456
b0951	37.7543214931576	29.6856109390655	47.656027310183	32.4818245471251
b0952	46.6740428230062	32.3896858716798	59.4937241477416	42.1178237233103
b0953	111439.261192552	640.338948463131	25977.6467762526	16772.6161618136
b0954	1299.7877485076	458.552245131303	881.146095292767	819.946680763715
b0955	112.94358573714	96.6755180139284	139.064986350727	173.385361831998
b0956	70.4372470457569	73.3713377159429	91.9922186245147	111.910547609183
b0957	4534.35887231022	11779.2980074255	9688.58920353512	5317.35526226691
b0958	62.0434751061375	59.6986367046648	60.4871677388234	109.627196268048
b0959	27.4341896727819	20.9419027170332	51.9724745358228	36.7858344250051
b0960	20.244985908091	35.8080959249893	36.5574474422078	28.9150491693764
b0961	39.2604923969806	48.8139859408389	46.0081365351229	44.0689358715665
b0962	56.0267460291085	45.4348748448155	60.5723718424381	73.4441267233541
b0963	225.349316678688	273.065986408374	538.253256779198	518.15732951104
b0964	26.0686870193855	21.4302798427002	22.8561497528617	32.3332503939241
b0965	191.397055710445	89.4758552542138	224.846781678515	206.420511107705
b0966	882.990696928318	232.974868397764	537.797194791392	671.38485777807
b0967	86.6242113752477	97.7809534438496	98.606726673083	59.3484306025585
b0968	58.1359751378554	47.2881674255589	56.2538647335218	97.6011252082796
b0969	82.1874605302081	92.2615294526638	112.340202283668	89.5400651572282
b0970	589.413013508306	660.438781665318	354.650638596251	357.721338740887
b0972	2.85148104662447	1.36042469702319	8.22199871902543	3.10657851042268
b0973	3.85363199417003	2.40425111589299	9.35185630416004	2.26066791825909
b0974	8.26244825868659	1.43344184177868	11.4661223412132	3.27331577510638
b0975	11.7575098597637	3.88345723461468	22.0898356940923	3.94133940267911
b0976	6.66417562901584	4.45121414026009	7.46016380896977	5.08225344029675
b0977	7.12787176544037	3.25281033326699	12.9307925144031	5.40211554493081
b0978	48.1891068785534	20.6916634015197	11.3844865187191	12.562541028151
b0979	44.4336987190581	19.8601665202634	15.9456751503309	13.5035071619494
b4592	48.6054874103381	19.0971445372449	29.0968265863044	15.5746476396191
b0980	47.8989547173744	25.1961336207332	21.6647041372391	16.0566344256951
b0981	24.2614492947954	16.7517495017216	18.8589060350298	24.970851841458
b0982	6.54341539949676	9.08167180294677	4.23759152297185	8.42494362250535
b0983	3.26544605821776	8.01218545246817	2.61105733313942	5.33636611231159
b0984	1.77520672692811	2.54082180538452	3.09700128472253	5.38762489164506
b0985	0.711915950730207	3.05685790355211	2.53574753784259	2.71461729943561
b0986	2.06124502013746	4.32699421076446	1.67814255660546	8.084328728286
b0987	7.82060610581565	14.9246591761662	30.0667208058479	32.1876051218794
b4516	0.963407998542508	0.919272485488498	0	44.0830244060523
b0988	0.527580570630421	0.503411123005606	1.07381145735171	785.722432171593
b0989	0	4.76467992478545	21.5972219872992	23.1206741016317
b0990	14.980315920999	38.1174393982836	196.915847531257	522.255226766269
b4723	4.22064456504337	5.36971864539313	71.587430490114	165.536254912523
b0991	6.90650928825278	29.6554916097848	9.37144544597856	1.25406253721608
b4517	29.0351238181432	99.1546322278628	20.2172777832425	51.6111599368067
b0992	1.23789854561328	2.59861384166022	4.78715945791433	8.90104163984934
b0993	3.87469009249883	3.88204249609569	9.95652066029716	10.6588462862617
b0994	7.49379749303618	5.4245116927951	34.9755731823128	11.5424939649888
b0995	31.0792917971375	20.502562100592	22.2571829341991	19.6469797497186
b0996	0.680052704853535	1.08149704175117	0.922763809898144	2.46963722162758
b0997	3.02752949365302	2.58998796853768	6.05584129305063	4.20827346116445
b0998	7.97701822793196	4.6515187765718	8.11801461757893	18.3469349194713
b0999	498.780878304243	140.12596670956	198.086631191468	132.53719756068
b1000	536.131843983701	204.407872799306	214.18865929117	175.511566690639
b1001	1.69228708097204	4.03690065226453	3.01384790893941	0.691380539610775
b1002	177.052981065479	40.4479893614939	796.768101354969	258.667058551915
b1003	836.187437050763	418.414129184449	1050.35715446745	224.889714733131
b1004	698.378815265065	450.489712486625	794.577310140472	156.247369586611
b4518	1763.50173084933	55.4099415390998	63.7621837779188	66.5950450797506
b1006	6.6024981570543	4.39092681556131	5.90475103862024	9.37291435828995
b1007	2.68586472320942	2.0502562100592	2.73333825507708	7.02275020841006
b1008	0.899832851430566	1.71721966832369	1.83147537903642	4.41149917914084
b1009	1.99176485091934	0.633506132321662	0.675656647322424	2.169950907093
b1010	4.80957171365407	0	1.39845213050455	3.74274478161389
b1011	0.383694960458488	1.09835154110314	0.78095378716488	1.67208338295478
b1012	0.925676614787579	1.32490446994687	1.64856693713526	1.26061116665324
b1013	34.954070482331	11.9116998119636	18.6328974008071	13.1470499793592
b1014	23.8190047179397	20.1029095842481	22.4646884446418	4.82448585475558
b4737	2.16179355770514	0	6.60001188421051	4.71038123734821
b1015	55.8585106749378	71.9627701562527	30.8437931129573	27.4522516844658
b4490	169.791954249154	113.715114012139	15.6491848049714	19.1962223317233
b1018	88.8692633549158	172.520062941517	10.0755500572788	15.4089598987721
b1019	49.9608846036619	98.3361388014536	10.4240753737256	17.0806866802426
b1020	226.202770407085	198.448918867314	16.2614377316135	7.88822998761552
b1021	5.13817599222671	4.28993826561299	11.1116142108568	16.0938025609397
b1022	1.80475525518823	5.35756996067505	6.12218296951654	13.7634782082245
b1023	1.44869077938338	5.90629157095433	9.51591609456998	15.0655209708648
b1024	7.3495629987822	6.69885692395579	23.2198437906548	33.7013786300866
b1025	6.84806568500414	29.6845870148471	14.9338017247589	36.2377011305927
b1026	23.9218539707302	25.1670723362803	21.8477902049414	24.7254267718243
b1027	64.7024811821148	51.5895718856145	55.0220990747016	84.0096493681053
b1028	0	0	0	0
b1029	1.61641706746342	2.57060998981586	0.822493882226842	1.76102398843109
b1033	64.2805515704848	178.062786741842	49.8550418473963	85.1480416642689
b1034	99.0822047281522	219.683702751617	92.0334990520465	136.601055883098
b1035	82.4052333456035	162.746013214699	110.678037128554	122.138912408429
b1036	36.2100420915611	58.7885965109961	44.0000792280701	44.1598241001395
b1037	38.5779058984719	86.094167022225	12.6539796197273	39.9450495217568
b1038	35.7084748812302	164.887061929491	3.24461015890445	11.1151442147497
b1039	53.1801215195464	153.532647730202	2.7753896128475	12.6274450862758
b1040	150.309406445415	301.267198516129	16.6267580493168	53.3987919072654
b1041	3.49869220523332	3.33841060519507	2.96711060584025	1.90584504011128
b1042	12.2454227183166	11.6844371181828	21.9566184832179	22.8701404813354
b1043	1.59700064623263	12.190712600352	3.2504563033349	1.73987054712862
b1044	5.11347322303331	18.7036594162852	3.46923701605937	18.5697721856997
b1045	49.2961800602537	48.9383487218483	71.9574329398382	124.229689431074
b1046	31.6014083572551	16.4150259856005	28.5443551954252	46.2442174852318
b1047	4.59241118476221	30.6741699821033	16.5912215845741	11.0071603007463
b1048	135.893214169414	307.733646333568	238.360976076048	148.427608774917
b1049	75.7774923381902	151.593236286216	152.319142195663	82.4427810433044
b1050	13.9947688209333	15.5792494909103	14.2421309080332	78.7749283245997
b1051	644.543072816903	201.622195697221	182.565128733108	48.6676589442817
b1053	5.41769779131484	3.308481903763	20.5100613810062	16.2905483135184
b1054	34.356321720011	39.6694524030997	48.7727262583461	70.7707930204189
b1055	114.137772682027	101.19854370164	38.2900974365071	31.912497385795
b1056	61.8588219064169	139.63366024368	25.8385881925255	20.1172532011746
b1057	9.37921014454082	20.583921474007	3.81799629280608	7.66371550520939
b1058	3.77163982408131	19.7936969215821	0	2.05452798650294
b1059	73.9008837916843	202.023067507944	47.8810513637363	68.344727229299
b1060	369.132608194499	93.5278641706415	1041.01599213659	841.800543363976
b1061	83.2290519716479	215.558187206986	63.8001148807016	122.469912171053
b1062	216.123607512579	590.799832106384	53.4998098006634	68.8943868941087
b1063	64.9347294846512	77.3368702764976	127.823759575663	162.65928791538
b1064	773.081396163777	317.540549478092	351.196002746084	397.874563312121
b1065	10.1169792799799	14.8999699136746	27.753896128475	56.3083414663151
b1066	96.815093022764	160.038268396736	79.0986039661536	107.457081714582
b1067	76.3233225512009	68.1283053134254	102.310369408788	71.5280113819543
b1068	40.5757420684851	47.229116267435	73.2144175467075	44.5192200711709
b1069	27.0055304591447	33.5319002714515	32.94419994547	29.2328835579569
b1070	15.9412834291206	129.597580040522	27.2547253347974	54.8810245603268
b1071	22.6105958841609	150.160346405101	39.5776222852487	78.8267880535823
b1072	4.83455650177695	33.0603813872045	20.9100376513397	4.82814076828191
b1073	0.637651337164825	170.36301601571	35.6907117479489	2.77878605368743
b1074	0.656544710117857	137.82277856509	33.4074675620532	5.0069607967368
b1075	2.67428772009213	194.299334475922	51.3207820651541	3.32975225398753
b1076	4.83855530781647	194.119326340127	44.7643485943144	4.5525893100425
b1077	3.86892418462309	108.065587738537	30.0667208058479	4.59822930312563
b1078	6.45224973736515	127.021620370334	33.177071234039	7.02947698064034
b1079	1.52160576593838	41.7420725170314	15.0978812630223	4.14432683972697
b1080	2.17951317703059	33.7367978827363	11.3366324349918	2.37449545981078
b1081	2.25817925773021	23.9713474878338	8.61784991250417	4.92039823519176
b1082	7.27830130285763	65.7447577577832	12.5095115761557	5.63870454689859
b1083	12.5424814904591	109.572654999862	20.4226782832174	24.2925321674562
b1084	156.819598768405	336.062476239223	231.955408250764	163.756714193517
b1085	3.31340320994059	5.53281757621115	1.68598434425315	464.764952460783
b1086	80.8781014776435	51.8010045572769	89.9182869099888	39.8321613383258
b1087	229.538131345051	203.409072840296	130.905876739307	156.481280284829
b1088	1658.05838645712	2169.73665816265	1986.99553187612	1823.03935905817
b1089	2689.56936420695	3623.51854538587	4995.222787675	2782.00800820658
b1090	281.790093019072	203.022744666261	370.149125887119	245.870025678894
b1091	296.838728607531	222.602699599234	290.739517226359	220.758386071758
b1092	355.391887359119	498.435472422093	339.850934528035	263.211545109562
b1093	1100.86469240803	1139.14745548697	1212.73197960567	1131.16440856891
b1094	7147.90198736351	8799.88132184585	6525.2395976742	9493.71375879636
b1095	327.34462883811	518.673964590066	651.009867883141	432.899964537741
b1096	32.170690795775	29.1307236512577	27.3941234008836	38.9827662031651
b1097	38.988358885298	41.1704674439306	27.2452103489941	47.2902937421161
b1098	67.5105904025395	62.4417983600972	67.4393737701261	91.1480780554156
b1099	46.036523106473	42.4127627931649	48.1965046947472	60.5319141098031
b1100	160.606632659282	93.475496945462	113.597948909312	154.282693723294
b1101	156.684807126976	941.804277203944	152.472241074007	407.664772819787
b1102	88.7549516684667	19.8109517009658	3.58329412343666	15.3442281950877
b1103	296.922345150801	484.885593679	163.863628391871	339.579234035828
b1104	201.184057600401	351.71657127325	143.890735285129	186.228286776588
b1105	196.31914018898	297.191344093627	131.928274937809	154.771241450532
b1106	41.5771859152818	59.0473788497048	25.9120466581307	36.5183010837323
b1107	68.4188697912293	69.9829778718671	68.3094797255667	79.3396231512993
b1108	216.442115208467	188.770827296334	305.484527966598	224.60190756317
b1109	53.5876320292748	67.2696132369422	155.724878104771	420.214734453226
b1110	14.2798474450634	6.10805495913469	17.5389204700779	80.4690128046986
b1111	59.6491094453048	45.693506292907	44.8863367480667	35.6962066280559
b1112	13.3980926308935	80.6394375642468	9.43955188090573	14.5967046482942
b1113	36.4474353093465	28.454490391943	32.8766947129365	5.41473731022271
b1114	85.0851088425583	89.063022701984	64.8436328606536	93.3692670767834
b1115	1.73305796385859	0.708712865907334	0.503911521885718	8.63131310530845
b1116	67.3614872580921	79.7101172167077	81.1801461757893	105.012061710132
b1117	62.1192302649973	83.1273751834898	117.183116986894	94.0868457408783
b1118	91.8371576441966	71.7342654700229	103.458499543978	108.196889506077
b1119	95.6309202763773	99.3177155045534	142.421309080332	151.832321528866
b1120	63.3096684756505	99.9774490289134	142.387399244837	153.465902991818
b1121	0.674019284151412	5.78827085919754	2.40076477917416	5.50738490678545
b1122	5.17988196618959	9.33598809937669	4.68572272298928	5.64328141747237
b1123	276.059179043682	331.991702209084	289.726023123399	106.523449615389
b1124	52.5111891733886	57.1267143057531	39.483844680887	32.7949184260658
b1125	26.9754239591902	41.6736860088119	36.2761522766208	19.5924552915788
b1126	83.4885812773882	120.0535908753	79.9663709031521	63.6957884997614
b1127	83.4325459862485	78.7832253333565	180.400324835087	122.061064899841
b1128	224.190708366715	173.8948925223	280.24756344702	254.574695054865
b1129	59.1496902595913	88.7409406320026	110.944347614186	89.2264207690703
b1130	155.108687765344	319.036799204803	242.010257200642	303.483134006292
b1131	230.408403957772	428.047063067857	92.7660313703403	78.1799599240398
b1132	161.528406484604	245.419979630509	192.623711330923	101.075096457491
b1133	250.287654125417	233.779214195774	284.778290559453	190.247064419564
b1134	74.2449748487174	41.7373585619193	97.2287465020275	57.6868767119398
b1135	75.6231085828412	61.2960772892698	40.5486968666022	27.9057677432808
b1136	2177.7918668636	5443.30117481624	841.21926053196	473.319891144759
b1137	4.79100193869788	14.095511444157	11.782904099589	3.91470873103939
b1138	9.05193557779514	18.3541553272852	21.1106763104889	12.3271679190177
b1139	12.4919748535847	64.1393071083116	12.1074043513481	28.5151937992489
b1140	6.83609718114737	8.09742146791996	5.75745717558789	16.1794078937107
b1141	11.8898645673783	7.21965220310479	1.10000198070175	9.42076247469642
b1142	5.96571876020553	4.87921549990049	20.8154220963562	27.8546582785495
b1143	70.7513312613849	488.149817381857	64.0895890861494	171.94957473004
b1144	8.60519765688454	4.92658652417137	9.63302705430077	45.0001469665111
b1145	87.0578285616278	92.8424353788472	54.9218766720155	59.6543614925499
b1146	0	7.57370764163658	2.69254216171772	23.0597768037345
b1147	1.90609754550346	2.27346958776725	2.4247355488587	28.0343657513143
b1148	0	2.24530270791881	2.39469457745691	4.27269094538223
b1149	0	0.185467255844171	0	0.423521120024729
b4692	0	0	0	0
b4693	0	0	0	0
b1150	2.90601756937412	1.3864437486056	1.47869118717285	1.58299697320719
b1151	0.560971745986777	1.60581775946092	2.28354841563402	0.611157059276192
b1152	1.67866545200588	0.320352532821749	1.70833640942317	1.09730472006407
b1153	0.909061906317033	0	0.925129870949165	0
b1154	1.68825782601735	2.01364449202242	2.5771474976441	1.37946879093769
b1155	4.49590399319837	4.28993826561299	3.92174619206711	3.49865273063907
b1156	3.08674005503172	4.20761535646477	1.79502810781181	2.88247210046682
b1157	0.990318836490622	0	0	0.539457069081778
b1158	1.91640077547915	0.914303445026398	0	0.521961164138585
b1159	11.7965497375493	35.5937015604252	8.43598641315156	31.2613431039836
b4519	6.4460753357026	30.7538431508879	3.2800059060925	7.02275020841006
b1160	0	2.34925190735949	0.83518668905133	0
b4738	0	0	0	0
b4739	0	13.714551675396	0	0
b1161	6.56544710117857	17.5410809082842	3.34074675620532	5.0069607967368
b1162	139.488843329958	135.524876426198	96.8542727598214	203.810860300425
b1163	21.7196040859534	71.8033726536511	53.5842549015111	42.5450028096129
b1164	75.1702139622281	25.6930841513747	4.56709683126803	4.88925647420953
b1165	43.8297704831427	19.516861999602	3.96484230406785	4.24451935673135
b1166	35.8517673165481	19.0051839696498	3.04045491295091	1.0849754535465
b1167	24.5611003001921	7.1326684416216	1.08674894478968	2.32681482808767
b1168	1.57027917872676	2.16427144221308	2.48583124772758	4.94219133761141
b4520	2.42831605112084	6.9512111231459	8.64933064277816	10.5822263414398
b4491	4.6191193162748	7.18615575891688	7.45990769238748	8.86131576051741
b1171	20.1439854240706	27.6784588357991	30.3400546313556	17.5568755210251
b1172	6.93653758950606	19.1208676981608	12.5495878146148	3.35870662141351
b4593	3.05632882296244	14.581563562921	0	1.66487612699376
b4594	2.85914631825518	13.6408175266035	2.90968265863044	12.4597181116953
b4521	6.18373506041238	2.21266749414092	4.71977594045286	4.21058787931562
b1174	325.653553125312	682.28610451043	348.638830018371	504.513585899121
b1175	369.251889271635	496.827768688514	400.741680998976	463.572777825444
b1176	285.384703844118	425.41711694822	223.945230829763	356.699710208414
b1177	41.794675448966	51.5689443078914	47.6667524970759	50.2440665317142
b1178	85.9877586758835	1282.48116065046	93.5658401196908	28.8247210046681
b1179	114.65439043205	133.454750553853	73.6496739005631	74.4153806487488
b1180	73.7269866520984	89.9549912163472	79.1301424844815	73.7388771883056
b1181	104.173181764479	79.0813109594261	47.4429425702665	55.8057829061156
b1182	8.45517282931385	9.18062916428645	12.4618645445291	5.71753512033385
b1183	15.1943204341561	11.4777736045278	10.9528768649874	20.6920318640653
b1184	6.49560191925114	3.19898132065974	8.31632703140473	10.2726399325147
b1185	60.0905327904479	99.3853010299881	94.2770059166416	123.294894195674
b1186	41.7301861469852	98.0652702807496	34.0444192782168	72.7039096235448
b1187	112.269145430154	90.9160488148125	249.177948678464	265.547742255505
b1188	239.882935621437	80.9319580766273	210.584723608864	130.388145992741
b1189	147.790791905745	91.7998666801909	147.694954166371	135.366348561068
b1190	97.3230982057059	53.5392535525962	93.7374236888198	108.464114738434
b4740	6.51717175484638	16.1683807741801	3.97941893018575	42.6012420730757
b1191	23.8805381607635	39.5842860245237	78.3604174370025	56.2032275962351
b1192	50.8553074640471	50.466552449244	22.7718442824618	88.6478304996024
b1193	114.702222885296	89.9625289230018	50.4059731156861	42.1278949389304
b1194	3.61769534146574	99.4165052061357	7.36327856469744	6.30614304428658
b1195	104.274748077542	9.9497727841108	53.0589190691433	51.1214904876909
b1196	7.83833990650911	12.0818669521345	9.81770475292992	5.25511920357215
b1197	62.3253485417535	29.5856317944496	43.0283460295703	13.6484544686415
b1198	30.5439034802187	75.9906008088801	1501.17479609071	97.1752645117206
b1199	23.5235924573033	74.953383129593	1266.22218521689	84.664079822953
b1200	34.2617029397638	90.9693511690131	1570.54400444664	108.734598815089
b1201	14.4029495782105	13.743123658053	8.17438971908989	14.9370605018722
b1202	9.36400326616839	7.8734342167153	25.0975347312412	31.5142242615891
b1203	84.0070600926901	189.592373710419	121.671098206082	53.3217744189376
b1204	85.4518191938011	85.8741927982486	60.1334416116958	40.1107079211113
b1205	1113.16096657402	49.1069430957727	10896.761556571	1987.32503881539
b1206	13.6115787222649	25.9760139470893	22.3889688857831	54.4890172420388
b1207	812.287088188853	1029.86445640094	566.60545062919	333.080597305524
b1208	264.028068107607	276.351435637556	289.021647182974	179.865244114164
b1209	112.070288138147	200.861038079237	94.9703633146253	141.130268611318
b1210	65.1530526174236	75.8937322625731	143.588325375899	125.831258209161
b1211	32.899982842194	73.5621705285089	130.927659575603	76.2338016044513
b1212	10.5212470632196	21.2953770019638	49.9669964471285	49.3234524529519
b1213	36.5359613493067	49.7108876885536	30.9847886167135	66.3408655183775
b1214	134.591665574161	161.628531226333	95.2112825518516	225.670875910066
b1215	232.313162427492	353.723150346002	255.725372748685	439.106697241639
b4419	14.7722559776518	4.69850381471899	42.5945211416178	177.031828170337
b4421	2.46204266294196	0	2.50556006715399	8.04690128046986
b4423	2.46204266294196	2.34925190735949	7.51668020146197	5.36460085364657
b1216	29.222500925818	96.7866180906691	28.0185790615803	55.5170409867839
b1217	128.921506714052	68.0977955483947	44.5143658683982	90.2925026795579
b1218	117.668659684054	49.5773161139314	41.9897307805807	77.41673990521
b1219	238.859867842031	101.774370766286	317.993792929645	302.78170919734
b1220	16.3924388913297	12.7314296914966	16.1002440444218	36.756168429501
b1221	72.2955569044525	131.731323542628	75.6517491243914	80.5431777934587
b1222	32.1093109898207	31.6266567294607	26.5028857854552	31.2741004690047
b1223	2.86530827152729	3.09858225712071	6.02630395462037	5.82706644447817
b1224	5.32653460732637	2.91397592355168	19.4421824441661	6.96366456963738
b1225	8.81152110947651	3.29719565945192	35.165755328477	12.9879810140917
b1226	5.98369862385895	4.99587747387842	33.4920434292989	12.2231411855238
b1227	4.31402165719034	3.36795406187821	39.512460528039	8.54538189076445
b1228	0.963407998542508	1.838544970977	2.94130964405034	22.0415122030261
b1229	8.86335358659107	5.63820457766279	6.01334416116957	0
b1232	98.0961909405631	474.933460331951	149.905608003533	198.967509240942
b1233	93.8472732697878	170.251667639229	117.908709042541	245.509380243355
b1234	137.352631739226	112.577396037439	150.532721385569	139.088823457128
b1235	135.834827155449	71.8120435113559	116.619736616765	79.9928647999371
b1236	205.056464165028	346.94496485321	179.209563615054	195.037765689012
b1237	2594.77887607449	4068.08717244843	2242.58519749704	4131.90887488474
b1238	49.4798865270861	78.4148355097276	30.6505406273206	26.7188372613659
b4573	8.00369721866083	7.35417988390798	13.2736024962272	36.4936392518967
b1241	913.064530349612	734.989269384113	1696.8147145363	14401.0665113126
b1242	10.2585110955915	0.783083969119832	31.7370941839505	78.6808125201497
b4711	0	0	0	7.12115157563704
b1243	253.680910557395	979.586223635659	4028.49843032471	14184.9710741071
b1244	30.3144015176568	147.658517278205	561.767786782877	1871.80884117561
b1245	34.5173506012458	126.161805401167	481.067532893566	1598.86351382643
b1246	40.3833269921605	147.627545894425	525.455975740069	2148.95117508974
b1247	45.2427899494649	139.103763684725	541.200974505262	2812.71627563552
b1248	155.511567473825	86.8796069012584	72.980131410558	909.446151989102
b1249	67.703645466363	103.849476512598	54.823918019698	175.08206564242
b4595	395.794582573636	109.361726721908	398.124854808468	1102.14799606987
b1250	58.523578705721	67.5775237657669	44.452711622043	61.6800758436015
b1251	340.209531606526	380.151672281809	229.600413426475	278.959244389622
b1252	555.436824759707	180.774934271313	69.9051258735963	223.703855597062
b1253	65.3089211643553	80.1218545246817	44.7609828538186	45.7402809626708
b1254	75.8309140186125	95.8494778202674	93.7079465115592	165.229706292314
b1255	77.19695059289	95.8267431243897	72.3783561334322	136.278166846667
b1256	38.2830295758863	14.2940397743564	1475.38669419118	58.4817050805978
b1257	182.511659652881	36.5315622043831	22.950337183162	15.4271953542736
b1258	169.305975695961	25.8277036042637	13.5030183259796	3.46932270774748
b1259	647.024811821148	29.6005740327296	117.260211142807	46.6720274267252
b1260	136.409977131922	320.68598527227	669.962544647778	441.173606261597
b1261	126.046686683682	258.394099237611	651.118257853273	328.265048215348
b1262	94.0999213378171	127.418455874053	380.469848082811	189.935229342544
b1263	78.3040636409362	135.12614354361	370.634501963816	307.294824086514
b1264	75.1939018286613	169.633122370181	216.584267148459	391.440817758595
b1265	23.6356095642429	95.8494778202674	24.0533766446783	154.500504585021
b1266	81.0966705711904	67.6009222321814	66.2695070822769	134.333984641313
b1267	113.468053161673	83.3473720176238	124.188629415459	115.688783626465
b1268	12.6218642847025	9.50108841014378	15.1285082535754	19.098658102381
b1269	109.274222300438	122.804729842244	218.395598730148	138.230331585058
b1270	51.7403889572575	55.80963922052	62.2701628872382	67.6429874134928
b1271	50.7978762867868	57.4963154560079	36.3652828718951	63.357420358482
b1272	70.4003513449234	61.8591587949289	85.5612969217842	171.330023834461
b1273	261.679963032689	103.702691339155	184.695570664494	209.219433292216
b1274	244.81687966658	212.604584854017	163.006067186439	153.430062289975
b1275	67.088768686197	230.038746768642	139.04701960366	171.733253173351
b4522	212.720486078186	182.985366747783	227.960410473428	175.568755210251
b4523	213.67013110532	299.02620706533	246.439729462217	191.401294742604
b4741	47.0865659287651	81.9301602691624	67.6501218131577	54.3165836431715
b1276	179.949925395924	130.083240143834	128.01951302759	49.4722047332923
b1277	97.6318643802164	191.040688101011	146.975899167673	182.341966071155
b1278	55.2656164810973	38.4724547652284	54.4738235776538	81.7943847803054
b1279	201.361625171098	143.692106954998	321.392811720762	435.001420676274
b1280	77.7247929901063	75.2483457095764	113.790974126747	146.329804823313
b1281	90.4350304973317	136.829598896938	112.200202031579	47.8888759130401
b1282	52.8548608374697	76.8140715397178	62.8918563645258	31.0064086036453
b1283	931.259205604843	239.816783748534	442.35148144494	216.935639999516
b1284	65.5888165407739	150.540062223596	90.921763716884	208.575681189779
b4596	146.703783502197	228.93054793786	191.286551333756	541.084741272973
b1285	31.5974538736479	35.8988403245448	24.525723920178	16.920372480988
b4672	2.53238673902602	0	2.5771474976441	8.27681274562614
b1286	306.438426327102	440.042199131077	116.211372044928	188.63433699334
b1287	364.906152979866	113.138972176771	7.43671551846769	157.941838962414
b1288	618.075683566845	1213.92902741504	358.742851288025	474.736578964906
b1289	14.2715015377314	12.1842556551187	47.3933056770145	32.7331577510638
b1290	38.8801384095816	47.1597037165103	44.5971063254026	51.6916186343937
b1291	43.379555318059	60.5553391951396	43.3287789256478	47.5520812827766
b1292	22.0837766130552	21.35683552145	17.614846532719	27.6358225793914
b1293	23.1217919650202	35.7203022932674	28.572722256489	26.3898377396775
b1294	36.5532465432405	49.3857335269733	41.1497091320911	52.6866456100837
b1295	87.5526390870581	103.137888615783	91.3001643982454	146.021818357795
b1296	19.5684429833829	31.3030189214395	10.9333530203083	7.94239606903519
b4742	48.3455650177695	72.2715314045866	19.680035436555	5.26706265630754
b1297	93.3181836389504	252.825198926486	24.9814403312859	8.98258747587333
b1298	63.6075963273006	97.8394323770895	13.7953189579773	12.4963643414355
b1299	76.7204262065141	66.3853119628038	35.401139013337	20.2470419315048
b1300	33.7736658843894	67.8630671948525	10.5475996375353	5.64580976936192
b1301	30.3056117949016	39.6126785315887	8.02718073036688	1.58299697320719
b1302	25.8339452879313	22.8467531464535	8.54977842820319	3.66114939774932
b1303	14.6816286403656	20.2352740977468	14.3877559684425	20.4381419025431
b1304	79.0945006157678	56.129211490634	35.5946829271024	18.6197356983069
b1305	27.1809509988793	28.1910228883139	9.62135065787132	9.01252943412624
b1306	27.3286735586558	18.3241648774041	18.0400324835087	18.5078729450807
b1307	13.1752553314192	1.142879306283	9.75136891000472	16.963737834504
b1308	241.420869120481	62.8257081510996	1576.35521939231	983.101425008261
b1309	2.05756422545864	1.05716335831177	2.5771474976441	0.517300796601634
b1310	0.205646254909306	0.981126086600253	1.04640559649123	1.34426193084415
b1311	1.50737305894406	0.287663498860346	0.92040982058718	0.656889900446519
b1312	1.26168734328699	0.300971774608334	1.60498509639757	1.71819956166616
b1313	3.53524074678846	1.20474456787666	3.08376623649722	1.65064641650664
b1314	3.03308677868135	2.25099422302126	2.40076477917416	2.93727195028557
b1315	3.27339763141148	3.36370159462837	3.58750645978867	6.30950214036841
b1316	2.46204266294196	0.783083969119832	2.14762291470342	3.95958634435818
b1317	2.01439854240706	0.384423039386099	0.820001476523124	3.51137510420503
b1318	1.09762892713202	1.30918062948826	2.23405975027972	2.69060476251005
b4524	0	0	0	5.08225344029675
b1319	1.17395411742928	0.560086547449946	0.597352068990355	0.319744421740524
b1320	27.1490109859546	37.0800841594039	15.4396674408408	13.0490291034646
b1321	29.2909109943138	16.3338544631862	36.3897650954897	57.3989267302185
b1322	21.7828181365374	9.07846499793161	34.6531697423331	39.825341930461
b1323	90.3579237232242	91.3191694728457	140.038384453696	127.748471689949
b1324	1160.62730693053	2844.95796071121	736.011976176288	649.084960090918
b1325	60.8323336222555	42.5491836140391	113.730639569946	138.546648133307
b1326	98.8464535788552	93.622038974771	92.0561328376577	208.6233665307
b4525	14.5300878468706	20.7966562290841	102.029691914926	14.2469727588647
b4673	4.02879708481412	11.532691181583	0	4.38921888025629
b1327	12.7031777788276	14.0495977260978	6.17004368328474	13.8396217462153
b1328	18.0221522927352	27.6272024305477	12.0266883223392	22.8531996365344
b1329	47.6116949168182	49.9892859395009	67.7339509603859	41.9994401404449
b1330	34.0105428322681	56.7917990162836	14.6837473702978	20.210821820715
b1331	0.261455858011536	0.249478078657645	1.33038587636495	3.70299881933126
b1332	695.670194296392	563.492655174554	580.008021126763	314.390561655566
b1333	306.722362286764	209.965315581417	1344.75068638899	728.638026355227
b1334	494.723441227653	726.45233482715	656.915923901473	1002.56054519065
b1335	37.6177216175086	45.2367576579921	36.7093684257445	72.9835232414708
b1336	2.6119902514512	1.8277087530734	2.83536856322337	7.01930092048844
b1337	3.67774007742368	2.28101637478059	3.55560806210234	7.0118226925256
b1338	2.23105010188791	0.774124198306104	1.8576692488739	1.98870786794221
b1339	19.5988346634192	6.97797596245395	34.8297656859822	16.253147140751
b1340	33.9447584167318	22.9426941591066	35.9841073474243	32.8724477840471
b1341	94.4561769081968	87.8654509000734	135.409976184001	47.6940426258505
b1342	53.5043905532022	36.8717951801423	28.0500505078947	32.3838710067689
b4743	120.724988507016	53.9517851828077	27.9931538537204	36.6272747938628
b1343	56.702240193694	28.0679179848715	47.8572914136749	21.0835841409691
b1344	70.168215893846	79.4227856372691	100.029667296379	74.2790887427987
b1345	9.03545753972876	16.6272295190784	6.13010812546413	6.32814566716562
b1346	0	0	1.25278003357699	0
b1347	0	3.62456008564036	5.15429499528821	1.37946879093769
b1348	0	1.3011241333068	0	0
b1349	5.25235768094286	7.20437251590245	5.01112013430798	5.36460085364657
b1350	2.96467421004776	2.63376338402933	1.24844515456808	4.67778344331812
b1351	1.92681599708502	2.75781745646549	2.94130964405034	3.14878745757516
b4526	0	0	0	1.69408448009892
b1352	1.19775048467447	0	2.43784222750118	0
b1353	4.89387621345519	13.4901827318312	2.21350091822193	4.14686937153048
b4527	6.81796429737775	1.6264051666335	0	7.42790887427987
b1355	0	3.75880305177519	4.00889610744638	8.58336136583452
b1356	225.207223206465	335.100838106373	214.438121973783	547.18928707195
b1357	2.68586472320942	0.854273420857998	0.91111275169236	19.5076394678057
b1358	4.40024646142819	1.1996179952474	4.47802224767947	4.79389863517353
b1359	6.50805682931512	3.25281033326699	2.83846664950312	7.76554109583805
b1360	6.05128558120676	2.03790526903474	2.17349788957936	2.32681482808767
b1361	9.47952255250382	3.61809919422211	6.75295333607278	14.9749820620509
b1362	0.886335358659107	0	0	12.553165997533
b4528	0	0	0	0
b1363	10.3952912435327	23.1444817539861	26.1691829236083	12.9147798328529
b1365	3.02159781361059	7.68846078772198	3.07500553696171	3.29191416019221
b1366	1.47722559776518	1.4095511444157	3.75834010073098	7.24221115242287
b1368	3.87610215157044	3.45196198632416	3.9446135168022	12.6685909371829
b4570	7.59716021707806	4.83274678085382	3.86572124646616	17.93309428219
b1370	28.4603096817144	32.5877879259409	44.1346360452813	25.1004260124748
b1372	4.26959048774235	2.41421783878514	1.93113639430959	6.20207199493841
b1373	0	0	0	6.53810729038176
b1374	9.44824494002094	15.8842819319941	45.7868844759105	54.4084898760703
b1375	6.81796429737775	36.8651837770259	95.9822241109759	242.645023226476
b4744	18.6596917612444	51.1889626129911	102.068604840905	274.441685776025
b4638	0	24.874431960277	31.835351441486	39.761159268204
b1376	664.445886112034	110.236620535683	2223.90055615668	337.636878554335
b1377	1.64136177529464	5.14598036850175	1.67037337810266	5.10914367013959
b1378	78.6764067303361	70.4655610408324	104.171591830304	31.6397309921453
b4529	317.686493721635	107.379289428522	303.032006324107	150.811588042963
b1379	54.688777449179	38.9875848455406	39.0227653012068	103.411241987315
b1380	42.4366626267088	10.7638451028108	26.5133810742477	53.8410849311438
b1381	18.3310267359043	16.3379791739092	29.5200531548325	17.9957974090508
b1382	22.8731705460415	16.3689810319242	17.4580959517826	21.8045066954667
b1383	25.2077028609471	17.0697936754928	38.8936480149041	36.3217929356988
b1384	68.6763158696129	12.0418607701738	19.7126182766817	7.9936105435131
b1385	23.3992534686004	12.3476680250815	14.2516256619719	9.84940716729511
b1386	6.78198559396151	4.01666289173866	2.02295878772855	5.47783781097948
b1387	1.16965076655894	0.62003716030016	1.58709963198024	0.424763117444157
b1388	4.00280484555726	0	0.581936531726088	0.934478858377145
b1389	7.38612798882589	0	0	2.01172532011746
b1390	3.91553772901614	1.69825439086229	1.08674894478968	1.16340741404383
b1391	3.20362177828593	1.52842895177606	0	2.90851853510959
b1392	4.71719098446023	4.73798704005276	3.03193823252247	1.62290445992669
b1393	2.76979799580971	0.991090648417287	1.40937753777412	1.88599248761012
b1394	1.01102892622712	1.28628241315501	0.685932794049761	1.10147698135709
b1395	3.91030305290783	1.24372159801385	2.0844575348592	2.43435668989004
b1396	5.65745973612196	3.59885398574221	3.83830478372526	7.53326928384412
b1397	51.3721737730279	14.095511444157	12.7895752681592	11.289682393495
b1398	35.8176617540324	10.4268166847189	17.7105341733077	11.4640785365598
b1399	31.0357176060444	23.2109052802837	20.4871031358459	19.4953318088355
b1400	41.392311165806	24.4703802736126	39.8345894940421	37.2526597349671
b4674	0	0	0	0
b4492	41.1839701998076	48.1643290172862	38.3655178511474	62.815683704891
b1402	34.0446694054491	36.9657121316964	43.3080250018008	71.9424948916179
b1403	72.650439234353	65.1628561844634	85.7640888560251	106.852295691485
b1404	0.692449498952427	1.76193893051962	0.469792512591373	14.5850085708516
b1406	72.5744980086725	29.1732884941785	69.4572679243106	67.6276163362136
b1407	1.95938895932442	2.08958167052522	3.2842711933566	2.13467862316756
b1408	0.877559761048621	0	0.893070915025184	2.86820243660312
b1409	0.296433230320772	0.282853072457999	0	0.645905119502597
b1410	5.89881893988143	4.32967928318815	3.84812979597029	7.58001622324123
b1411	8.43149645128153	3.53205391176091	8.99908812982454	8.28961524020561
b1412	49.1433466187228	153.236352135489	21.4337019606044	52.10567759829
b1413	44.4189587890652	50.5098188721443	47.9773346602154	48.0958526955677
b1414	116.186282970295	97.243191311375	54.0525317857939	62.9285763056969
b1415	1065.81826878758	119.811847275334	128.911065455073	24.5430489054331
b4493	1114.33871016232	497.046316639214	985.623752770322	3351.24096483744
b1418	60.0905327904479	263.753298887276	109.055563600872	98.1994732531915
b1419	126.837646152941	91.8638504464023	454.111162515909	128.19546177852
b4428	131.177633081548	8.45730686649418	357.192643173473	175.744323965462
b1420	389.354461125251	27.1842006423027	758.647794618983	272.445086210194
b1421	9.07400001552285	11.2867166591239	11.7078821419481	13.5929374463513
b1422	224.173780647872	203.469622989357	48.6143732510138	13.7946879093769
b1423	103.076053986918	9.62773772748222	82.5492557839127	13.3636039122089
b1424	79.4811598797569	98.9750042709283	71.735274096561	54.2291173249056
b1426	1877.84917987909	59.7649685232256	3719.8546980995	1371.19197819206
b1427	77.3081396163777	60.1408488284031	317.705016515126	148.062983560645
b1428	50.9575068586887	26.8978567007766	23.1706839237727	32.7782033809965
b1429	16.334277002479	22.740190668217	21.2556273974876	32.3820921618908
b1430	83.2618064194919	159.749129700446	60.5889979875419	128.262729500823
b1431	220.987649961643	221.103583101619	113.66029434677	63.220497952391
b1432	82.3852187160945	65.3619538507122	96.3234110411889	129.086583465292
b1433	10.6269800655556	2.58897148974312	10.3546104816058	10.0996822193652
b1434	18.8160578933218	19.3714850014671	12.0938765252572	29.6701387994978
b1435	52.9903861216683	69.1843910332475	61.7884904633938	22.8856825407858
b1436	17.266273220632	6.59010924661884	8.20001476523124	5.01625014886433
b4532	42.0633729533136	40.1363715698029	32.1051425553969	40.9164471888298
b1438	54.2003636590102	49.8920261188865	38.2863998750725	37.5136117247803
b1439	24.5679310502524	28.6718932147671	24.0405550153368	18.1183960600771
b1440	106.499458016893	15.2762872719398	158.676725509396	36.1478602023201
b1441	39.0721800118955	7.75670156394437	54.7071990993978	14.8558177485597
b1442	20.8881581340044	4.57879671115927	30.7369980212649	13.5310951467773
b1443	27.0917600193916	3.19143655339403	25.1879698826348	8.38092359777238
b1444	61.2037889768815	7.83413688685777	46.5242942995751	16.2632110089496
b4598	714.607882918905	396.436259366915	380.531935199012	81.4748754647573
b1445	30.5632882296244	56.8680978953919	55.9863077074409	68.2599212067443
b1446	298.854101701724	290.584389771851	305.292857413225	269.880689098835
b1447	24.2264998033489	54.1267639455628	38.4854026314853	139.050454126519
b1448	95.2938593702855	97.2834720481123	81.857950864476	327.085605804994
b1449	88.1212032886511	21.0210517490896	61.784504314907	30.4200776729901
b1450	36.3317647017922	22.095666588138	19.5027378200094	20.4434789287613
b1451	19.2186839538066	22.0782761279377	8.6211282196511	3.99475270414195
b1452	433.903722191026	423.820971219228	26.2446800254435	112.656617926578
b1453	5.84981336715011	7.61157617984476	6.31401136922805	7.14564833705723
b1454	59.3758638325033	11.4953685563999	21.0175135730199	30.4688495085752
b1455	0	0	1.2704248227823	0
b1456	5.58014940297827	2.72416912244322	4.75432774089542	2.82760806341547
b1457	0.550518856310004	5.25298563136285	4.4819956480767	2.3990761581525
b4745	0	4.09224525798106	0	3.11492952792382
b1459	3.27960901211624	2.88864371151604	3.85105057759911	3.29816067662522
b1460	1.40316943323341	1.56203556900948	0.951980605989906	2.8026146939895
b1461	98.8604823119773	153.966355774638	71.6975649985603	75.5170735551787
b1462	26.1235684657421	2.67072848415606	18.5147701804432	43.7073795865521
b1463	12.8864360656111	7.19770797148441	12.15463181513	17.463487885275
b1464	58.2958826500621	48.8139859408389	82.9357198067347	97.5349242451582
b1465	6.24729768217873	4.47082301312468	8.74186596117163	7.6569633329581
b1466	8.78694536601701	7.65532087053353	7.7758760704779	4.57840934923285
b1467	7.4004699849207	8.21097754028561	8.75729732209162	6.93752265733712
b1468	6.82343179079986	10.4444687846039	6.36536831815865	5.80770741974569
b1469	2.10576435102596	8.58517111717552	5.06523590249705	7.29956487645214
b1470	0	1.51023336901682	0	0
b1471	0	0	0.28275912983556	0.605409500725005
b1472	0	0	0	0
b1473	12.6619336951301	39.1222358450071	14.4197538558658	11.8240182080373
b1474	3.40227155390799	1.41510055837009	16.2466827976481	3.51655922099273
b1475	3.0045266395224	0.57337673671147	7.03255503594408	4.2553105076383
b1476	19.5156409246042	4.65539827513441	11.1715797489618	7.53012780374244
b1477	128.751873152586	45.402384230653	108.240194901052	176.862419722327
b1478	472.88752963474	127.737958309957	127.672039979728	55.5880895576672
b1479	174.604933728782	234.742563379194	144.224641321337	154.568746857364
b1480	8227.50430755302	3667.89721709911	4453.14280109221	1782.21370098754
b1481	71.399237225317	14.095511444157	5.01112013430798	8.04690128046986
b1482	2662.083629306	516.835419619089	893.858553957186	549.871587498774
b1483	16.6367154699768	5.20028577551422	6.42201803620052	23.1250755244571
b1484	16.9723792083659	3.34179298676062	5.20912792077	6.45708795758068
b1485	11.5608959825101	5.09135530424399	5.12843732808776	9.68857679253896
b1486	11.956430058158	4.71228241828122	2.6451660533004	2.83175411629438
b1487	31.2017476355817	5.72544952277169	4.18724158224574	3.73550543000535
b1488	37.4636594897148	6.103211140769	2.78969574487248	3.98197176765519
b1489	35.5642062661967	17.9717770913001	9.69651745988594	33.6762818587664
b1490	98.2467176301093	47.5150212239044	18.1965620495262	74.3596517457735
b4746	0	18.1228004282018	6.44286874411026	13.7946879093769
b1491	49.5542041432137	47.2840338444902	28.2900509400478	28.310461777653
b1492	2186.06306819281	248.598570978003	150.979568734053	274.223307698512
b1493	4148.69477621615	391.716375850683	221.540870006258	261.153823997433
b1494	7.89332991080535	11.2522108524172	4.93584579752653	8.91030270541298
b1495	6.27494059227686	8.76737247854011	3.42099225350987	6.34799797599645
b1496	4.57361661941532	7.52429436520835	0.641994038559029	3.60821907949894
b4747	2.16179355770514	0	2.2000039614035	0
b1497	2.98506727009544	1.75280971326304	7.47773367192072	2.50162734107871
b1498	10.9014509353794	6.33167358988869	54.0236266885823	21.1715263635891
b1499	1.04685278581784	6.32633190800746	1.42047499870147	0
b1500	0	2.56282026257399	0	0
b1501	4.19843064627998	9.90395146207871	4.51000812087718	5.46342244831901
b1502	1.16240702774965	0.554577499442241	1.18295294973828	0.316599394641437
b1503	0	3.52387786103924	0	2.87389331445352
b1504	0	0.477813947259558	1.0192108747745	0.545552629184397
b1505	0.925676614787579	2.87062635155155	0.706528687343684	1.00848893332259
b1506	2.61971041968209	2.49969661078646	2.66601465273528	1.42703668028037
b1507	24.5199350921567	16.876258599807	24.7487973980108	14.4515778098234
b1508	25.8929430619514	17.1046655726849	19.2562144486891	28.2093617922089
b4696	5.10026986170493	1.49742061819152	4.99078729717136	4.6482653652585
b1511	61.0920416702887	6.53012394588063	35.6723806171076	17.2758332575059
b1512	97.5526338146816	9.04240356794975	29.7830724963587	26.4181287321086
b1513	53.491723794075	1.48663597262593	4.75664918998765	7.54396995044049
b1514	33.0760716934011	1.97254970647095	7.8892270336044	3.65981515963061
b1515	38.5596047271636	3.06609312380454	5.72266891470821	3.20903616018738
b1516	109.427327271403	4.96029728240128	21.9548782423933	8.77843776051257
b1517	114.73793341546	4.34450695196619	25.3301825967075	14.5505612194797
b1518	158.99211588318	7.84698575241728	60.4434078055705	25.8828164897587
b1519	126.118865263746	46.1307647263319	69.878386695014	19.846902762898
b1520	7.84624743731013	61.2808136883677	10.3508383102099	19.9457618624105
b1521	11.7201369740047	4.19370588421199	14.7227537830288	6.18480842217931
b1522	13.743807776676	9.90254285000901	25.9753632278369	39.7252088529525
b1523	23.6356095642429	26.0766961716904	19.5433685238011	102.195646261967
b1524	45.3207076595919	38.8652936906852	43.2026667889853	46.8751530901157
b1525	25.0777390894909	21.9195858310864	18.5075927206623	23.775725597587
b1526	36.4784280264462	20.7117719179449	13.8061473088077	14.7800227600467
b1527	1.42957315912759	4.54693917553451	0.969894219543479	1.03830984264127
b1528	5.58145691850823	20.4509183673411	6.36172430148922	17.9991141991366
b1529	50.7047705178859	25.9052642757479	47.9442304741899	53.501019324205
b1530	23.839364819107	22.1639766156399	14.9296820553176	11.3211576635576
b1531	31.8526769518117	56.1618034103129	38.0531935199012	19.6143218711453
b1532	15.7840543322855	8.10974631033689	12.3561866325402	14.5505612194797
b1533	39.5896460201068	41.1588934169384	30.6680552219648	18.6688109706901
b1534	9.84817065176786	14.095511444157	10.9333530203083	25.3599313081474
b4599	155.108687765344	129.502511393192	501.738403447586	250.459802354624
b1535	28.6492237142338	13.9531325406806	85.9483029096459	33.1629870952697
b1536	78.4846577133255	22.5958580402516	17.2137714537297	22.1136218394591
b1537	43.548269067066	9.77723337166957	10.4277644413345	17.8613300098291
b1538	93.3121389321465	96.2297672785848	44.0420147874517	42.0515486269715
b1539	386.926319221867	426.601502984606	219.523286847516	561.537978511824
b1540	59.6050852548046	99.7149717883593	124.074459220639	161.078582837004
b1541	33.8892931252012	72.1358526848033	466.918487808461	49.701449085255
b1542	4.36797712686213	2.95224264333472	2.96345502809178	4.95702337605946
b1543	1.86378930559158	3.16161004354923	1.05374021515822	8.34772001992667
b4748	2.33246147015554	0	2.3736884846722	5.08225344029675
b1544	0	0	0	2.47596962475996
b1545	0	0	0	15.685330414723
b1546	9.23265998603237	10.1311488504878	7.0468876888706	11.0644892606461
b1547	2.20893547329372	1.05387001451641	1.40498695354429	6.61801226804998
b1548	5.59790752837331	5.78657838233812	5.22211466627884	11.1809575686529
b4533	3.40898214868887	4.33708044435599	5.78206169343228	12.3798481237998
b1549	0	3.703930014523	5.26716276890766	3.52419034181162
b1550	299.520224650319	1026.54207482964	130.634717984029	213.104144255202
b1551	0	0	5.20385552408906	12.9988405299898
b4749	0	3.84423039386099	8.20001476523124	0
b4724	4.22064456504337	2.68485932269657	27.2032235862433	68.9734395468845
b1552	4.993438640333	13.10286979316	54.6282673796391	176.805154894831
b1553	0	1.52842895177606	1.08674894478968	4.07192594915342
b4689	0	0	0	0
b1554	0.497941212729835	2.37564799620623	1.01348497098364	6.50985272127899
b1555	2.55673661151665	5.69241808321724	2.60192776204453	10.2133747021348
b1556	1.23102133147098	0	2.50556006715399	1.34115021341164
b1557	18.4653199720647	77.5253129428633	497.353673330067	1144.00113204013
b1558	12.4835966008325	22.6322296427309	71.1437900758091	115.603370508159
b4750	23.6356095642429	33.8292274659767	39.0867370476022	77.2502522925106
b1559	8.12179810723485	1.01083349001922	3.95299516570908	14.2343592371658
b1560	0.253238673902602	0.966549356170764	1.54628849858646	4.13840637281307
b1561	5.27580570630421	4.02728898404485	7.51668020146197	16.0938025609397
b1562	245.446714705599	128.486008164046	230.704261567948	148.558177485597
b1563	191.11606171087	165.622259468844	193.554515187646	153.896986988986
b1564	157.324526161992	118.402296130919	144.32025986807	120.703519207048
b1565	3.47582493591807	3.31659092803693	5.30589190691433	35.9743821950417
b1566	8.78350355427944	41.9055745637099	15.4396674408408	13.9189643770289
b1567	3.54534143463643	3.38292274659767	0	3.86251261462553
b1568	1.82749558486414	1.74377461164828	0	1.99098588382759
b1569	0	1.09835154110314	0	1.25406253721608
b1570	179.222223258275	218.273140451431	207.593020858023	492.754366645243
b1571	6.81796429737775	3.25281033326699	6.93847403211874	9.28488609284984
b1572	4.12249004027492	5.90044665104245	4.19535639151366	8.98258747587333
b1573	12.1415802556042	10.4268166847189	7.41371197952413	35.7150139023594
b1575	1.40688152168112	6.71214830674141	2.86349721960456	1.53274310104188
b1576	2.76979799580971	5.28581679155886	2.81875507554824	6.03517596035239
b1577	2.30966868705956	1.92837615848402	3.81955085155722	7.86342144671322
b1578	0	0.772356791460656	0	12.3459307316798
b1579	2.66567025160634	2.96747609350673	4.52131139937562	15.0047482523047
b4534	0	0	2.43784222750118	0
b1580	5.47442427407096	0.49748863920554	3.44882973949431	21.584629317025
b1581	6.78429533788452	0.417644783530577	0.890865801654752	6.91437443358892
b1582	17.0761858090287	9.31079655026882	21.5156350720746	36.3217929356988
b1583	150.055021246673	278.200883766256	238.951307457001	378.627881302108
b1584	74.414252037155	265.025765976769	122.517867668749	177.117891285636
b1585	59.0890239106072	67.4443458973587	39.5815058709896	66.4124004413462
b1586	74.7302361222384	68.8192617567664	131.762982355039	63.4285159754683
b1587	2.62942504422974	3.44982851167253	40.0270189220002	26.2593564653157
b1588	7.3495629987822	8.79224971269197	110.852427327501	21.7505351442403
b1589	5.16311859413072	10.263721925357	89.762297551439	13.5937943961335
b1590	19.2816814866192	17.8048565610404	103.492817931708	44.7238302746114
b1591	42.8035124425618	32.1790212481242	106.92019252421	66.4163754466098
b1592	13.5382966477763	5.04612581533066	10.7637425319264	14.288531151956
b1593	34.3836992583274	23.6950407897466	237.164220149576	156.914574969162
b1594	44.2078815252577	26.1823259257559	55.8487492118452	72.1255426809682
b1595	13.0868307989935	14.1901121921043	9.98860858986221	16.2018146586641
b1596	14.4188527245979	16.3885611527758	16.6158193927054	71.1515481641545
b1597	16.3498755480806	19.7063460966855	12.2602162509283	22.5000734832555
b4601	0	3.02046673803364	0	13.7946879093769
b1598	82.4874147657198	49.3857335269733	105.343255378153	93.0386250238267
b1599	2.41727825088847	2.30653823631659	13.9400251008931	9.65628153656383
b1600	2.90601756937412	13.864437486056	17.0049486524877	5.54048940622515
b1601	6.42271999028339	4.90278658927199	34.5113664901906	10.6359043011428
b1602	170.949778678744	683.525751499379	240.014255072168	115.958802037354
b1603	208.488278103375	992.037130288965	156.040985473794	138.702752403872
b1604	178.955329557839	166.998249871726	172.382532620195	175.958907999608
b1605	10.7667635759024	9.72315106126229	19.1748718371351	13.6151475027473
b1606	30.8930166503589	31.9342292469282	28.0705899639659	48.8824210564642
b1607	62.5182976197049	78.5321351888745	53.9590257319234	56.9030876261797
b1608	82.3553270754087	95.8494778202674	82.3076482060086	133.5785612558
b1609	44.3167679329554	45.7941731250261	62.350342684938	70.7533992771267
b1610	17.7267071731821	19.0971445372449	18.0400324835087	21.4930137426743
b1611	32.3853304125443	28.9138696290399	34.1141639912505	10.1102093011032
b1612	217.466981441497	296.236814285397	119.116790077813	32.0117165693009
b1613	76.1977081296222	138.725722325402	83.9873961285802	144.59788933579
b1614	197.178780584402	297.771182118513	277.056164880924	344.976897041853
b1615	1.26019245306982	2.60533149915698	1.92370014634572	1.37293102415599
b1616	1.16113802444425	1.10794413098177	3.15109737703209	3.58420930396474
b1617	6.45674764586104	1.68025964234984	7.31756284513185	7.51399391090232
b1618	88.6335358659107	42.9304917080923	326.002617468483	195.576463608577
b1619	396.773562899741	164.190684087797	158.554972999588	51.2989956629953
b1620	15.2460017961771	8.87647367911926	66.5324813167304	40.5394909989852
b1621	12.3519428513699	4.30032552533602	14.099083767714	37.6431314137234
b1622	42.3899519358703	47.5858698370516	37.3719343008748	56.3077286531088
b1623	8.22646590372225	26.5873419455655	144.752356454501	138.483798084254
b1624	147.892845148018	102.121371096861	99.0382186774758	129.956296183726
b4409	105.516114126084	126.859602997413	131.004997796909	174.732713518774
b1625	131.719282467395	92.7954503407	23.8028206379629	68.3986608839938
b1626	132.0458799635	117.366707535021	80.3824576646137	110.357503275015
b1627	74.4704450832136	70.1869281188435	46.9598783720201	103.531265959035
b1628	46.3833529660984	47.3258622581022	36.9213100051085	71.0462164866354
b1629	31.8171667210962	42.1153337886148	25.0758886073063	44.5674532456792
b1630	29.6282074565934	43.1250775062026	19.1643404569852	30.637493827058
b1631	25.6908799611335	36.3623338704339	32.2454686903296	30.3216569988719
b1632	21.3943017607371	37.5475261745216	15.1629583374319	34.1299606033722
b1633	30.1019555771018	47.073689162562	22.5500406043859	37.8052531856037
b1634	8.84566226206694	13.3358731028551	42.6695379100955	203.340858704089
b1635	227.287978111593	212.688707335596	194.68945947549	155.360965316002
b1636	53.8571832518555	53.1518244040086	59.193856586513	69.0692359906996
b1637	253.179088332272	276.404687942598	191.012108648916	234.931649618988
b1638	146.913121092811	184.207094763366	101.732603274581	197.534891706877
b1639	33.0361360954758	29.2161509933435	16.4000295304625	23.7017819533839
b1640	52.2219211318068	39.5436239973917	44.6125127632716	46.7155241904034
b1641	774.407111443822	800.733477039225	1332.1870141668	774.978492549866
b1642	290.351238181432	261.884881590061	433.582849689848	800.472441858602
b1643	5.60971745986777	17.1287227675832	15.9848389094381	34.2247953194667
b1644	7.74768670156562	10.054141030098	14.1923332475156	9.7913344251871
b1645	6.60458538494119	5.0416136312931	6.31804416337489	15.2543344690874
b1646	242.978141425514	58.812306370448	177.289974406896	117.651246307559
b1647	124.205523504403	75.8046234187438	94.7252541776211	110.126822875193
b1648	49.8563639245748	22.2004305245472	37.2075669972367	33.7969853779734
b1649	11.9655273418979	14.8002870163648	5.41200974505262	11.5875378438766
b1650	22.7638042934306	36.2786114218466	28.588029618675	29.8131096620687
b1651	145.332930133074	195.264290888175	118.056094928844	195.25569283493
b1652	59.0890239106072	80.2661068347827	89.3649757284923	59.0106093901123
b1653	21.3089072582112	13.5185022037529	23.7954944389361	24.0309020695513
b1654	284.238580535507	818.754794058014	283.819476572443	481.149200701198
b1655	60.9355559078136	88.6151638584868	56.7067197551469	49.346438734646
b1656	43.4030201405233	986.540486540017	2851.9989498413	307.109572580406
b1657	9.09061906317033	26.8898987550071	21.5092694995681	20.3029509230316
b4602	194.993778905004	873.921709537732	1316.92237129614	392.688782486929
b1658	218.21472865233	287.350601721235	97.3212278715602	165.455584222994
b1659	26.2195668799479	11.9653216117603	14.7916665057708	20.1819389027861
b1660	11.6276668338942	11.9323388957962	87.7442174012244	8.36559044009243
b1661	1098.08388429177	536.586310328482	254.821346568622	819.649380557938
b1662	137.092057811292	158.870904688349	134.035755368126	202.150192914981
b1663	34.8341407333274	37.3007857430529	78.9743780118668	94.032785268722
b1664	127.979210498511	54.7000038381843	105.484676812879	99.5587977039517
b1667	306.741550594769	554.699832714177	860.438804237941	347.43679646264
b1668	64.4456924333444	55.8024172686439	38.7776399178225	36.4592312221662
b1669	5.88709832319702	3.43285518566184	12.3151513263805	13.1838530204008
b1670	11.5020619062632	7.74715132808627	13.7710171629838	10.3196901917476
b1671	2.782218614625	4.17176571889848	12.1345509978758	7.79430796673314
b1672	9.84817065176786	6.26467175295865	17.9565138146036	7.15280113819543
b1673	1.89658065333618	2.29228003514108	20.3304217717145	3.71925251764941
b1674	0	0.809311661865472	30.2105807140098	6.00629952035071
b1675	68.3744419537026	88.1976287505822	139.165964872782	121.393253602517
b1676	539.328479387898	704.596011552509	787.479974227048	593.933070306272
b1677	22505.0645054975	18628.5565549197	49356.6154555136	44693.9157448679
b1678	186.262714177914	108.051562354015	117.664092467064	137.20567198222
b1679	157.499880279712	36.506360574795	35.041789716168	72.9431339092951
b1680	216.030632872195	62.9622599643179	41.44331786752	75.4471137254864
b1681	244.9964717803	64.8260549908162	37.4415768525653	61.2627295598035
b1682	219.270112824904	46.8718211877991	34.4137165850066	51.1899262179287
b1683	263.220157924368	48.0838817812774	27.2782749246604	57.4315131710954
b1684	361.019524136758	47.44342876326	27.1333821906432	56.5245748481785
b1685	711.882049970648	1024.27383160874	512.566002309216	2922.94109368686
b1686	98.3379376030542	141.983983890048	123.119929723216	115.593443211421
b1687	96.3748358581247	242.0167499774	45.4984136237659	102.248555230151
b1688	54.7091097393357	65.4244493445776	49.597932973528	64.5487283306693
b1689	4.4689177747518	4.9748863920554	7.57984558130619	10.5488789895235
b1690	1.09424118352976	1.04411195882644	2.67259740496426	2.62269375067166
b1691	0.420064151023274	0.200410115319767	1.28246676423048	0.686465512077997
b1692	6.74718958148801	7.31600940008147	2.80900159777818	7.35080255378561
b1693	50.7978762867868	65.5190571475439	26.3826562011788	66.0291188073337
b1694	0.166604390725396	0.953831601484306	1.01729506485951	0.18150905143917
b1695	0.692449498952427	3.30363549472429	3.28854758813961	1.76025965510278
b1696	7.28894209423608	17.8048565610404	4.7473769693444	13.0232744407604
b1697	1.73791246795903	1.98995455682216	1.41490450851049	5.68016560974343
b1698	5.94665895585982	4.5934254546454	5.18722978759037	4.31910356268031
b1699	2.06124502013746	1.57345244027799	2.93674947405956	6.736940606905
b1700	2.71327150609931	0.862990496581039	0	3.94133940267911
b1701	2.18848236705952	2.08822391765288	2.22716450413688	8.51523945023265
b1702	715.215631785577	504.558874973316	157.309993220004	71.3566327922623
b1703	71.4169497624604	94.0038784800972	27.9036473665782	53.838979790194
b1704	87.8716430074645	154.848684461025	119.922278973468	114.270609587417
b1705	69.2449498952428	33.0363549472429	8.45626522664471	158.42336895925
b1706	90.1138454419593	51.9091486168954	53.1032271435226	268.722824389135
b1707	16.3860318407566	81.3749274129062	59.5017878132536	142.004140243586
b1708	154.965730449431	173.511198938397	110.567941027957	170.698138130225
b1709	107.423845469484	101.82597467259	62.05771174327	60.6414480496209
b1710	261.565271604291	193.506858195329	105.396928911804	120.703519207048
b1711	23.5813994505634	26.1219569882542	27.8599890035838	43.9995703042205
b1712	1395.09185452943	944.6811769874	1339.47241190052	2141.76324480986
b1713	193.746673877745	347.535813571639	216.661696661235	215.325373459809
b1714	88.9037600606239	265.58006318564	99.825179748684	97.1516130203068
b1715	47.2712191284857	84.5730686649418	18.0400324835087	83.6877733168865
b1716	4856.22398189696	3970.67003891622	6035.83103639412	5343.41293430864
b1717	6267.46533160917	6917.05188868721	7172.27958132226	6610.16363366597
b1718	5234.27549652331	5432.76833904574	6113.67730684213	5929.81045739817
b1719	717.476756115187	918.729214035177	1191.53993713004	1339.11450173468
b4494	0.979633817465329	1.20182781787023	0.854527854481992	2.59194925455134
b4535	29.5445119553036	25.8417709809544	22.5500406043859	21.4584034145863
b1722	14.3635374328156	75.5474842619638	48.1305214480964	32.4420525931986
b1723	194.993778905004	220.981243930977	126.862163916287	121.170758636236
b1724	248.539399541523	197.91841842208	216.66636951843	164.256335415776
b1725	244.591499671781	75.1433188486417	1269.71657201002	238.54716409142
b1726	123.789854561328	107.251880373976	100.782304377144	171.007890898924
b1727	48.4900958548929	116.430188700167	46.9202638584532	78.8091138858573
b1728	5.84891353429868	5.15165900497107	10.9888522742185	8.33283178282158
b1729	219.10057249612	603.859001049466	28.7707414607682	90.3195298894117
b1730	0.661444297506796	2.208998062144	1.68283885107357	2.16185407535011
b1731	35.0157178729524	20.8822391765288	13.3629870248213	48.8774744443354
b1732	358.295778938058	162.528350789789	51.7992975156451	28.5590289476622
b1733	26.9445949032369	21.9889978528849	24.1736435279017	33.9901110087047
b1734	7.27148742137183	6.93836705233447	11.8000212475279	9.20665423663514
b1735	10.4089205821176	17.4563629272834	17.0128420218143	27.1475530743254
b1736	10.6057222403654	10.119854370164	20.8154220963562	14.8558177485597
b1737	4.89147548928867	9.14808027501578	27.8764298862166	13.642428660929
b1738	57.1562053714751	46.6337481423511	79.2412641798981	65.879303941043
b1739	1025.95278683727	633.923797869077	495.70177753358	504.177531555103
b1740	146.116879778947	251.574236862019	67.6501218131577	383.802204551106
b1741	18.8645701336229	18.8575085536695	48.4521142715859	33.2750242138348
b1742	3.69306399441295	9.25017938522801	7.51668020146197	9.55569527055796
b1743	85.8979329070863	38.1100864971651	74.6100108885855	19.0741363685211
b1744	11.2506965031032	3.14203351077183	0.837772406354894	2.09269259306337
b1745	20.9713276825592	8.87262104297381	6.44286874411026	5.38854996460035
b1746	19.7762453250511	9.7782249774882	6.22070085638232	6.26776894868241
b1747	24.6632447626882	9.80557317854398	3.66029644592931	2.79892218451126
b1748	42.4656990020948	15.792514050456	4.87568445500236	2.13529567147603
b1749	74.7948425336867	94.6338054577973	56.3331869373507	41.281500992745
b1750	0.747962327982369	5.35272586486974	48.33510813092	21.5942160944254
b1751	4.31402165719034	13.4718162475129	112.550645140475	19.22710925422
b1752	12.7692382179702	11.8258951946741	61.1526524864703	23.322374897633
b1753	17.9204416778071	17.561620815671	36.9672796793211	30.6046081486722
b1754	19.3672250606746	31.95948867287	39.6509711398456	26.0645131449666
b1755	6.75138261478617	9.41536115996423	17.0887026455112	12.4475504182268
b1756	15.8564582512409	13.578244969142	27.3083060530178	12.8455121357959
b1757	37.6082663651227	17.6517184598846	144.609893417117	53.1538433205348
b1758	21.409066634278	11.031269825862	29.6309712289515	22.39137747609
b1759	11.7309091587235	19.2776847692147	15.2544392323787	34.7910143596785
b1760	31.1678367880126	28.8106058089362	19.8242115203393	40.3229338889479
b1761	438.815139621853	1015.25438232156	214.42672538992	756.336873031305
b1762	1.78799640075324	5.11825487597631	6.75851361053641	23.6537155794791
b1763	62.2061054471759	71.7707234083222	85.2350158624495	79.2878162864645
b1764	168.098085262934	176.679945170726	270.082095514599	265.825221610004
b1765	158.480615760243	180.177407155746	222.0688781258	227.762292764603
b1766	49.9727043896653	80.3375838045005	51.7303031635347	52.1033607950294
b1767	90.4637268719915	117.005218890436	62.2620590138797	74.0599763866253
b1768	65.4397133963266	84.5730686649418	54.7944911882274	64.074391504302
b1769	0.586977058714641	2.24034618979978	2.78764298862166	4.68958485219435
b1770	30.4787257720721	23.7339441707939	48.4870438291934	19.0835603489404
b1771	7.04731477832929	2.06906590005974	10.4819760607543	6.79187997984612
b1772	0.841457618980165	2.40872663919138	3.71076617540528	0.916735588914288
b1773	3.81219509100691	4.85006845390347	5.17276917089856	3.11492952792382
b1774	1.01877627432081	3.40236483134823	3.88793803523895	1.10991741799584
b1775	0.963407998542508	1.2869814796839	1.37261116722349	0.629757491515032
b1776	2.7157907925488	3.0625345199004	5.02507868621413	2.42079481418035
b1777	272.71857189511	274.165442375361	679.970455147636	53.0564919591419
b1778	406.558175384938	262.91193084971	612.446030327814	79.069551712443
b1779	2965.48589276668	4198.84906868746	5793.1869374376	7884.99374868209
b1780	47.4715209044539	48.1636458837635	96.621190928623	35.3518103711489
b1781	37.3193835224887	35.0162179033794	52.2211466627884	97.9180829497174
b1782	316.446640099577	790.70724438548	199.961805841302	142.711309456044
b1783	321.141974137416	132.56336809342	278.571664396507	123.809997375787
b1784	128.80854978644	44.6577418651328	135.510991669347	58.2084260848941
b1785	0.36029892628419	0.515689443078913	2.75000495175438	1.37386119422656
b1786	19.082069089844	18.8885525589709	22.5046682892865	21.1777603115786
b1787	72.2785381763677	110.247035938228	59.5965358830199	118.404404555485
b1788	2.53238673902602	4.83274678085382	2.5771474976441	27.5893758187538
b1789	16.0611105260375	20.4337615566302	26.6362895729659	69.3437667390825
b1790	20.0557635900966	18.8283109071586	22.0562440948008	21.849980119232
b1791	4.49916425715283	6.6542262147543	6.86803267138657	7.84266520736149
b1792	93.982111306095	54.6808633609538	81.6466987400179	124.033271461035
b1793	31.2824244232626	28.8543410739213	74.2824866968006	96.5628153656383
b1794	82.1544762265897	136.256610626851	153.234778843839	175.902438516938
b4676	37.6021061249318	97.3871699778118	43.7334120812333	64.3752102437589
b4675	10.6360243039093	16.9146137329884	14.432025986807	27.0375883023787
b1795	355.602017389738	474.831927685095	245.605261522468	440.931409922613
b1796	7.26504392343531	4.15933124581681	7.39345593586423	1.58299697320719
b1797	3.69306399441295	0.704775572207848	0.751668020146197	4.82814076828192
b1798	13.3158363742213	15.4852097555527	34.7249451560497	77.0689136721057
b1799	48.3455650177695	44.4832374146772	54.1786689845635	50.7895327572513
b1800	24.4844021729035	14.2512629518272	10.2160404948047	36.0109946805557
b1801	1.83887003871184	0.877313990300226	3.18133352924946	3.00506686822526
b1802	1.89084876513943	0.451056366213023	3.60800649670174	4.63501513755064
b1803	6.88148570387506	5.77828419449913	6.44286874411026	12.2952653105316
b1804	34.1804859057368	54.4326665343509	76.0464135275567	69.8539515411
b1805	90.0529341271086	32.6554375450042	43.655594622014	25.944813381159
b1806	137.975916657242	64.0837169780745	135.765192917128	82.6259141788452
b1807	92.0719057917435	62.3361842314873	93.6993066492587	71.5896734607319
b1808	32.9766844587454	21.6411462988784	35.5419792257511	37.8974942565299
b1809	301.354021944096	244.158772145745	144.32025986807	148.622767997548
b1810	199.425455698299	65.1212628720052	162.360292351579	65.6627144486341
b1811	101.928566245797	77.5253129428633	114.253539062222	230.141376621438
b1812	22.841682150466	32.9723197217945	21.4573073592394	28.7136124985929
b1813	70.2638911268619	64.4157569624168	28.9762179786928	81.553051319166
b1814	41.8817806838919	22.6767348947756	144.32025986807	70.2467953539039
b1815	18.6246829586904	5.87092596735994	8.96924691956813	7.06557185602231
b1816	38.7664983459764	45.3011812887357	85.6814644929653	24.3732732425792
b4751	32.9210276073383	66.45026823674	99.220178659298	31.7277821915669
b1817	203.802420432418	451.056366213023	631.401136922805	1125.07601236199
b1818	167.308247477225	521.375546900727	536.471377974005	950.800155791247
b1819	193.807837227925	474.085652516153	870.241003605879	1143.11332837773
b1820	19.6963413035357	35.3769698990606	33.6039820771241	34.0809936584606
b1821	3.28272355058929	6.26467175295865	8.11324212221292	5.62005803715355
b1822	48.2560361936625	69.537856457841	77.8393994195839	47.9237676259094
b1823	3902.4079648391	5142.04257482846	4236.83048612691	9227.26674258221
b1824	3693.06399441295	9962.00271315794	4541.95401173339	9376.6517170675
b1825	60.9355559078136	128.621541927932	120.266883223392	201.172532011746
b1826	31.39104395251	95.1447022480595	195.433685238011	126.7386951674
b4536	101.928566245797	125.802439639101	76.6701380549121	63.9728651797354
b1827	146.715360505314	78.8067230741503	98.0585099008902	69.1301973640365
b1828	5.99921312629527	1.66191619647266	3.74192813522561	9.69844870484577
b1829	217.966144323311	258.609485475451	239.306553352667	121.853076532829
b1830	175.450278902945	266.59709639183	198.229053863445	196.518760407375
b1831	452.297313925184	866.783210179747	504.424084249182	417.333712760505
b1832	295.801077528401	545.139659466794	160.838843828873	399.630446724057
b1833	20.7087700621287	27.0712859978903	38.7776399178225	46.2508811914856
b1834	41.0863884936511	38.7225211882763	51.7777697704351	40.9127190387442
b1835	35.6380675460849	33.8292274659767	34.7646459317616	34.4005029740086
b1836	4378.94544917278	615.56347446002	567.461781285053	1843.24969077699
b1837	191.11606171087	77.9657976754932	100.065805181962	132.773871127753
b1838	13.3557382811646	7.33738951887623	28.8311021425939	51.1474273169591
b1839	93.2984588062218	199.562767288328	90.9913919124343	254.959714254887
b1840	45.0782244266487	109.857800533842	59.2035430300716	125.432110681138
b1841	121.959745351493	210.417794838375	191.224344325192	383.933753893778
b1842	155.396458985688	98.8516386992826	55.057241995124	112.865628349447
b1843	73.6589202173322	51.7479050278639	66.7234078157172	34.8331617072394
b1844	87.8314224191604	107.534082782121	50.2019003500356	112.292504746466
b1845	33.285956700735	29.0527572124109	23.5019346036977	39.2154665022025
b1846	41.8994896820669	12.6859602997413	54.9400989270493	38.6251261462553
b1847	452.105514879057	242.348037098699	272.874440927023	147.684305853329
b1848	86.8060402810466	102.010814781425	209.227180865436	175.206757776828
b1849	80.2889027182296	104.801741577167	9.18067810865584	22.1136218394591
b1850	223.65471667099	218.54629426034	108.324494118265	199.894052369055
b1851	33.6044366114132	37.2457554054214	18.6672521559486	37.7298417653818
b1852	145.380616755671	343.449169090556	139.700251549122	246.117419651444
b1853	57.1533489893976	53.3685226402909	75.8925504478643	127.862486553121
b1854	241.945597904243	237.543068121281	390.804861700958	371.395443713993
b1855	105.594274210622	115.896427429735	89.3649757284923	95.966748604122
b1856	126.418353876775	735.843230084766	143.993003042972	70.2872193477775
b1857	118.273046251939	5415.66772495922	284.812088405234	56.198937560066
b1858	66.1234315190128	306.409570202746	194.001936628209	94.2637007140755
b1859	28.4168588272385	101.358563209129	104.315455009602	36.1189156711166
b1860	81.2693251708202	51.6974841097271	74.9437551243686	93.1243768362981
b1861	68.6475424843818	55.9674719106233	81.7991668982626	131.117156158244
b4677	0	0	4.10000738261562	0
b1862	1.76385146001812	7.57370764163658	4.93632729648249	3.36288411721128
b1863	124.290705467139	130.748019947525	164.848572694131	208.664474583218
b1864	246.88207561031	285.220106064358	299.449931912493	288.124675807593
b1865	204.854993491409	246.438080877976	182.789733111049	320.383910584005
b1866	233.806569230042	295.791087868756	207.567209624127	334.45699332227
b1867	60.4959054322883	71.148772051459	32.9302180254524	85.8336136583452
b1868	19.4798979925079	38.1043496182705	10.5729128108476	32.1876051218794
b1869	203.454252783113	142.8772296385	170.150306378548	281.641544816445
b1870	76.1247707235443	77.75265990164	57.82994284028	79.0413367710668
b1871	50.0615341464866	51.9445699516155	72.1044508214315	48.5794410635773
b1872	9.19162594165	5.63820457766279	7.01556818803117	7.39122784280194
b1873	1.93206617691359	0	2.70354710243319	3.15736725991188
b1874	195.420928475442	69.6284300253537	116.644386740759	188.472001075101
b1875	83.0060097791862	66.2265299598486	36.7482143182585	81.2353843552195
b1876	143.531123824381	165.634452817845	142.634858909403	84.5342293685346
b1877	5.43764023717244	9.85821045787665	1.10675045911096	19.5495270372151
b1878	1.35318375367803	10.9751310481222	7.57405943964107	8.10832800780169
b1879	7.4181025688641	17.08546841716	7.41906097806636	8.36041691477388
b1880	3.23986815175653	12.1449576411796	5.41671993630158	2.01697786664519
b1881	12.3674701208248	50.3504780888956	10.0688553396328	7.18606998069866
b1882	7.49976072711552	56.5988997988457	7.63232143533061	6.68511798685188
b1883	0.759716021707806	11.8402296130919	2.83486224740851	1.37946879093769
b1884	2.16179355770514	27.1105307218629	4.08572164260651	3.36455802667729
b1885	0.829902021216392	48.7799721887679	4.72959653125697	2.53160939160849
b1886	1.75987165076718	118.005382812274	4.88448532946987	4.0089255476709
b1887	7.38612798882589	129.880069735446	11.275020302193	6.89734395468845
b1888	2.30041238125264	85.0895454201476	6.74779840986204	2.6536346207351
b1889	0.573679843792302	43.2444817121709	5.83819821472774	4.06251326781003
b1890	0.898312863505852	54.5724868750131	6.09460556875295	2.93603154827954
b1891	36.7392894780977	97.2809390860989	91.1348791265337	37.0240846479649
b1892	38.6351310184739	112.764091553256	114.099350750397	49.5193924951991
b1893	2.6379028531521	4.02728898404485	11.275020302193	13.2199092464862
b1894	7.70726398834006	10.1119973403735	23.5304771524027	45.132620225244
b1895	107.847798885793	68.0133069683099	97.7694068162186	351.137510420503
b1896	349.869220523332	147.246163759804	96.656595095852	110.386544723245
b1897	313.039042402823	84.5730686649418	78.03834276574	105.604277478526
b4460	13.2007393842846	6.16946397555807	22.2073348201247	24.9478398361072
b1900	7.89803784943759	2.67954276958231	11.6099218953274	15.4882931576568
b1901	21.7555042579963	3.58794836760359	25.1467119467091	6.43752102437589
b1902	68.5854741819547	145.989225671626	660.930951999977	184.503950787916
b4537	79.1370855945631	200.357626956231	44.0262697514201	72.4221115242287
b4663	42.7886035214741	478.275284863809	27.9931538537204	103.222319873613
b1904	4.92408532588393	26.6248549500743	4.17593344525665	4.47050071137214
b1905	39.5113352655265	230.792771718185	276.034231976579	42.4643706126
b1906	17.7267071731821	7.40014350818241	92.4551664779822	45.8673372986782
b1907	34.2248306808962	20.0965707718674	6.47476413393259	15.0580627921664
b1908	71.46577891891	42.2865343324709	182.025552986755	273.159675899193
b1912	107.03831380528	95.6646186537866	167.092104150532	253.27951571315
b1913	66.2938230617368	88.5871750336543	154.860835312608	164.520279534582
b1914	163.10189476695	173.394099682917	273.895470354642	534.843356340271
b4752	3.0045266395224	5.7337673671147	6.11526524864703	4.90997366265957
b1915	93.3606577787593	78.934864087279	96.2135065787132	66.9502186535092
b1916	23.9053105032539	44.2166251111314	30.690511693936	45.6770163970239
b1917	75.5680345629677	75.8125117514419	48.1546683822743	74.6342078921667
b1918	59.6189703133929	91.7788458157665	40.0440182929902	52.8280873300801
b1919	110.18576343209	138.041756453112	76.4919310470963	117.108095230668
b1920	405.324147162086	227.745454569637	159.792797091753	534.892898598423
b1921	9.63407998542508	107.554880802154	14.7065482202517	12.5951498303006
b1922	2.58514479608906	150.117196880272	18.0400324835087	2.01172532011746
b1923	43.6950898256794	2340.75882030363	103.938062905987	107.980062072197
b1924	1.70085676501748	76.2780555336256	5.96205764380352	3.70603555774305
b1925	3.8817606948574	82.1037819885931	3.95037207668074	4.93386647853626
b1926	2.90601756937412	36.0475374637457	10.3508383102099	6.33198789282874
b1927	121.871111815627	75.3655168344844	76.7428801213779	40.6887669585049
b1928	157.356639761943	242.075087845304	135.95386799166	271.495451897592
b1929	158.746631401631	90.042968628346	192.516764562817	65.0958282688756
b1930	165.903797902859	84.5730686649418	289.103084671614	77.9930431799386
b1931	28.6171057504286	9.86053715376003	25.0780720622767	12.5574961686256
b1932	15.5108687765344	23.7861755620149	12.4025223324123	15.6914574969162
b4495	0.706556087505046	2.92147889985184	0.47936313065125	1.02635410486064
b1936	4.76524386375864	3.6375513404276	2.90968265863044	4.15323937056509
b1937	2.53238673902602	20.9419027170332	5.15429499528821	3.67858344250051
b1938	0.480832925131523	40.5277815482994	11.7439632804035	1.39693042120272
b1939	3.20362177828593	42.7960106497296	13.8560490460684	9.8889630193726
b1940	7.35387415481355	40.6246181359983	17.7249227458055	5.06006019383257
b1941	2.32227604888849	24.0054561712717	6.30219475406418	2.10835841409691
b1942	2.39550096934894	26.8576636976504	7.92298723937883	0.652451455173232
b1943	1.17863744502541	25.4169062743043	8.15639766541618	3.59542397638015
b1944	1.71548779095311	76.3885781489797	16.2942228883305	6.8528449614324
b1945	1.85204403301903	55.7929796267228	11.5779312953862	4.6119553607469
b1946	0.642271999028339	41.0608376851529	19.6087309603356	0.699730546127814
b1947	0.72650439234353	27.0356530978093	5.17541915510496	0.791498486603593
b1948	0.72059785256838	14.095511444157	5.50000990350876	0.785063539558035
b1949	2.95445119553036	23.4925190735949	3.00667208058479	2.14584034145863
b1950	0.676591876839013	5.16476755205752	2.40992800352216	5.52840545986479
b1951	6.81796429737775	19.1102607079436	2.16827313503711	12.9988405299898
b1952	149.129441298199	28.1910228883139	91.6319110273459	121.086704982308
b1953	766.213592946096	47.850552007796	335.876920581116	222.348588012983
b1955	135.231313913062	37.000717540912	156.855429498155	46.8613662803833
b1956	42.042101968255	24.0995823983285	36.5590038825088	40.8469254378541
b1957	50.8553074640471	5.54577499442241	38.445970866494	52.2389001158371
b1958	40.8409429970373	5.80403412406464	31.2458078962733	56.8016560974343
b1959	1.15483434352978	1.10192923341944	2.05668122776158	6.91981087310763
b1960	27.6626959071951	26.3954163349181	27.0025963925131	16.6063440437722
b1961	59.0265619403	64.904913161467	63.1210438905009	42.6672905103983
b1962	43.9347268300851	37.1829870854486	36.5466175312461	65.7626070162537
b1963	15.9830966315577	35.3543155894429	11.0901839037963	45.1154137364048
b4496	20.0595596678926	11.2716830827542	18.3727070137997	22.5825863260797
b1967	413.519137402576	197.734216878596	158.167890436397	25.1607335811874
b1968	15.6527215657237	36.9657121316964	22.3011439089733	30.9086274349173
b1969	49.460678496602	45.6845594127587	33.0197023135651	68.5423555497165
b1970	7.06499198931172	29.4167195356319	9.15074111482327	13.9946109225563
b1971	41.8032796024295	42.4127627931649	52.2353179373238	31.9954403151816
b1972	17.9775568029913	25.9304219963265	15.7424811766468	14.5755193004737
b1973	7.76054000669264	22918.522132912	39.0728814158945	8.45480871865036
b1974	14.5218787576916	207.849067057908	15.2881631216176	16.9121315047163
b1976	282.894255451722	122.726332724314	303.153929328135	268.270378027093
b1978	8.04051575892535	6.09471033193731	10.056228366178	17.6833981508926
b4497	0.505034392398352	1.92759130860266	2.05584415766481	2.20086188867552
b1981	48.0518941596509	73.0141071162026	44.3809455175158	148.913498866827
b1982	94.4815217374759	246.220975164738	83.6908723461745	167.441912829901
b1983	93.8254584689348	401.27974839349	113.599367730881	189.489374085709
b1985	12.9392023161913	7.09919919450242	11.0281220474004	27.31247514904
b1987	57.5978182598663	24.0112813244314	13.6580687572306	42.0368092128015
b1988	7.53095402782248	8.56785989742875	13.2647297672858	12.9381549999711
b1990	98.6083710919778	56.0194602732412	89.9101297409599	92.8369189528162
b1991	16.0032773091228	13.1558106812132	19.7939245305165	23.0677836706803
b1992	8.22004566498365	3.06918394348579	6.18307564958968	10.5128871567429
b1993	18.0189056430698	3.25281033326699	21.3110273843647	53.0564919591419
b1994	93.6011971681299	98.7933191484276	155.389070359426	93.999200798409
b4582	47.7925928688734	27.3618751563047	34.4882973949432	88.0425669510232
b1996	39.6209514632382	30.524716836022	46.8921374157429	66.1870953002885
b1997	79.1889787654448	66.549299933069	70.2378313907102	117.933274503935
b1999	21.8462940514569	8.33818986837455	13.9746730506054	19.0405551425202
b2000	170.704781095595	97.9909112896682	437.64424957589	64.0657140406639
b2001	12.6619336951301	8.10974631033689	31.2435004851374	18.8968327525711
b2002	7.73312729031436	7.37885833989425	26.6362895729659	15.5537420723176
b2003	0	0	3.65676334125177	14.3539320138111
b2004	0	0	1.46666930760234	14.9162072516027
b2005	0.709068286927286	0.676584549319535	0.721601299340349	16.2225529814272
b2006	25.9082643300354	19.516861999602	9.71386364496624	26.7404719474075
b4538	6.7033766621277	9.23907472810289	9.85379925569804	66.5390828569945
b2007	654.276646573814	994.886825931225	1304.62234914829	3232.22078342073
b2008	31.13472647981	30.4271380182652	44.2057453207792	41.8530049601775
b2009	81.9018749140694	41.7512617459839	211.228228446146	67.8384335796573
b2010	11.8481847430009	5.21787570169307	14.144498476787	16.8798751795974
b2011	53.8132182043029	52.5916561445857	63.4812067434393	89.6654714109499
b2012	300.887529650065	159.130905514298	43.9132369664357	257.92436209506
b2013	97.6726500052104	50.7917579517498	8.94335887992642	89.7240890649557
b2014	39.1318039143094	189.495948553898	92.3904533371749	20.2504800435665
b4678	0	153.036981393704	8.59049165881368	9.19645860625127
b2015	24.8745729688201	13.0951848255394	55.5749387798414	49.5273794939887
b2016	136.656797116895	141.467678494085	194.832350821894	227.185969242065
b4539	117.830465327622	97.5077732842859	187.828573504767	113.603312194869
b2017	145.612237493996	106.723158077188	222.278971671804	134.498207116425
b2018	72.9923236542794	258.694092386881	567.730434039833	647.538879510751
b2019	34.5670789877052	148.284780392531	172.282310217508	989.768857497793
b2020	37.8984774047342	135.316909863907	215.236249630828	798.696573989808
b2021	39.7237135533493	167.724741217868	205.919138292151	710.832153447892
b2022	59.2550043148504	202.880338876012	253.624613988655	700.622899127651
b2023	38.6928126115143	124.927730870549	203.751635917802	476.44191134721
b2024	31.3460065867245	116.545814135834	176.00031691228	462.402424799683
b2025	31.8259414499216	149.880457595399	178.310745782943	586.08782144704
b2026	55.6131989746891	175.364745319953	333.829032476693	1227.86246597287
b2027	238.524500189607	427.779374837351	289.633549047158	243.621781885785
b2028	16.1773291683282	45.0041779271027	22.9558253967527	25.3198127693962
b2029	350.3764935936	1310.25142200313	375.801955999745	475.813787441343
b4571	182.092393168648	949.447802376052	510.186592012124	382.654365761254
b2030	122.361341549399	134.468684396471	187.584408567458	113.938425210193
b2032	35.6435130828059	255.986580489864	162.50538644662	93.7151183977509
b2033	68.8372131344383	248.567546989854	141.939341875322	109.307146327601
b2034	89.9724110300483	375.596407666056	179.582800704415	150.53296896879
b2035	21.4178724200401	83.4860112270891	60.2880262945022	52.1290262899333
b2036	98.749319850607	214.879943482936	184.567180164159	197.061615053246
b2037	41.9730927057318	230.339631724469	112.75020302193	123.02474073026
b2038	94.3518285024211	282.819616718246	124.146460101565	159.899715766756
b2039	99.7880965020967	298.307048318179	152.481226943943	218.744336848691
b2040	105.769352799987	275.70820384771	130.790235505438	180.572464733744
b2041	133.684835864053	427.771515816322	177.908607641232	226.735892433129
b2042	485.699879426283	630.040981329432	662.275018018743	532.06759339053
b2043	6.29012190016141	16.5508585989456	5.81936531726088	15.9899715766756
b2044	5.44432038488395	2.90914732508399	7.53514870318546	10.2019682081633
b2045	2.28329951879395	2.37676071189532	2.11241598167549	2.26142424743884
b2046	0.898920242047776	0.6861912264904	1.09777073936159	2.15454557610958
b2047	1.71548779095311	0.18187756702138	0.775915375634784	1.24597181116953
b2048	1.74551821180131	2.40579845217559	2.36849441796613	1.90167470085502
b2049	0.55511609101823	1.94217902988384	3.38956769001208	3.83025781199818
b2050	1.0861952924744	0.829147732009233	1.98970946509287	0.946694268290572
b2051	0	0	1.1275020302193	1.20703519207048
b2052	1.10103771262001	1.05059712627257	1.12049891201918	2.09919163838344
b2053	0.947952255250382	1.13065599819441	1.44706142915845	4.64740822615372
b2054	0	0	0.985794124781897	1.58299697320719
b2055	0.355957975365103	0.679301756344914	0	0.77560494269589
b2056	0.436618403280348	0.833232203595486	0.88867155091176	1.18919723356697
b2057	1.09154600820087	1.24984830539323	1.77734310182352	1.90271557370716
b2058	0.543764023717244	3.63197227395456	0	2.9620495510932
b2059	0	0.604093347606727	1.28857374882205	2.75893758187538
b2060	1.47517674118021	1.64219550805712	1.62635521695987	1.47321909711792
b2061	0.598875242337234	0	0.609460556875295	0
b2062	0.233246147015554	0.222560707013005	0.71210654540166	1.01645068805935
b2063	20.6475850596724	26.7494364906161	40.1459056214446	54.1336995231609
b2064	53.9259053164764	68.1511135843706	100.417009293317	76.0939985162878
b2065	134.77779938373	193.123038240048	267.810791507758	220.999433104863
b2066	84.9059572547275	124.093194209307	104.531029343695	73.5501817971918
b2067	25.0834509276944	23.2461237560057	46.4865213182639	27.5020676674286
b2068	24.4290310867174	11.6549458584195	32.5103058890087	35.4859816184678
b2069	19.6526687064104	14.4393044062096	27.0000486172248	17.3427672829639
b2070	7.23817781339487	2.47594499943589	15.5661297238288	8.77843776051257
b2071	2.87771220343866	6.04093347606727	5.27143806336294	10.0325002977287
b2072	0.697901857211895	0.33296483726355	2.13071249805221	5.32235990204306
b2073	3.2230376678513	1.5376921575444	2.46000442956937	5.70598454433317
b4667	0	0	22.5500406043859	222.094475340968
b4668	0	13.3536424207803	0	147.385349768606
b2074	13.8489899790486	15.6541497288474	14.3106026912449	5.80305380803115
b2075	8.68455394651575	8.2866983706283	8.75140864954074	6.95697517043504
b2076	8.46597126204605	7.50112012525312	9.05518199708284	5.08225344029675
b2077	7.88688242874629	6.80884874844871	6.30636728766725	3.88706248293883
b2078	7.95429168027404	6.14419729617099	6.36026786277551	8.04690128046986
b2079	38.984044820691	33.3379316314086	42.6672967452281	73.3236315846963
b2080	844.014841533942	162.288861492186	348.611438532669	93.9530095449454
b2081	114.20841075233	103.574066470722	86.4252657524922	66.9984291633834
b2082	23.069002485648	13.9024222462918	23.4767546018264	10.5822263414398
b2083	7.28494815336252	2.31707037438197	4.94247465301609	11.9050046341198
b2085	4.18082716348635	8.77645052183359	6.80755942773914	4.55484978139803
b2086	56.4300178346298	40.5950729591721	38.4854026314853	19.6344391243465
b4498	761.875214611607	94.0096426422932	557.72184635858	1315.49048048641
b2088	0	0.845730686649418	0.902001624175436	28.0032164560351
b2089	0.613380871044365	0.585280752006518	0.312111288642019	224.867732668078
b2091	2332.56901881123	371.43906814228	2187.15898150205	4063.15177854088
b2092	2950.36108636423	597.67874814245	4776.55690716702	6890.01997090151
b2093	3527.61472746325	1035.3524090245	4122.62216017868	7325.56010884374
b2094	4532.63684739445	2003.42958022846	3672.5205201527	9610.23833983319
b2095	6087.29229460081	1385.10999630588	5361.66048574591	11984.1105464115
b2096	9047.46254530202	1379.28288826193	6102.27835639529	12037.4866817909
b2097	898.203666880468	386.723006288409	234.623214493497	208.80677168809
b2098	5.20149858368021	7.14701988717818	7.19907399576639	5.21348533664244
b2099	8.20190928908428	7.3212507202487	9.69315178218379	9.51215793154049
b2100	6.60622627572005	7.87947844704427	11.2049891201918	14.094572429146
b2101	11.7466131870484	16.6428930304504	31.877969047164	31.4120001791835
b2102	17.2072432267153	34.6966435548479	18.1721938936443	34.6635747466394
b2103	110.542949226023	122.900189670402	65.5386947902751	164.554610454552
b2104	142.555078598024	130.236094331945	66.5354810228268	199.000174631848
b2105	144.151245144558	20.4462363805354	77.3144249293231	207.981448479836
b2106	102.170294070886	13.8392294178996	53.1360956786984	513.363040234775
b2107	98.045946754326	91.3089767886982	49.4903546007761	174.325790571595
b2108	0	2.69653262409959	0.784349238413423	2.51902996606013
b2109	0.857398170407842	1.53397343406787	1.85417504364963	1.40115330639378
b2110	0.369306399441295	1.05716335831177	2.25500406043859	0.402345064023493
b2111	0	1.86901809204291	25.9138588160899	2.13398486995886
b2112	256.471508037529	151.151867401173	41.2617764250466	67.7994235545971
b2113	71.8650290804681	92.1160720864096	169.430034811332	225.2262423258
b2114	169.554123920481	328.562629592119	162.040999741251	184.437825808999
b2115	2.90073390106617	5.84323019866871	2.29600413426475	3.51137510420503
b2118	3.5863280408172	4.05056811112025	3.42626545929563	5.82087986927465
b4541	0.836165432697271	2.39357741504552	0.850944928467393	0
b2119	0.732508560875295	2.79580392280799	3.72727943874147	3.19215918564094
b2120	1.74934610261666	0.111280353506502	2.96711060584025	4.44697176025966
b2121	1.40316943323341	0.669443815289777	2.37995151497477	2.29304838599141
b2122	2.88239141027352	0.962620293747305	3.52000633824561	8.00764810349196
b2123	1.7266273220632	3.29505462330942	5.8571534037366	15.675781715201
b2124	68.8744673607714	34.4756458251992	120.075375447558	123.625005659193
b2125	50.5949767234574	16.5622259468844	65.7709517627922	59.547069475477
b2126	40.2162840672727	9.63109678746668	61.4709291920271	47.9377677704859
b2127	122.415990109885	33.6212609036859	66.5411034227781	32.8471871940491
b4542	71.399237225317	56.3820457766279	92.7057224846976	32.1876051218794
b2128	32.6926976554589	11.7847718631476	22.5500406043859	26.1194500579186
b2129	32.6997510961612	10.6742708023713	21.0175135730199	14.0625459270347
b2130	24.799020397716	15.1179837768937	18.9280133570493	9.50618389609911
b2131	97.9024023616922	67.4373488700843	47.753027162229	30.925346097492
b2132	31.3572953259292	77.286094080234	45.8066098961155	51.4329355994523
b2133	143.022296510901	282.698788963931	186.234950725733	397.224308663194
b2134	67.2588889529097	89.7399120882019	51.625816431906	81.3487383466149
b2135	128.880396539717	6.47242872435779	71.7919660058	72.4221115242287
b2136	64.293756586671	31.112372410419	72.907903301227	76.0494711687929
b2137	49.8999827906505	11.6537693042243	14.9149874863655	27.7523052035102
b2139	1.48134043229934	1.59016215456367	1.8844045073303	2.62252771536204
b4679	189.929005426952	87.5935354029754	96.6430311616539	231.061022482063
b2140	18.5120676175636	14.1847235419048	12.8449598379413	11.9175626558857
b2141	15.994021509638	11.4459792178117	20.3459012971903	82.0420912505047
b2142	21.3943017607371	14.581563562921	27.6043600501965	65.7626070162537
b2143	58.5882694706867	28.9555252039292	43.7241465278262	78.8869101800638
b2144	20.6811583687125	39.4674320436395	14.6575263928508	24.5430489054331
b2145	32.1296567513926	48.6295144823415	24.8050446648245	27.761809417621
b2146	12.0181065580896	6.75765439695661	82.9928855173525	20.5751277292401
b2147	10.9716270125278	3.07911657760711	85.6025813234455	21.7969461869038
b2148	41.0291738726471	7.02684250035125	37.7395338304856	4.58458470578698
b2149	91.081010229072	18.0155649227095	24.0177947265649	7.23744967237526
b2150	486.552863552207	33.0165132926199	107.806800727274	22.3283386881506
b2151	30.1405107555547	3.65589633998308	42.8905671437888	28.9410167090098
b2152	33.294981089526	64.6348581765747	32.4814056374056	65.0423108680465
b2153	396.267422683018	1274.28480140899	304.172745013421	726.602709343234
b2154	127.390852624481	154.899061246542	224.368862787725	178.243189653418
b2155	408.72874521298	95.2720713273742	9.37320964881101	39.8467039310013
b2156	184.140692880606	282.888284779265	98.6679327669457	80.009189874386
b2157	28.0371388963595	39.9852263415881	118.119260308688	61.4192056917495
b2158	17.7267071731821	16.6729763939457	24.2251864778546	26.4858007860036
b2159	104.748724205167	105.272770785732	53.3000959740031	73.2661920781242
b2160	42.4854965307671	27.2590882473779	22.1151913365327	37.7738836967511
b2161	2.12550445721608	1.01406557152208	2.59568812712356	2.77878605368743
b2162	0.846817221648828	0.538681966018738	3.15987830125153	1.84514933819691
b2163	4.02879708481412	5.76634559079149	3.2800059060925	3.0724532161794
b2164	9.35221961175077	3.44782294317509	12.1132112599099	11.3467097192237
b2165	6.7961816638398	1.08080598932833	10.0862801425368	3.39358137067738
b2166	4.23408610824414	1.34670491504684	4.02166329250194	0.307524889699485
b2167	46.3597395043327	9.59694396197921	134.020808698407	144.673012382916
b2168	50.1218397708185	6.48483593596998	160.804123415301	113.83922961636
b2169	22.3347106293409	3.14064445970606	240.214756146456	134.726898892111
b2170	7.64857923715981	3.00513441956646	23.5802455050939	9.31316493374176
b4502	10.4274748077542	2.98493183523324	21.2235676276573	24.9927286828711
b2171	157.312924913842	206.340575905041	102.478718558152	61.6788663592035
b2172	8.7002243794759	6.91804242658011	21.9505507723675	7.70132883284232
b2173	30.7119242818049	27.2484658920481	9.59576195931315	14.3816959055206
b2174	17.1308514698819	45.8400246125105	17.8126371160695	12.5775095644319
b2175	1290.57931588882	660.922869937138	572.699443920912	1114.30423445745
b2176	21.5179682449032	25.5837606558687	33.716438360315	40.0019370011796
b2177	23.1472705236593	32.8506960929939	41.4473473588052	41.3384614540501
b2178	11.65591704538	13.6707152088536	27.6778580568901	19.0480074145917
b2179	10.3664954229135	15.8265391653692	21.6269395270134	24.2818775480845
b2180	19.7335042116556	25.5314924271522	33.8676081530022	68.5049407122264
b2181	208.096127685182	208.123290714596	376.487634438443	47.8615693551425
b2182	45.5446884550272	51.7663871173321	78.6127360112597	101.913903370787
b2183	107.735591009426	195.757490832214	152.407170981367	223.093401017164
b2184	14.6464275621692	17.2892133556951	32.4228863204458	25.497847328235
b2185	2004.05089515764	2822.96000775295	3056.36129286393	1025.59874425188
b2186	92.8541804309541	117.546497221809	97.7168426190056	80.4690128046986
b2187	256.57076171711	393.932451413018	160.223972715374	453.591119546485
b2188	86.972600781541	98.1162857935696	127.386600756633	136.865864368332
b2190	16.1119972128527	9.94780253207434	15.3250969018322	25.0107252471792
b2192	118.439503679226	122.244258542246	170.023314999441	104.823351193377
b2193	50.0615341464866	38.3711144868717	121.102069912443	27.7171044105073
b2194	14.393480183353	7.71036523441065	41.1168831532962	14.0304945403064
b2195	9.05396334114142	9.09387835106901	27.6419852569892	8.82563366245081
b2196	7.93324858059077	6.78672773237187	15.4509537474496	6.70575106705822
b2197	14.4029495782105	5.81439847071475	30.442554815921	18.1055278810572
b2198	6.33096684756505	6.04093347606727	27.0600487252631	8.27681274562614
b2199	11.8898645673783	11.0013747856835	37.033400016959	12.1684848631495
b2200	7.21902102075291	4.59220282343576	29.7946237849805	7.42790887427987
b2201	25.9934888837527	12.1980387497512	63.7472301700909	25.533436755337
b2202	25.5758461702628	6.73218457034363	90.6489194444966	28.3443089879237
b2203	3.54534143463643	3.38292274659767	33.0733928864327	3.21876051218794
b2204	2.46204266294196	0.293656488419937	12.5278003357699	1.00586266005873
b2205	2.67428772009213	1.4581563562921	25.6603910325771	2.0810951587422
b2206	3.74206725609997	4.48879978438774	40.4758268025648	4.77572428225714
b2207	1.00719927120353	0.961057598465248	16.4000295304625	5.48652360032036
b2208	1.61151883392565	0.512564052514799	55.7601004035724	7.02275020841006
b4604	3.2230376678513	3.07538431508879	3.2800059060925	3.51137510420503
b2209	31.5383133756001	49.2910522893833	69.1719036944353	124.998491056133
b2210	50.209525781964	160.057228311247	9.52934320622501	17.7647438104362
b2211	56.4472701043847	46.7621164333529	29.6277905751056	20.0878849483262
b2212	21.2393726498957	7.40501522872762	14.1327443419193	12.9047080442558
b2213	37.4507898024975	14.5322737705956	43.1944439745983	21.7606344485945
b2214	14.1007897968494	14.656128376595	19.2187846060107	15.362266080897
b2215	9513.41313360763	8269.31564321178	4343.57901685133	5368.42021621085
b2216	87.539294682381	122.635695527615	91.5162141699881	119.104976528436
b2217	350.449648723278	563.950370314151	429.386026623606	517.078301635353
b2218	38.0657711929385	40.7731215247825	63.1401136922805	38.0152557334197
b2219	9.31452593664743	4.99939322157292	92.2737293696711	14.2703668028037
b2220	14.3885610171933	10.0682224601121	119.290690989435	19.4379693268493
b2221	0.401056723375162	0	2.85701871910772	5.24322979360932
b2222	0	0	2.90968265863044	0.444989932560545
b2223	1.40688152168112	0.958878329534488	0.81814206274416	1.31377980089304
b2224	3.14144177752595	0.856436138379157	3.19696778188762	3.66694235565715
b2225	9.23978945320305	4.89805416978428	8.70657938393278	8.94790567094718
b2226	1.93382260071078	1.38392294178996	3.11600561078787	3.86251261462553
b4500	2.71386070729499	1.98347262015499	2.87935371886621	8.8070320203188
b2229	0.426122768586109	1.21980387497512	1.73461850802969	8.35639748356485
b2230	3.46347742282422	3.00437188863026	7.8504581855411	6.68907601999981
b2231	199.425455698299	262.794398294488	309.934348032884	328.379711157804
b2232	93.4145979665615	176.866500444526	82.7146717604861	150.654018993693
b2233	11.406873920393	6.0843934291325	11.3921867801534	17.3674128355465
b4605	1.84653199720647	0	0	4.02345064023493
b2234	114.339587606549	230.74463222364	122.989460304236	118.105700683432
b2235	142.236841376329	188.438667582364	152.167913256121	130.37260748305
b2236	75.0778186158303	112.432432460452	73.2213083154178	68.1619873169211
b2237	39.2111495074997	27.281635053207	78.9771007342548	30.7043053466776
b2238	2.56908799611335	4.90278658927199	2.61449746137808	18.1929941993232
b2239	39.0086313838827	28.5051289929191	1824.60607096435	55.678280726148
b2240	6.84806568500414	1.68025964234984	1167.62417751981	3.62377011305927
b2241	0.652917391277427	0.155751507670243	1379.41463851802	0.711328289986286
b2242	0.844128913008673	0.604093347606727	1272.46657696178	1.83929172125025
b2243	2.00932449066296	1.49121279761862	1055.36462072919	5.35108800514872
b2244	23.6356095642429	26.4995615150151	48.1067532893566	29.6125967121291
b4543	58.6124995242313	34.1020438165088	55.2839705139784	45.1664781548953
b2245	5.29155438005437	0.946713455204572	6.05821986386487	12.250506426984
b2246	4.32861454228866	1.57345244027799	3.56605293278661	3.59303499034933
b2247	15.6541817076608	0.210380767823238	21.0915802667888	9.84844634326162
b2248	5.09388137160406	0.648069491685378	3.4559449202124	7.7694219259709
b2249	41.5538771640679	62.2170954018899	41.3886032040599	93.1915450037457
b2250	8.81438478224526	7.00881784516092	11.960242530503	8.00244326234571
b2251	14.980315920999	27.3969095675164	19.0563723417346	72.0821016109694
b2252	1.32288859501359	8.83599224857601	3.14129918867067	5.28453218418916
b2253	16.7623008243821	30.8932711962611	17.2922591163167	46.0299430758483
b2254	9.32984588062218	19.1140371905286	13.4043585016783	20.9269259306337
b2255	16.8953487429724	24.3099592229031	21.0148638612734	49.5231382888826
b2256	13.4293236160471	9.39700762943798	18.8296635349754	29.586586526172
b2257	11.0992994097057	1.5349014276759	10.1495645551501	13.8447593718429
b4544	17.4101588308039	5.28581679155886	10.4696617091792	25.0028718357456
b2258	4.12249004027492	3.93363110069497	4.89458245676593	34.4332519908478
b2259	49.7941212729836	30.4082943514397	210.804873964596	54.2487726773249
b2260	23.7271191145469	23.201461315161	29.5345664553019	20.7225510851038
b2261	78.9694431702507	86.4173411903455	78.9602667891893	40.0088923477567
b2262	122.413449884737	118.2840121188	111.0155845139	51.9953621199591
b2263	22.0708014211556	20.391135132654	13.9043728627834	9.16010896749138
b2264	25.9376415550152	20.0424507428587	70.4435738808464	28.2580590746841
b2265	72.0147478910525	51.096228985069	59.7158482671701	62.8105349947786
b2266	5012.13955759385	1010.73108531926	654.393335186101	732.741363656902
b2267	40.2879708481412	66.45026823674	46.8572272298928	90.2925026795579
b2268	20.2756454595221	43.1156820644801	33.6039820771241	33.13429939017
b2269	2.41328934288371	8.37357115494473	2.00940955880667	0.478033739433853
b2270	0.923265998603237	2.20242366314953	1.40937753777412	10.7292017072931
b2271	1.64136177529464	0.783083969119832	0.55679112603422	2.38426704606514
b2272	4.74822513567379	1.00682224601121	16.1071718602756	5.17300796601634
b2273	0.741703229003437	0.707724423974408	2.64184576118329	0.808057032348438
b2274	5.02885309877508	9.59694396197921	5.11773971163368	8.21811194601177
b2275	4.38469788735954	13.4480144520226	6.69329827126649	14.6720885537896
b2276	133.315050860043	339.684423938202	403.673566374809	147.625867935533
b2277	94.5424382569714	353.548592928737	373.888516373896	111.141907097313
b2278	92.5311017753237	171.4877369509	334.504511115223	92.1592993554789
b2279	56.1638247071117	72.0127119325247	160.752764704533	41.1109015913114
b2280	113.06764575327	121.145206465998	341.785480295665	90.2992813959753
b2281	101.855113039279	184.098282066227	335.385134292856	93.8953342781897
b2282	103.858928529994	223.366294848205	397.323414820836	104.856554108699
b2283	174.146859248093	444.543588648066	540.506363793576	158.919660931788
b2284	152.82329390333	314.968311776835	316.509538527928	111.718414189842
b2285	192.127784332094	348.420785877125	413.732481508015	191.390969377403
b2286	153.661155144418	480.664023417333	366.995300690475	168.863616820312
b2287	277.932309298987	602.343937007323	659.563178582581	277.017307429026
b2288	348.54539104027	530.295998115311	852.635319068537	379.726746910821
b2289	250.326024618099	146.179010056657	570.595276634941	258.220691568816
b2290	125.964409346381	123.73498223393	56.8749792583526	67.5464028666041
b2291	31.4649052323983	38.0578808992238	27.5110495373508	57.937689219383
b2292	13.7809916649125	8.99713496435551	378.663529625204	41.4066409587516
b2293	137.647472750285	198.376460601177	222.382888909612	414.730617146428
b2294	143.962349164025	360.332528917904	197.893689667581	416.097949848296
b2295	195.926763493066	122.408388857153	281.875507554824	290.959009456989
b2296	241.1451063085	265.529908850777	603.508817372243	708.448386049147
b2297	224.249043890115	209.362701450276	287.883595296272	343.5745486576
b2298	3.4963919473732	1.33448629057107	12.9874001114017	7.61836807618448
b2299	130.257019559847	233.627261505364	103.157091825589	111.50070945535
b2300	155.707563007681	153.145827041922	137.494301631066	150.324815271913
b2301	60.6006035920413	55.464198519799	75.5164150472458	59.285077340764
b2302	84.1197909838504	39.1541984559916	40.5065544189895	18.3290529166258
b2303	231.472705236593	658.411823821283	172.945765957604	156.415800096406
b2304	175.779931868299	187.025678691935	392.885271201247	144.844223048457
b2305	13.1308942023571	13.9531325406806	14.2740997765136	24.0594220102937
b2306	42.5990637495075	35.4026799062547	38.4574335888752	17.5909004735853
b2307	27.4430194731272	53.787056222055	31.3247425968875	22.221568389582
b2308	50.7030270673987	81.6185509823238	53.5686554095456	28.2520027488985
b2309	226.507924990661	394.674320436395	239.496982970719	91.7531732209896
b2310	532.480399378345	268.300769557746	94.0017018297773	15.1688713792765
b2311	52.2471369314842	50.7438411989651	29.9084749068697	22.3619151373057
b2312	220.357684030268	248.036430629987	40.8218126356077	42.3655039746476
b2313	436.098747021229	372.017731489345	87.9866614993217	101.302094647387
b2314	125.12969769305	93.7574743118133	130.606570016353	119.720413620746
b2315	57.2032039985665	55.7822367790042	57.3613326012275	44.9713348156755
b2316	420.791344045373	498.010594499133	389.487258701328	363.772704443011
b2317	61.6405953976561	57.6634559079149	61.0901100009727	104.902331238125
b2318	52.3297628728624	40.8821844837911	48.2620795223019	74.1146331957667
b2319	62.9350550527177	88.8267437161371	62.7131306749194	78.2787319827956
b2320	115.293755097346	166.245214130295	79.2523854486597	156.946422863412
b2321	41.9140515992409	41.5223198565829	49.718764224128	24.1407038414096
b2322	6.31485751716412	9.46874051210544	10.7872967776706	7.37120727981972
b2323	842.780795580035	229.199249969117	624.087610240302	472.137598470811
b2324	25.8348871358036	19.0889885925354	36.6733096824692	27.5687559564079
b2325	72.4317067291313	143.68327794689	129.965825418826	99.6777448935621
b2326	74.5877842806025	104.445429061622	104.00128016449	119.78010430601
b2327	52.8518491644875	79.5613312625749	62.1378896654189	74.3891318372325
b2328	86.6997132651999	168.223522035357	88.5601594644974	79.0059398446132
b2329	156.455329884853	323.573757184929	158.22404180978	163.783338769342
b2330	138.222716704073	278.193727473426	167.928919741986	118.918193842571
b2331	74.1824158877731	64.8087102269391	179.41988828707	178.431289262593
b2332	74.723893376005	62.0408277432602	67.4855229766294	130.042623612849
b2333	1.47722559776518	4.22865343324709	2.50556006715399	5.90106093901123
b2334	2.71882011858622	1.55655954598052	0	6.51650901240504
b2335	1.55497431343703	0.989158697835577	1.05497265985431	2.25877930679856
b2336	0.353121656836298	2.02166698003845	1.43745278753058	2.69298688270704
b4661	6.12998377303918	1.63009316020863	13.1925407617496	15.7653576107165
b2339	0	0	1.43936429389697	0.513631996625736
b2340	497.332617914277	178.543144959322	141.981737138726	129.346487249034
b2341	45.6183792988184	14.4306494784936	36.3323731136399	15.2609764144295
b2342	47.0548748761814	13.7407045199333	34.8829003399654	12.5951498303006
b2343	236.978085367803	75.6706403844216	554.493630019426	645.446186917688
b2344	166.163094084191	73.9777848948372	99.6842958260997	13.8255485087267
b2345	2.51086503869435	7.66668044554713	1.02209815770588	3.00903957230034
b2346	161.439654612909	176.193893051962	125.993877662601	85.8336136583452
b2347	31.3494821390681	18.7637998002604	13.6315357994359	25.1498007865489
b2349	14.466095232001	22.5674250582617	4.67358354495045	15.2599267805801
b2350	76.1808903310307	104.143696124598	47.7091768158908	110.927531701023
b2351	59.4739686917837	211.570412816532	82.8548723183951	95.9337416499012
b2352	10.5801292812911	212.575550968638	25.3941898698039	12.3965776482914
b2354	12.0589844715525	10.3558859589725	7.36327856469744	17.736027312056
b2355	0.512332577259599	1.46658500575044	0	1.67449968842147
b2356	0	0	0.980436548016778	0
b2357	0	1.5376921575444	0	0
b2358	0	0	0	0.785063539558035
b2359	5.86006848700236	4.19370588421199	3.72727943874147	8.77843776051257
b2360	5.15686026856208	6.76584549319535	5.90401063096649	2.10682506252302
b2361	0	2.36237621969111	0	1.07891413816356
b2362	0	0	0	4.7882387784614
b2363	0	0.829147732009233	0	17.9871910975209
b4545	1.88581991204065	8.99713496435551	0	0
b4501	67.4673183456932	131.277599121701	145.397276732757	220.509115685711
b2364	16.4767470519962	9.75843099980098	15.3224634875955	9.28488609284984
b2365	3.37840831775893	4.93026857688002	2.83139523283769	8.22732507599609
b2366	8.60325517434348	16.6091579545145	12.6239504963605	10.8987376259185
b2367	0.691099694860902	2.63775652756154	1.75828776642385	1.50585287119904
b2368	1.14218474054009	2.17971826456036	2.3247464540604	0.995492941913797
b2369	107.224960462175	527.240886603881	249.480449223157	980.701373615897
b2370	15.2408250320347	117.823415360424	76.3463812115102	141.378278924315
b2371	3.48037444499649	4.20651388647616	3.06963903515201	5.81399150107246
b2372	1.68825782601735	2.14788745815725	1.43174860980228	1.2261944808335
b2373	0.156873514806922	4.64029226303221	1.27717044131035	1.87998401596818
b2374	1.91295401149448	7.90971145787226	2.59568812712356	2.08408954026557
b2375	0.836165432697271	8.37752095265933	2.12736232116848	1.36645493441941
b2376	1.92681599708502	0	1.96087309603356	14.6943414686841
b2377	26.2617884047143	14.6175674235702	89.0865801654752	84.6414801353126
b2378	9.81609192000314	23.6914785185179	197.147586261146	367.379049990441
b4680	11.0791919832388	0	15.0333604029239	12.0703519207048
b2379	57.3006151966057	43.0032552533602	39.5308217858968	49.0997366265957
b2380	15.9728280182383	16.2870397252273	42.5502532959084	40.6041520442083
b2381	43.4123440975889	51.7794297948623	69.5829824363908	102.474824469657
b2382	15.4953734031312	16.559761696632	51.4077848743343	40.5158665869811
b2383	3.94163560942151	2.33795742703565	4.01130529981865	4.75850412258554
b2384	1.280831443149	1.2221541714587	2.0855528882669	1.95358296982505
b2385	0.97937608691614	0.700881784516092	0.747515158156439	1.867236761214
b2386	0.852245537172218	1.01650322914594	2.16827313503711	1.62485506624872
b2387	0.813151705191841	0	1.65504885169805	2.65769216602674
b2388	83.1283473028107	30.7299659434726	117.932510490018	249.803804967629
b2389	13.3267607626548	10.697786728501	12.4859413370347	29.9598233831336
b2390	36.5918267336329	16.2938939629704	18.2055373686785	32.7782033809965
b2392	115.030448484572	31.9452753310676	35.8179821706469	41.6178719977811
b2393	127.092975368825	168.091610289174	68.6061085719471	44.7897348080018
b2394	55.425822967362	41.9445947017501	51.5429499528821	56.21986015897
b2395	16.0268859373976	22.2438755940669	37.5628073629223	19.3125630731277
b2398	71.6775550915626	50.7438411989651	433.745128842623	273.734589645201
b2399	46.6848395018919	60.0404227926686	249.255410650006	170.274888163835
b2400	224.025017559389	423.223703785154	246.139426258043	283.141814546702
b2405	14.7221805336597	10.3207812608065	11.313240709997	26.1865262008511
b2406	9.94218660071075	4.84428078271743	14.2081401421429	8.98794701494008
b2407	1.91295401149448	1.82531802873975	2.59568812712356	2.08408954026557
b2408	8.68956233979517	3.64825002084063	4.95216577978671	3.02942165852983
b2409	14.3419960948076	7.93727828894276	8.75729732209161	21.5625704214532
b2410	74.7928635985613	29.7148619633579	94.2632327967123	42.6268284046511
b4546	29.1397926134501	31.2804500541566	33.3617039078586	71.4300278047188
b2411	41.9426553651185	50.0894067390578	47.2477041234752	37.7916970850638
b2412	273.982692935049	286.88007486345	219.331701927158	302.015614015933
b2413	31.4055835745353	53.9403036366952	38.3528249649398	52.4632618915673
b2414	3070.71432128039	3606.10167779682	248.885633337296	2882.87689207352
b2415	1603.64862566694	2825.33053807416	1555.42838215369	1838.06196225058
b2416	737.074022218251	1361.09782382641	1010.68029208824	1146.85107624363
b2417	1402.49536164294	1644.19995257431	1597.07346398121	1876.72671745923
b2418	46.8134872531219	113.458940708954	42.2416253575116	86.7025278811189
b2419	29.0717997640187	20.297536479586	28.864051973614	12.3600403668017
b2420	15.1943204341561	27.2704996919608	23.9306553352667	61.4848946817942
b2421	134.116534533944	148.559271931181	117.794291051858	174.384821170182
b2422	312.88122496928	291.84640908148	134.560898032729	311.850403721815
b2423	193.051126064107	148.871771554041	57.1473631754985	228.840644633636
b2424	141.558596850591	100.392491580686	37.3130168274011	193.472978987988
b2425	342.507173995112	239.249477432682	22.8826370734771	385.681569336502
b2426	116.163649278807	28.5113754211357	672.059543467077	162.035330329461
b2427	8.05759416962825	7.09704072712798	10.0923258649	9.11606998207075
b2428	10.6715962915478	13.576947477984	17.4970214722994	11.3033395912955
b2429	6.90408595166041	8.36828258368898	9.68464901746258	13.0105688071597
b2430	7.74269968483818	6.02704627267401	19.9062427404234	13.9849594667476
b2431	125.268730690487	116.992744986503	268.195149588163	192.803754680058
b2432	69.2449498952428	77.9657976754932	56.3751015109648	52.8077896530835
b2433	23.0447193251368	27.0633819727814	14.432025986807	17.3813067658149
b2434	76.1499392650782	51.2203091914436	53.3578425568568	86.3625179678596
b2435	58.9871462831751	142.607691645367	148.052680381899	103.555295099012
b2436	28.0672863575384	60.610699209875	95.6121721625962	44.4188950681936
b2437	12.6258598099588	9.63795654301331	30.5806818452641	18.9824337898263
b2438	24.4140278433047	17.2184690695091	53.4719525708792	19.0812748926112
b2439	21.3526245495149	25.7563436388686	42.2300760409409	11.850890976692
b2440	19.1640077547915	23.1433059522307	34.1297911850165	15.0063834689843
b2441	18.5466649939681	16.3930177147905	17.6824106941881	262.889074431562
b2442	35.4094274799296	53.9336939128785	30.2159353011622	56.3083414663151
b2443	32.3056812969207	23.3168740711755	22.3392925613543	35.1957925164476
b2444	1.08089677885257	8.25103108926262	2.2000039614035	8.24316716535937
b2445	3.6029892628419	3.43792962052609	1.46666930760234	3.14025415823214
b2446	5.1012106973186	7.90971145787226	2.59568812712356	2.08408954026557
b2447	9.84817065176786	5.55277723557699	5.01112013430798	5.85229184034172
b2448	1.40688152168112	6.04093347606727	3.5793715245057	3.06548620208376
b2449	110.961067801598	65.2051903447261	74.3634926801123	61.9181411504856
b2450	48.9125809037804	33.8292274659767	52.783798748044	68.6668909266761
b2451	3.03020635439011	2.52996359254099	3.66197240584045	2.0633080206333
b2452	4.11745032139928	2.06780118985188	2.86699782745249	2.59704393403917
b2453	0.671466180802354	0.427136710428999	2.05000369130781	1.95076394678057
b2454	0.953048772751728	0	1.29319229272464	0.692206561760848
b2455	0.946939485746909	0	2.31282467737291	0.618992406189989
b2456	0.923265998603237	0	3.75834010073098	2.01172532011746
b2457	6.33096684756505	5.17794297948623	34.0551633617257	9.85334850669779
b2458	2.8760144381269	1.99582462926116	5.85369785600578	2.27876850420385
b2459	2.31505504127379	1.26228460693943	4.03881324257658	1.80154506279176
b2460	1.51510317719506	0	7.32394481168089	3.30129283301328
b2461	2.76979799580971	0	6.20126116620612	1.20703519207048
b2462	1.58274171189126	1.51023336901682	3.22143437205513	1.72433598867211
b2463	201.058178727408	73.5563136677981	96.7278057503922	55.9047878432643
b2464	517.821162219769	245.982237568064	116.947213733787	105.092023032004
b2465	482.044364971338	204.469320200421	132.05951922808	77.7706506986728
b2466	13.2440915661706	3.64539089073025	12.1822058437487	23.3082657779127
b2467	43.8551349336538	43.1675037977307	87.3814073419954	149.370605018722
b2468	5.5060226825793	4.48493545950449	14.4866927519085	7.90059398446132
b2469	12.3492933569787	17.8990621513104	55.0427798879543	26.5675470847259
b2470	7.51421113314079	6.27372474682131	18.2485877723354	11.7214978189503
b4606	75.3385054860241	118.402296130919	1213.19218451596	555.23618835242
b2471	29.0479655358867	146.40379953763	85.6522550687599	82.7681274562614
b2472	45.9668603559909	115.613184291968	81.324082605179	94.7651033774482
b4547	120.382862146237	93.4090609135178	183.092866996805	129.711244521007
b2473	52.4953989248742	51.1794106513167	83.2319095269179	71.6968543272765
b2474	27.4341896727819	30.708078503342	34.2277402030858	26.8709024901404
b2475	93.5576211917946	60.7868931029269	82.6834822160816	83.4866007848748
b2476	504.615298732391	629.678477623012	91.3371392547396	197.182891881093
b2477	289.793125961586	450.811226883559	267.463090298977	392.688782486929
b2478	512.138485395859	796.372342821073	455.92641822656	785.026027989592
b2479	200.933617957798	350.690420851486	141.675647776247	306.372073882601
b2480	437.522231185228	1283.14044305663	272.898580562632	399.782356609331
b2481	0	0	0.875729732209161	4.21876377811041
b2482	1.71208910290764	0.879660446737879	2.14443179595943	2.86962304206949
b2483	0.560971745986777	0.267636293243487	1.14177420781701	1.83347117782858
b2484	0.184653199720647	0.528581679155886	1.50333604029239	2.01172532011746
b2485	0	0.779475287234487	1.24700685369876	2.22494966280273
b2486	4.20462693861057	2.88864371151604	2.73852485518159	9.89448202987565
b2487	5.1012106973186	2.58586720738131	5.02914574630189	10.2467735729724
b2488	2.92198469887618	4.18218471420042	2.47802644004241	2.6528245979571
b2489	6.65627344447551	2.67424723051199	4.27826857316412	10.3051225884278
b2490	10.2763519844534	2.45139329463599	5.22899492275615	3.49865273063907
b2491	3.43438440016942	2.52080681564655	2.01639707341752	7.3393496030515
b2492	4.38469788735954	4.48267148400752	4.46219884751099	20.1314703412461
b2493	26.5399853157812	34.8804181499478	33.379156148865	58.3741313227305
b2494	105.343136889812	75.3878788304297	45.469754005565	84.0967142016317
b2495	237.833321240194	258.65263500028	161.608624331432	226.92261610925
b2496	81.0580199799354	57.8277392580799	149.562662470115	70.1524727015321
b2497	5.77148605638488	127.252966107482	15.9423542877519	10.1054109103575
b2498	122.984332062747	451.595907320933	295.63211127281	64.2212025637499
b2499	356.583473772681	516.726783692737	32.0653756571037	78.7014853558092
b2500	213.88562176093	366.086240887682	47.0057184429453	89.7626171004525
b2501	97.123831028683	115.137211041677	70.9557155737426	150.660415846243
b2502	83.9776886511644	107.608534838272	80.0219339735406	131.50577968083
b2503	1.89590451050076	3.16583679494435	5.54706881177407	10.9730472006407
b2504	191.11606171087	268.255202171612	280.46613001705	374.180909541848
b2505	2.0493303090384	6.35520169158522	2.60694111033363	6.13983219087874
b2506	7.87853652141428	8.45730686649418	8.51890422832356	6.97398110974054
b2507	213.832617897036	563.713267565182	163.080521785331	214.420852370847
b2508	209.349149131139	398.825145892343	92.4136633357655	72.0765390766012
b2509	38.7892935955846	173.772672814837	174.479088790172	169.671642754065
b2510	86.1714932029688	77.5253129428633	110.244642954776	178.372978383749
b2511	144.954642159524	131.079644101875	148.619004879415	134.125947208483
b2512	344.836326562284	264.04874109894	291.716046902539	291.162687552879
b2513	209.380671683238	247.999288307341	233.561773216441	282.691140635637
b2514	245.671306470689	306.850992661977	326.206234437093	374.663723618677
b2515	267.088724700492	240.568433923601	386.433939794195	460.809145712698
b2516	211.35689321871	235.453424892634	294.885146365046	399.392946393971
b2517	141.813657385457	142.126689418746	235.223280694062	97.5660653954112
b2518	603.815963086517	789.93595384963	155.971114180336	29.5053046950561
b2519	9.08177604851744	8.66572298901479	17.7826519941201	14.0272831659552
b2520	51.0687785249171	55.1207787308387	108.469240053503	91.8339229565593
b2521	154.32292946866	97.7688666126632	404.301437219061	163.334974926984
b2522	40.3813020547392	111.675635071081	45.6224759718078	224.816129982548
b2523	60.0554331801732	124.883596720194	124.762841474733	341.579678653216
b2524	104.508199006074	210.801529358885	148.089818894475	573.611947992896
b2525	93.3817610015845	184.248471020052	165.903870160839	706.11558736123
b2526	80.7326534143303	128.847138646751	91.808269040871	345.716789534352
b2527	113.883787362595	146.527758500888	94.3955188090573	521.551485317895
b2528	592.531600881366	635.081098956183	513.639813766568	2859.33225499362
b2529	574.400278944972	670.684102668492	481.067532893566	2613.18440652282
b2530	502.913247950279	688.278603258391	429.620032848004	2399.28792845535
b2531	900.473223275755	436.874379238534	315.423880846625	2082.32083441852
b2532	168.296066077377	132.166819856954	471.085868496483	318.618196449373
b2533	187.188736194423	292.850028809948	217.422779558706	140.880823910316
b2534	2.48795890149925	0.890242828052019	3.79790157547552	7.45397171243524
b2535	163.982419986111	12.2799303447925	35.2773468939808	23.5188121733639
b2536	24.9573377306643	19.1402208031184	34.6558518762141	20.0749010891722
b2537	207.408442514505	25.3434448187873	32.800059060925	15.2809842497811
b4706	0	0	0	0
b2538	31.4317164634617	14.7164590848687	19.4705196407914	29.5643862022549
b2539	10.246651545192	13.6881267203374	8.34221155306762	21.210329386672
b2540	6.62680641988117	14.2272451959715	5.05795303275946	13.5368432755568
b2541	10.1388915566171	8.42609909207907	12.3151513263805	14.6091344280117
b2542	8.39918793741797	9.49074336638998	10.1222127401233	18.3011819645599
b2543	144.579526589783	66.5787987362308	56.2951368279705	36.981503757053
b2544	7.91914753441127	8.42824395630004	9.29898581624161	10.9504223610518
b2545	7.26093937884579	5.97267434074448	10.7017141851323	8.72884206695036
b2546	2.66166774372104	1.523839075044	2.70871358611242	1.73987054712862
b2547	1.7586019021014	0.839018538342677	3.93730867695627	5.36460085364657
b2548	2.97246614184457	1.54706832923674	2.47500445657894	2.64958944600837
b2549	2.43053571844362	1.62343184823014	2.47349622717213	2.29491151691645
b2550	16.4796021459231	18.2745826763442	16.7708844695935	12.1310069554822
b2551	1045.79090643701	2616.909258642	649.743275213454	901.637962612647
b2552	12.0559469439778	23.2203135629185	14.0866752390119	20.1881956557884
b2553	249.428888543005	205.070980656585	271.39871877845	339.251661063349
b2554	26.4904725172272	41.0511973744437	31.0126401120993	36.6721703298716
b2555	33.5168833106385	59.3432876766609	34.4882973949432	49.4985860277642
b2556	45.806407191206	31.4483889783502	33.9198089763452	53.5558471775809
b2557	223.225201440071	314.865012583599	58.5326671243474	49.5480495510413
b2558	16.0530874208008	9.2883717030861	12.8609094776459	13.2099419864361
b2559	67.5303130406939	46.8172344395214	84.2941994021092	58.0526449519611
b2560	74.0006407937085	50.265125715956	83.8180754540382	124.347399032166
b2561	25.9949946179173	20.0225992952336	19.1237093464757	28.6617543841471
b2562	39.7322746985117	49.5773161139314	42.5081225186125	62.1553754077672
b4687	19.6963413035357	40.7203663942312	113.585389710981	57.2224091055634
b2563	64.9048727207063	75.2500532215624	33.3811624694846	82.876747046099
b2564	101.347362731923	157.014754529585	99.4419823373739	158.299697320719
b2565	50.335094442369	72.0437251590245	64.9589647039923	58.0171647875852
b2566	170.516835556603	217.313580410579	365.878142256593	215.827484674854
b2567	194.837596462949	327.115217126956	253.514112873977	259.060592765082
b2568	206.993396068388	160.298493223397	277.261422323465	156.283202714848
b2569	191.152992350814	245.543809357214	240.684100050812	146.453603304551
b2570	86.417697469263	74.0014350818241	98.6564276441883	99.5804033458145
b2571	259.232253802178	195.923190418157	237.234909932035	230.661019776227
b2572	1089.74319672926	479.767039292827	612.280365166091	740.463247780747
b2573	935.73008958438	303.934465514635	410.128863492269	569.318265593243
b4725	363.056598835365	144.750059830381	157.850284230701	256.262856162656
b2574	19.6599340183166	56.2778275774105	7.00260040949507	35.1624299945115
b2575	21.2576366507672	23.3779214195774	49.8667564584794	30.2249462729843
b2576	113.132243532219	115.361466695775	117.361559639905	65.5325173942085
b2577	14.1693067540742	13.5201844464363	24.8510651558538	30.2169354205399
b2578	20.3495362957448	4.3149524829052	12.4255325779269	48.774075108154
b2579	212.581996178395	1115.96807011787	7847.4141303263	17855.8224756976
b2580	56.6483903142995	91.191830560459	66.6696852651409	104.539743591495
b2581	99.1363536997325	113.660337945659	214.290559269424	92.3765661445846
b2582	105.09404966958	75.5116684508409	57.9858186969923	48.971142078288
b2583	16.7376634253222	26.8601162283506	29.0343870442737	22.7937976184983
b2584	114.314278501242	27.5553741196936	390.596193738202	86.1118229472603
b2585	228.054872150562	231.640396033624	318.693936683224	228.161696483411
b2586	15.5929368652991	4.69850381471899	54.2871347883364	126.962220202969
b2587	943.650347209812	1520.55736618146	527.660534419487	293.925613514807
b2592	403.292918438829	59.0434360493009	338.723686840706	286.424667955186
b2593	73.0136914305248	73.1349077389456	95.7452543694418	85.0860873098862
b2594	122.514856915571	122.59215457854	119.991041748108	134.36110394913
b2595	362.460719841895	681.397650788271	297.733869443274	740.707449573006
b2597	5558.25568338066	543.789994135108	38740.969758335	10214.4823727564
b2598	216.044243673157	100.430519039618	95.8376725686401	253.477390334801
b2599	61.608323379664	299.611568836267	109.079266179355	149.95930758333
b2600	193.145272007265	144.271705369607	34.2471204900834	54.9943306761523
b2601	428.767833166465	488.723363181443	43.4577813328221	89.8007134492771
b2602	34.8722108324895	20.1034343547813	21.4410222140063	66.4858728747018
b2603	21.0056356676436	66.9740485959366	77.1654568658755	189.218464791626
b2604	9.31844020106152	22.1254727314151	48.077348183434	57.1349665488618
b2605	25.3238673902602	61.4599318869453	117.092136306004	158.339026438065
b2606	1550.3227954477	2566.3551870741	1830.4412269905	2274.22078947348
b2607	1540.70013516915	1832.85697247304	1824.4392226486	2242.82226626596
b2608	1906.34752550942	2330.14979348982	2652.27909272569	2725.92078786277
b2609	1659.47608115211	2299.77609610571	2228.92208576364	1976.62919646048
b2610	163.015423894351	158.714216965926	291.461758296336	332.865211557762
b2611	60.0962231818107	65.6722692284586	62.1834453030036	81.932085764784
b4461	43.8002554861843	43.3708044435599	60.3436984005478	75.1794413336205
b2614	568.508033079326	212.714081793642	458.289714101257	540.361613258218
b2615	67.1557848540347	97.2734612289604	99.7435243115499	123.916786953857
b2616	12.799066551034	31.6004065228212	28.4928310885742	29.1082854983061
b2617	465.714806874391	536.371303901341	309.370732502277	548.036329312
b2618	51.1698763761959	46.2100272086795	62.3032049688188	81.6304212369314
b2619	99.7824083018743	76.5944772814567	90.7674590365219	133.608926921009
b2620	142.584383784291	288.38891116182	206.171799811528	332.272047904122
b2622	58.8749332442644	86.4116136359188	28.5415972867107	55.2787131440973
b2623	10.5582268429612	15.376921575444	12.7241608426002	19.6758087735627
b2624	3.74507898024975	10.7205298307673	3.81127446834691	1.36003965303716
b2625	1.69723792083659	3.23896858716798	6.71703337151921	2.67088638245383
b2626	2.54450342198787	6.06983746399104	2.58947834691513	3.69618432021582
b2627	29.8682874287863	38.810928770898	53.131602519923	34.2599577804114
b2628	45.5500731630005	58.2126316784664	89.3634262170098	53.208081936168
b2629	0	7.68846078772198	4.10000738261562	21.9460944012814
b2630	152.013941401311	206.707919222972	231.295388545545	195.013730473063
b2631	101.499694298059	98.2138861915453	162.942228883305	186.895771675429
b2632	6.15510665735491	3.23022137261931	4.07153510912523	7.04103862041113
b2633	1.29392023161913	1.54330417271792	1.31679069222691	1.76209517090581
b2634	0.378775794298764	0	2.31282467737291	3.71395443713993
b2635	3.36583047592066	2.14109034594789	1.14177420781701	6.11157059276192
b2636	3.59325145402341	2.28575861256599	0	7.82941746207878
b2637	3.40898214868887	6.50562066653399	1.15641233868646	13.6178329361798
b2638	40.5181878244163	25.774649497887	21.4762291470342	39.5447720068804
b2641	15.4410785908132	13.9845231650691	15.7140046731351	20.5291024793089
b2642	7.17806804547868	61.7919427745614	20.4856002673647	14.2804163568902
b4644	0	0	0	1.06503105182689
b2643	0	0	0	3.78677707316229
b2644	0.550518856310004	0	0.560249456009588	4.79815231630501
b4548	1.32288859501359	0	0	2.88247210046681
b2645	0	2.39357741504552	0.850944928467393	0.910969956279606
b2646	5.64031591873977	2.30653823631659	5.74001033566187	3.51137510420503
b2647	9.22903222179424	5.70466671413818	9.39215836567743	11.9517826483992
b2648	0	6.34298014987064	2.25500406043859	2.41407038414096
b2649	1.00719927120353	4.80528799232624	0	1.46307296008543
b2650	0.550518856310004	0	0	0
b4462	0.944165495242724	0.788297577436209	0.720640445413131	2.95731658243633
b2659	83.4677776405969	26.9803654636624	6.36381513988805	4.4430743266398
b2660	53.2220286287029	31.1900678764324	11.5149143511758	10.9574825946824
b2661	80.5592593066973	60.4093347606727	35.1089659099342	26.3898377396775
b2662	79.7079104742616	61.9938419019363	39.7134204554993	30.5292273404243
b2663	14.6140947787476	11.9525107749168	9.65740496975842	9.51154069982733
b2664	38.9025021673907	23.7263812544181	27.3457505971739	53.7431053844955
b2665	1426.40903720206	222.145260359914	371.023334744163	211.794441701967
b2666	117.063160577618	47.8715483009105	49.3548058511088	51.014317551658
b2667	8.86335358659107	26.217651286132	16.2360292351579	20.278191226784
b2668	20.7655712600134	19.3309871234153	22.1634684797393	32.5554634661295
b2669	361.099590564821	592.011480654593	21.380779239714	32.902885235699
b2670	0.590890239106071	1.12764091553256	86.5921559208419	723.57736313985
b2671	29.2876031556922	17.6500317213792	22.7461279139893	84.807342190691
b2672	802.536379294973	168.377291251111	318.980574367495	531.973328287062
b2673	1056.03615293896	90.7613419818888	22.000039614035	374.475308369183
b2674	645.666195577948	49.3857335269733	11.8511162300422	210.746582440335
b2675	312.634653781576	33.1195233932639	8.57847698516499	131.406460630442
b2676	206.349950687823	21.1432671662355	6.76501218131577	131.8685947337
b2677	30.9443766115399	67.0679197891558	12.8214694708229	57.5524011780238
b2678	17.4770352411655	30.4939515186269	8.13071886580675	27.4728009913506
b2679	25.1708530857873	48.8019822205556	11.4453378294164	53.3866924831173
b2681	4.51444155513977	1.72305063493939	6.66164187633811	12.2957744523309
b2682	90.0747315710475	155.738211809832	86.5334891485378	178.601955249453
b2683	55.3959599161942	168.391020645375	39.4625710576753	66.3869355638763
b2684	177.767826171742	429.076924639083	86.6329243558329	127.659315229149
b2685	18.3614230310454	84.3567692565916	16.8404395306411	20.0040614951834
b2686	7.94764649090038	32.4773772456014	10.022240268616	18.0702344543885
b2687	678.149611625224	848.680909974939	378.630914334108	726.466762111256
b2688	253.946180795008	253.882159884353	166.67043498733	196.47463010812
b2689	105.988354077418	115.32691181583	87.0463105847624	91.1606998207075
b2690	62.3717474611964	108.289326015428	98.3134045397565	81.2353843552195
b2696	1989.96583750561	1808.77240402763	1849.10332955964	3543.23233801334
b2697	338.060635657322	567.517114131337	251.778788595378	244.655160481697
b2698	10.0840549787563	7.59638341301873	16.2036219911755	18.5030544413199
b2699	275.164564736259	364.572041759043	428.832975561373	358.155301059557
b2700	96.1086533485779	75.4024949542855	45.1000812087718	26.7583705230082
b2701	61.4558494539878	32.2405620877403	29.9006063262575	25.0743222220166
b2702	1.88581991204065	0	5.75745717558789	7.1908479527603
b2703	4.15469699371456	2.37861755620149	10.4293937795285	7.54396995044049
b2704	7.14786579563796	2.7281635053207	8.72904797589132	3.89366190990477
b2705	20.4538928921332	4.22865343324709	28.4477435316868	24.5120992851236
b2706	7.38612798882589	7.75253129428633	9.77168426190056	21.7266334572686
b2707	44.3167679329554	31.7968513972843	44.4008551435195	37.8017222943003
b2708	25.8743862465702	33.6191080407222	50.1423263128581	24.5905306210632
b2709	19.4818266952794	7.03379977015358	8.75209496724681	5.5451913774327
b2710	14.2182963784898	6.69536793597456	8.64418223168127	8.24807381248161
b2711	5.15856557949745	2.2373827689138	6.92011828071102	8.68554423923731
b2712	11.093944569102	5.85592486095469	19.3371852852524	17.4867415309278
b2713	4.02879708481412	2.88317279539574	8.71251568805819	85.5897681649976
b2714	19.9885718866742	6.27396651817076	12.5798446101619	17.7652657349246
b2715	13.1308942023571	6.26467175295865	10.5790313946502	15.4977357994234
b2716	11.9422027271964	8.19023401807858	9.87454409623635	17.0763715593971
b2717	52.5026677422274	31.2435540290868	202.806734607598	140.846399482364
b2718	15.5270427794296	11.111790043569	14.4846976144961	80.3515397933049
b2719	8.65561873690534	7.26799808839344	5.28516576665295	55.0709806382156
b2720	0.97937608691614	0.467254523010728	0.996686877541918	43.2131936166669
b2721	2.64345633284295	1.48373804675337	3.16491797956293	62.5117173156501
b2722	0.575542440687732	1.64752731165471	0.87857301056049	36.3678135792664
b2723	1.01877627432081	0.277744067865162	1.4811192515196	30.4434491793145
b2724	0.868956233979517	1.65829546401847	1.32647297672858	62.955168841323
b2725	0.575542440687732	0	0	132.303597676297
b2726	4.54530953158517	7.22846740725999	100.22240268616	38.790190787906
b2727	10.6603909117075	15.4033424028932	187.839513488081	73.334646720983
b2728	5.84396939775236	7.43499504746741	112.998005665934	35.0172846930337
b2729	21.5659138069462	14.6985279765273	103.22371527997	49.0559757205114
b2730	39.4511287236991	23.3391554475952	101.441725686199	46.4189201460932
b2731	28.2655287537753	20.5025621005919	29.5460849477379	19.9256603135444
b2732	12.0181065580896	2.86688368355735	19.110203902022	16.3665788755319
b2733	35.598715224833	49.2187530754989	47.84622198495	24.6495242970833
b2734	2.02359670926737	8.10974631033689	4.11872887751341	3.96833487803993
b2735	37.0460481939549	10.2412700336453	65.5360555064965	26.4038948265417
b2736	7.31299800873851	1.67471423098895	4.46535457512592	4.14295907509339
b2737	10.2532367968277	2.39152636327599	9.97071204101382	8.43993758979872
b2738	5.40955852702741	4.36762326438667	6.77559905483896	4.98681206113625
b2739	5.13321636289058	1.63268472326143	8.01005303321816	4.84678223842972
b2740	4.86997449812696	3.15987289517365	5.15429499528821	9.97462048831868
b2741	1910.57485922439	524.557431930893	741.766894563606	963.294309176247
b2742	545.096245575351	160.466269756376	210.308799741957	298.328276945419
b2743	93.7225427098865	67.9821795966996	144.147627978275	108.57541440634
b2744	79.2118607935501	97.8916621554838	131.393937379886	79.8353985306458
b2745	88.3802971920081	86.022892699198	115.971637393985	68.9734395468845
b2746	57.611798312842	65.015546536174	86.2539053117761	36.2110557621144
b2747	51.2354194667923	61.3779232505063	63.1781728325411	44.4107463074033
b2748	167.892370822927	74.8146376651408	132.698315864271	82.6354862263636
b2749	122.281452259451	57.1651297457477	24.2204139824886	83.1513132315219
b2750	139.970781887255	84.991747222689	18.7544892155289	90.3483767529982
b2751	495.118848461043	283.568524347158	52.8694229296107	338.375579894716
b2752	668.11549807835	441.566318904086	13.3960637253778	462.099281452725
b2753	32.2769523673548	28.10954594355	38.3220343219044	62.7937383158053
b2754	11.1958150567466	10.6829139366242	16.141081695771	18.2961123850683
b2755	11.0067789637405	12.9899811348113	10.6117838138287	11.9914607316806
b2756	6.6475151899433	22.8347285395343	13.0790235505438	18.3469349194713
b2757	6.69675604320214	18.4181349536984	7.61690260414813	15.4500504585021
b2758	6.5744655724714	10.2231181902677	7.18627667612298	10.8765808516241
b2759	4.40415085048004	8.40477701018055	3.36149673605753	4.19838327676688
b2760	1.76209812854693	2.35392238828864	2.15189254276446	3.07158060805211
b2761	3.58920955137546	3.3296483726355	39.4689124639195	9.34128472603475
b2762	337.530975358754	333.114331680281	138.429637016312	310.183410990846
b2763	331.095152367754	382.430233437618	79.3003179222538	280.556411018553
b2764	372.260850636825	461.487044681699	23.9030430406491	344.2464367785
b2765	43.5902635406118	72.7882968017942	71.7165225778831	21.370459138297
b2766	7.73453025244976	5.1860843992653	34.8887420671631	14.5755193004737
b2767	6.11265764592488	0.972104237528067	21.7724529973381	7.7694219259709
b2768	3.69306399441295	6.16678625681867	23.0198331169773	10.5615579306167
b2769	3.39710416210808	0.589359363518758	5.97143932380951	2.35519061867411
b2770	2.38628750408221	0.975843099980098	2.42846591124156	2.22837266228396
b2771	1.3911093073125	0.758502857981541	1.41569761641885	0.866034218525904
b4463	4.20323984518752	2.26690699514277	2.78969574487248	3.18557741412415
b2774	1.69147969209753	0.322797972003595	1.37710171629838	0.737120727981972
b2775	2.70477926351371	1.19116998119636	0.423474940927435	2.04005947955574
b2776	5.93287359751532	2.7447649059616	7.6843951755311	9.00991786373096
b2777	27.3022945301243	7.92872518733829	66.0394046271302	45.694903699811
b4682	0	0	0	0
b2778	0.609165194954713	0.290629101941381	1.23986477549888	1.65915490318966
b2779	1626.7221929016	2057.09828909738	1999.40221451174	6803.10680264241
b2780	274.991226660902	408.460040420241	589.439889204754	670.634058363554
b2781	71.5111482554507	31.3945482165314	119.925215941507	66.569819683887
b2782	46.6908805007923	34.7353674873868	66.8447632201439	81.0437914675893
b2783	75.819048752767	69.2887791471812	133.670120209131	122.157778474603
b2784	110.762177035118	95.3575539309411	128.459560167804	137.391388305472
b2785	33.4928568709893	27.4765038750157	41.1512261720591	44.2764982897742
b2786	23.7256254875017	35.2464475502423	48.3881175972242	28.8952929548972
b2787	14.2765426898111	3.02722393431559	46.2099266076454	6.69675005891451
b2788	3.37085035731651	1.32441047126307	35.9186329089995	7.56084684070993
b2789	0.982633435320518	0.375046867693755	54.4000979547048	2.99751533285795
b2790	91.5879870614411	78.934864087279	212.271048889286	194.413134936152
b2791	32.9404328697063	32.4034745842689	47.3464454069099	22.5683208325821
b2792	33.8418955124386	54.5880715928261	43.4600782557256	32.4802197138965
b2793	71.5886251224663	83.1790070935417	41.135238904704	110.357503275015
b2794	60.4461923043137	69.3319856193163	67.5704396908807	83.937994982145
b2795	120.190970613773	179.926880148711	453.379717470159	307.727653363023
b2796	100.382632480694	43.4666236626794	17.4107290247817	21.7827746289928
b2797	57.5340495971701	13.9100441883128	11.868442423361	10.3762674406059
b2798	13.0136540755504	15.4379411055053	29.7087836533973	22.2247749651072
b2799	61.7889140370709	8.17024423133903	126.704144596967	41.0959240328957
b2800	18.8756604158884	2.34925190735949	37.1658076627842	20.5643032723119
b2801	2.62468329443471	0.963246795728267	38.6278599874674	7.03874736150439
b2802	9.88144149856437	2.28575861256599	71.3068851544095	14.6801577413977
b2803	9.18190963515777	10.0128791654054	34.1349451854975	9.39088690659484
b2804	52.8029575371383	39.5873938431642	49.2582447244742	36.2966610948853
b2805	90.4497968467695	36.0475374637457	98.3329639469943	58.9666372519677
b2806	61.1015928448921	68.211521321043	66.114015504957	51.83344585022
b2807	49.6884973793742	28.8317279539574	43.050077517464	34.3822145620076
b2808	55.6131989746891	50.3016290752268	64.8497899733974	45.4413248779474
b2809	197.092994228144	127.972406532478	102.068604840905	62.2576046436352
b2810	46.521582257978	35.7647305299505	50.7095440456837	62.453562176781
b2811	49.7066451139905	47.4294912107444	104.217755225675	80.2515289863075
b2812	51.4008609482605	41.1861412457523	66.3926846047347	61.7427667021925
b2813	90.328712781379	98.4375061509978	83.5460520752658	56.9878910354587
b2817	40.7120547518059	41.8818785015382	39.7053346526986	41.120050562401
b2818	50.1058952755486	141.717033979092	74.9636484956613	63.7227587885856
b2819	33.9106959881071	30.5518474651678	43.9892417701321	32.3461647530217
b2820	44.5794414092726	38.1688785761338	47.6586802273897	38.8377115145455
b2821	49.0567753027315	32.1430354427505	50.4858645306916	40.9113485661271
b2822	32.2806021096683	36.1487737837685	27.7106465129586	40.5856178562612
b2823	14.7722559776518	12.5293435059173	15.0333604029239	18.776102987763
b2824	10.4274748077542	6.21860799006925	11.275020302193	6.39018631096136
b2825	8.01473462617278	3.14899723752443	13.9138548410041	8.21811194601177
b2826	4.51635851546042	3.23209179611243	10.341419895005	5.53544801459073
b2827	114.052965019908	194.358486101696	197.759601375822	186.202259063552
b2828	76.4919556103065	108.612673799155	112.75020302193	132.939218414338
b2829	115.259097374362	133.465109695542	257.594322311249	205.115406203913
b2830	256.386273239245	264.231112834536	485.653981830051	527.003839792128
b4610	7.23539068293149	15.5338289384587	5.52245892352308	25.6187061174142
b2831	36.2241407451983	12.869814796839	37.6487634438443	51.220275976556
b2832	62.5648488465252	51.8809580885778	50.0269808366208	123.74646506941
b2833	270.757239699974	107.743772408762	426.288438822638	404.770157560073
b2834	188.761334308092	279.554206797373	132.050958236634	261.025708394723
b2835	22.4924299559221	28.4743497515131	29.9156317565723	36.1504007273369
b2836	39.6388868733656	43.9310106676225	38.4603470308137	30.0417647804208
b2837	30.4033640470275	30.2397890865926	79.7117714387595	100.211991527712
b2838	47.36946691171	63.6809091847662	18.4256863845814	39.4508414320423
b2839	13.0677649033073	11.926971221979	16.478875826282	13.6178329361798
b2840	40.6716658085997	43.5679444637579	33.9714897416723	31.351563430402
b2841	14.990872873727	7.86726220138994	20.213989886384	22.0481692589618
b2842	10.8174787867844	3.99557804716261	12.4291562386379	18.248091092719
b2843	6.35365848501152	3.33442206205864	5.49606724407972	7.96037546024975
b2844	185.365567394697	27.90481961026	54.0285236815744	10.293498084662
b2845	2.16179355770514	5.9819975397154	3.74000673438596	10.8338768459009
b2846	2.94044905716291	6.81394392087209	2.1374446070508	3.66114939774932
b2847	4.26754061576607	10.6499419800297	15.701509754165	43.6320869429921
b2848	2.20207542524002	4.20238850509028	6.16274401610547	18.5928402256819
b4683	0	0	0	0
b2849	0.624179830041625	2.97792495299091	0.635212411391152	2.04005947955574
b2850	0.542654301219861	1.55338289384587	0	0.591200910401867
b2851	0	1.54706832923674	0	0.588797654668526
b2852	0.386202770657563	2.3953156702489	0.589543545212703	2.73489455283943
b2853	1.21415802556042	5.79267593595492	0	7.93666975607986
b2854	0.52862943856408	0	0	0.575921364009771
b2855	1.19775048467447	2.28575861256599	0	2.60980582069293
b2856	0	0	1.73461850802969	1.85697721856997
b2858	0.376097040449409	4.66527535775492	0.382744677867936	0.409743205229017
b2859	5.99775806611426	10.1742037491659	0.678196709906343	1.45207241151336
b2860	40.2079285219529	38.0858852265963	52.8656581056464	55.3157849611107
b2861	74.8299524113836	61.6967468129494	79.8493241073337	126.639757856575
b2862	13.2950303798866	43.1322650191203	17.1380308593333	22.2094475340968
b2863	3.34466173078908	15.3188954562913	7.82869334190001	17.8550111430803
b2865	87.5783747246499	68.1283053134254	154.986787011097	169.368112665127
b2866	15.0665240250154	2.13398181226281	12.6974996231868	9.7460477659874
b2867	6.9575813137063	3.75238871209639	9.85121227768395	7.25045030049161
b2868	8.30939398742913	6.87156182902652	28.1875507554824	13.2773871127753
b2869	46.4840297711606	10.2685682021515	287.788713817863	87.4438985688833
b2870	0	0.639091198979409	22.4932394945512	3.40523782145828
b2871	1.77711350107089	1.27177546864574	14.6942620479708	8.71243446908015
b2872	3.51023904419448	1.25603567324171	16.0752764704533	4.06328678518775
b2873	2.30216976275093	2.37976167239014	5.46667651015416	6.47932310894976
b2874	11.3998116869339	6.79847818850015	17.4019605950245	20.4924302705213
b2875	8.34005595786245	2.80869969735969	114.331202178695	16.212576011574
b2876	4.13853085755225	1.97446852914261	139.687411059075	19.1622707534924
b2877	16.532680265144	10.955060707894	385.103284103917	35.5231082433177
b2878	1.11542687924186	1.14619841365846	36.149919884669	7.19780908340189
b2879	1.20045421037351	0.572729584638432	19.7503741636608	3.7055707928123
b2880	3.06808393381999	3.90337239992039	14.9177191690553	7.05651343056588
b2881	5.83480957111011	6.18611787517861	17.3425599632477	9.18204409432924
b2882	3.41628189633061	4.52746620262001	3.28351768971786	10.1318585715552
b2883	5.43887606449907	13.2625948588204	9.22501661088514	9.87574248057664
b4464	6.41426904292775	7.78962474545517	9.29694656496612	6.77633792039567
b2886	3.80634816602071	1.55655954598052	1.10675045911096	7.70132883284232
b2887	2.76979799580971	0.792872518733829	4.08719485954495	2.86670858116739
b2888	0.550518856310004	0	2.05424800536849	1.599384105435
b4684	0	2.01364449202242	0	4.59822930312563
b4753	3.69306399441295	3.52387786103924	3.75834010073098	0
b2889	71.6817667112283	29.1153187207177	77.384838795379	28.4939455177293
b2890	300.933625726551	607.22126177813	319.978837034567	427.662587419754
b2891	388.064132104999	567.209994242586	262.66498909273	455.629237311766
b2892	65.9384436372692	82.0856254689141	68.3523722126023	77.1834268147489
b2893	96.1131591457344	127.751723974891	118.363926210363	131.195048724622
b2894	65.2153106705697	48.0850223178599	67.8763764011616	76.2168041013065
b2895	100.85885115776	98.1825279903348	163.811789218068	258.610758393031
b2896	59.306262969102	60.3204975036717	185.706216742002	145.554243749675
b2897	175.275306880902	196.703654085876	460.122176826571	355.871948763251
b2898	252.619129746265	231.735380806691	204.950216135275	228.266227148741
b2899	173.238274647007	39.2111500173821	763.83137538129	495.98173346896
b2900	103.973955535011	128.486008164046	150.911810198583	119.775030597763
b2901	77.3696906829512	94.9685083550076	72.1601299340349	99.982748409838
b2902	10.364405403675	3.06918394348579	9.45646864054893	18.6895771675429
b2903	39.6908005078034	22.7764631686378	18.4543129789546	142.425112851406
b2904	92.7243144443374	65.7067687319933	63.8339610954924	393.679170336833
b2905	70.6639970876165	46.3414074876394	26.6893631262869	270.111327365251
b4754	22.1583839664777	12.0818669521345	12.8857374882205	13.7946879093769
b2906	54.1526590701948	67.4897306054399	78.0535071293956	109.084676709811
b2907	83.8973927280376	88.0162470329802	103.512145675095	132.927437946082
b2908	177.267071731821	233.054293289365	198.358728212336	267.841655290209
b2909	219.97649575011	292.281019686612	186.008625089028	328.213507149527
b2910	1086.96945348285	586.629558103187	443.62079879901	1157.87594061161
b2912	42.6215910174871	39.7447207933606	235.604795822873	218.453582302592
b4665	8.86335358659107	0	9.02001624175436	82.0783930607926
b2913	728.0457836577	2122.96921999077	263.138673330012	1531.84806857412
b2914	464.520303879068	475.146876681219	350.550631213635	372.205761045733
b2915	5.75542440687732	8.78681232882512	3.51429204224196	16.3028129838091
b2916	80.0081246574831	153.537013918569	64.7746132797125	136.095243132779
b2917	2.479259744501	2.48396425449479	2.64923553953625	6.48253865391698
b2918	2.66968481523827	2.29264342766409	1.90181065338194	3.78107409564246
b2919	3.38295938419507	3.22797972003595	3.44275429074594	3.68560363990986
b2920	3.05632882296244	2.0585736794712	2.37850326861677	9.20578564337728
b2921	5.03936491545312	6.50562066653399	12.6702569282168	18.7312484655753
b2922	240.064111312932	239.680761398621	79.2446771036719	93.0443322146636
b2923	21.3222185337804	34.3079429489858	18.2953159620489	14.5755193004737
b2924	206.605698586391	687.782377226391	92.0858800987466	229.462857419391
b2925	1244.31636185087	1367.49953527396	1286.85565049029	3927.15605491197
b2926	902.09750807856	811.727081722277	1156.09641160424	2634.32319753939
b2927	200.989576919462	179.842143072803	777.047869767604	1300.47391635076
b2928	61.0752095882746	42.6418833604749	62.533726045776	78.305140191463
b2929	82.3770509812582	65.1710117359258	88.6083948454693	117.579428121689
b2930	1.65155656893001	0.262649281568142	3.08137200805273	0.899653559307189
b4465	0.832239773388833	1.38969831139576	2.11737470463717	1.58671292854335
b2933	1.34003185974379	1.46130572207243	1.94816765480656	1.66847197176049
b2934	1.7966257270117	1.142879306283	2.43784222750118	2.60980582069293
b2935	312.887060345926	488.460419171765	325.209621728312	214.794093817843
b2936	88.9838660471989	59.1677199750779	220.687353899049	70.2275020841006
b2937	54.8546313176646	74.380223255812	91.3754088334074	30.5100752132473
b2938	186.278372039888	316.988588167536	243.773124834059	114.878979129985
b2939	102.73432566276	297.927855524227	147.600265774162	39.5029699223066
b2940	2.46204266294196	2.34925190735949	0	109.974317499755
b2941	3.16548342378253	5.03411123005606	0	19.5424745382839
b2942	852.263246170393	1064.30264332894	95.8230296851307	131.927378915132
b2943	11.6271950275711	50.0163309308796	4.26753456599131	69.9820833940217
b2944	17.6199197805726	14.7748132005019	17.3879831166349	15.1242963825699
b2945	3.755658299403	3.22524414400202	10.7017141851323	2.45498683132979
b2946	64.2956387224024	83.1866249163362	80.2189969041269	73.6093592541341
b2947	95.6235623537586	134.996759446248	199.464712475388	119.104292769604
b2948	158.408872611415	235.275079317897	269.6409110567	486.409500804572
b2949	84.1699765057569	122.904747268477	178.453558739745	210.493043566823
b2950	0.542101136794561	0	2.48257327754707	8.56367475719728
b2951	67.8895168334635	96.0894014193169	60.2613851044866	55.4722556355795
b2952	86.2887333297755	127.530817828087	76.3599258561216	50.069607967368
b2953	72.1860756021335	102.010814781425	39.0557404282148	44.7971823861209
b2954	57.7460915490024	114.045501684543	56.0334342290801	65.8382832038443
b2955	48.1754838743473	47.7536588240041	48.7890060569827	40.0009551778502
b2956	3.42927370909774	2.76876117653083	5.36905728675855	11.2081839263687
b2957	11.6823571628421	3.87727535426667	288.692210373628	15.7710042287719
b2958	39.8850911396598	19.0289404496119	20.2950365439473	22.1289785212921
b2959	426.904645225717	211.820621518616	326.872148210365	267.541011380025
b2960	190.562102111708	102.544845756242	98.8443446492249	69.2033510120408
b2961	69.4422289547734	70.1161338504218	50.8821429022041	51.1700389117058
b2962	167.632991746396	241.768663683475	106.867583733829	86.0668571737211
b2963	53.918734318429	70.9474076022567	38.335069027456	31.9193750791971
b2964	27.7112009509172	19.1752780982565	19.3747365574676	27.655221584431
b2965	19.1707366900987	59.1536351055351	46.1135661797554	9.90040101361179
b2966	10.5158432383284	10.3924533528954	93.2577950418671	16.7757433474202
b2968	6.93223185543436	2.36237621969111	6.04693826262862	6.47348482898134
b2969	2.16179355770514	2.35743745407503	1.257145120802	58.5433096641849
b2970	1.22676174208873	8.19393052809125	2.18477902049414	2.00476433285062
b2971	4.52872081066697	30.2487617852712	2.63358138445383	0
b2972	12.1460771371804	23.4925190735949	15.0333604029239	5.36460085364657
b4466	10.314356244751	16.9034930139003	16.1304695447547	8.95158248951677
b2975	29.3865199127618	14.3216426437959	9.16472238467021	8.95056399111086
b2976	171.023549177731	77.9146917120389	96.4294554021806	21.8733449170783
b2977	150.348738616989	65.15258623077	96.8816559299543	18.5972829593081
b4467	99.2782497321598	27.3618751563047	74.5035655262554	11.8336783536321
b4468	71.9674009167651	26.0224826661359	87.3733767007545	4.95193924951991
b2979	109.905584473729	30.1080124447193	155.144279358175	7.72502522925106
b2980	90.0238658402779	63.3468867255054	78.5272002223321	5.3014879024272
b2981	3.40026352426767	1.73039526680188	3.22967333464351	4.44534699892964
b2982	1.83019100608075	0.997912314630582	1.86254022691093	6.2666133865606
b2983	1.99176485091934	1.18782399810312	2.02696994196727	8.40855976498536
b2984	1.05099054386455	1.67140451907	1.42608952438804	1.90835603489404
b2985	0.7448196291253	2.13209416802374	2.65294595345717	2.43435668989004
b2986	0	2.56282026257399	0.78095378716488	1.67208338295478
b2987	1.24086950212275	2.0297536479586	1.98440357318596	2.12438193804404
b2988	58.8984141560568	142.273726802475	58.3391373055403	144.999969524854
b2989	280.621748502797	190.508884778122	178.215545814593	240.905847330883
b2990	20.2896045958109	14.2653368832432	77.1591750800674	59.3337781162356
b2991	8.55235872390366	9.64429730389687	57.7597531270235	20.329013761187
b2992	22.294324972407	20.7541272797403	137.790432159315	39.0990540744302
b2993	45.6597002945601	34.3417915184915	162.906960002594	65.5456686118272
b2994	16.3847205385927	11.465011069015	125.295648146905	28.73083767041
b2995	1.57871437929103	3.44317836803834	90.42967937026	13.2681731036755
b2996	2.9634312903496	12.3389279511161	194.656885460353	31.111423795616
b2997	4.03959814938467	25.8480692434407	304.697599587413	40.3855206354948
b2998	4.61632999301618	57.2630152418877	5.63751015109648	3.0175879801762
b4658	63.6125855496967	10.0152318155852	31.3974249563459	26.3353132815377
b4755	46.1632999301618	7.04775572207848	9.39585025182746	20.1172532011746
b3001	217.369276720144	20.4730195039052	275.279458213771	186.725213574476
b3002	132.681717326545	161.970240594676	126.826895035577	55.5967724832463
b3003	140.9122993936	26.9487066254391	25.0725875194528	11.783936790383
b3005	680.980194575413	307.91744013926	195.645422708475	443.372926890114
b3006	870.779268690804	358.65885037908	168.250915203336	529.716015720073
b3008	82.3665181784221	160.816971476518	35.3056191280789	72.4221115242287
b3009	44.7196476414368	61.1232632623898	272.240490205677	119.825675430997
b3010	14.7259479651827	10.3396541627985	5.93794172654676	12.7135995152251
b3011	46.3727004659275	129.475264914885	89.0377891905134	42.8061965022933
b3012	145.474607779919	69.8647088971259	103.926274089779	55.2787131440973
b3013	5.73679843792302	3.83178951879995	4.96246848251858	8.75002857682159
b3014	3.09186753020619	4.91703887586871	5.24419548939207	6.736940606905
b4469	36.172064637169	81.7158703992343	110.921821351304	63.5487717338728
b3017	77.1544579724488	100.374406334825	99.9670589850483	116.449424899538
b3018	78.9054648562376	99.356166033204	83.6001505333331	118.152062703484
b3019	86.0439770491112	89.6272361150379	67.7998564785255	41.1642280642363
b3020	34.3951034703534	14.9896297074057	36.6858869534039	34.769819711881
b3021	98.0340623971437	123.656077669195	84.7334859073895	76.0797939244423
b3022	116.387471339075	168.291863909026	180.400324835087	81.932085764784
b3023	37.4352822290803	14.1830612046797	20.1689804163452	26.3898377396775
b3024	426.252882408578	163.981369777826	601.79345002239	121.624920117025
b3025	12.4892709629238	21.1432671662355	4.51000812087718	15.8011879689226
b3026	15.5601096297932	13.1558106812132	10.8240194901052	10.943785741439
b3027	0.798500323116313	0	0	4.34967636782154
b3028	98.6847615826635	116.396955327523	44.6351319179597	109.006477139561
b3029	500.568445414143	398.70160942044	459.591303746532	1068.6284900464
b3030	75.0084122858896	80.5521620723138	257.306327023104	92.7370302877604
b3031	108.2791134032	104.190533045985	312.91087271653	116.970420674871
b3032	267.506287595303	184.160921259529	819.971766324699	288.638850277723
b3033	154.008626149987	157.749766375033	266.122465004951	168.471294893241
b3034	91.1659226049367	93.4331044298405	77.7439495122638	84.6074191775116
b3035	342.333575773598	644.056445986865	359.522509716889	300.439366836004
b3036	12.2253152918498	26.2468144132578	59.096658135632	27.7479354498961
b3037	287.267620708264	253.341647652571	287.51301770592	196.143218711453
b3038	185.053997363452	196.900090095898	232.842279729008	147.963177033136
b3039	15.6412122116313	14.9246591761662	21.5551858718395	32.3059419054158
b3040	92.7560259061856	85.8842790318401	90.8993884827959	167.300691738141
b4756	24.8795890149925	37.0934511688341	401.944583404493	118.585913606924
b3041	139.048941587805	151.300443941868	462.586154049604	242.735884497109
b3042	417.582741141456	256.334867912298	288.26856030349	584.354356903399
b3043	0.481703999271254	11.4909060686062	4.90218274008389	5.77277700555446
b3046	74.901579604995	217.984106558935	99.0931361770198	232.566780669354
b3044	0	0.693221874302802	0.739345593586423	3.16599394641437
b3045	0.58697705871464	0.280043273724973	0	10.5515659174373
b3047	0.709068286927286	6.42755321853558	2.16480389802105	4.24876387608809
b3048	0.74901579604995	1.19116998119636	1.2704248227823	8.43224584883039
b3049	476.239894204893	132.53988372864	3271.43872648703	219.067879635478
b3050	4.22064456504337	4.02728898404485	11.1676391564578	11.0357503275015
b3051	1.91985998265511	1.83190762451138	6.34983092831083	9.58656109225651
b4664	4.43167679329554	16.9146137329884	9.02001624175436	502.126639901319
b4666	13.2950303798866	0	4.51000812087718	352.45427608458
b3052	52.8463550664949	34.8554278807396	55.478760984849	37.5746520042023
b3053	43.5212187725961	42.0632685756997	43.2427388992237	44.6615766949837
b3054	29.8168116046612	23.5791274388432	19.3286062323308	29.5918305152762
b3055	240.637908969284	89.8844208033198	128.546125184422	56.444930720977
b3056	137.99361637235	95.0167163693293	119.247672348617	106.382762690957
b3057	30.0836453851449	40.4345693252094	37.1993370554103	34.889484383935
b3058	18.7355441667779	15.1268903303148	26.400047536842	8.63569893513838
b3059	61.9574231295687	48.8553163646994	76.6263515683016	66.5627173879643
b3060	1.99496704521342	1.63163476524004	17.1119279184407	10.2462151352607
b3061	1.16623073507777	1.39100441883128	3.5605327270083	1.90584504011128
b3062	0	0	2.23267728756296	3.34623617603697
b3063	1.81626098085883	0.1733054685757	1.66352758556945	3.95749243301796
b3064	88.8957652619637	72.3124758703201	88.5989761024393	42.8533204285377
b3065	2357.40584976693	3142.12442609332	1502.08326025882	1803.84703703866
b3066	145.13360769796	167.111733616294	189.854293748266	141.028166771121
b3067	348.904326038935	322.314300775185	497.276139712354	411.886015378838
b3068	111.709722718574	73.0631244087663	119.555244861123	73.7077111370849
b3070	103.232000596767	56.7137048694316	7.07452254255244	23.8566955609224
b3071	54.9698371476081	44.7261420824212	50.3039367328609	32.9613456296169
b3072	13.6359285947555	14.6793491962818	6.76056444155159	7.80882727808909
b3073	346.826879475303	269.714547242325	125.691965455751	69.0634049028152
b3074	4.79100193869788	0.761919537521998	8.12614075833726	12.1790938299003
b3075	18.1050210457805	27.8472299262613	63.2501138903507	35.0334604527773
b3076	3.09486643178738	1.06639174844253	4.72435380266475	2.71612186770467
b3077	1.18178047821214	2.81910228883139	4.2093409128187	3.86251261462553
b3078	2.03968387975945	1.41544884794882	1.50962614924759	1.01007129043555
b3079	0.496546419416867	0	1.01064607750749	0.811452229963347
b3080	2.03495362957448	0.970864308653669	1.84081964117436	5.04984110968262
b3081	36.3489686463467	4.14697067747857	16.0832384696957	7.60450106148415
b3082	23.5930994750985	20.0784983161373	14.2762846991796	16.6727163221246
b3083	21.1032228252168	12.8873247489435	5.15429499528821	10.1161044668764
b3084	13.563971187923	23.2073855967123	44.9810836330231	22.420917551916
b3085	21.1032228252168	16.612567059185	26.3083807051169	24.7154825043003
b3086	2.68586472320942	1.83058590183857	2.73333825507708	2.09010422869347
b3087	113.418597567016	51.4121997963172	518.719475057728	146.751999035924
b3088	5.50518856310004	5.77828419449913	16.247234224278	5.39792135584314
b3089	178.762095228355	247.605490187721	283.424124801149	454.89229889114
b3090	10.5974879839676	7.35417988390798	11.7652385762013	23.6159059318137
b3091	16.9761812646402	5.62683722972395	18.7310821149335	8.95542239278097
b3092	22.7699741821129	10.9531999757143	16.6611764975081	8.2006637253196
b3093	20.6743351557898	8.20339234163408	16.4568425657874	16.502652048631
b3094	132.436982162577	112.328708960386	187.713851517591	221.087835952986
b3095	89.0345925892859	101.411145684206	145.707954674494	126.274450862758
b3096	60.2431064088612	55.5010763113681	101.475182719737	126.7386951674
b3097	621.875946766512	687.585924105218	572.001029964911	418.438866584433
b3098	808.99825383493	679.071992515562	716.295407433435	316.195885609051
b3099	556.749914179943	456.694570790686	492.426071864664	213.868754032043
b3100	631.070775365284	532.810332589133	588.105058962384	217.266334572686
b3101	10.8254700294242	4.51917160805033	17.9023223118789	11.0568109197296
b3102	79.2044363057074	37.5309058513116	50.9946206980642	36.6879997589811
b3103	86.4540226888801	51.2984186984073	72.4558681714695	60.9453834684766
b3104	3.7240981456265	2.84279222403166	2.27395367439186	6.49161783970678
b3105	40.0184860933042	24.0425111589299	29.2622600485008	56.193745396726
b3106	5.68163691448146	2.89138696290399	10.4077110481781	8.25323208253319
b3107	128.921506714052	39.9799960961543	172.200310069856	173.813067658149
b4470	5.07056841338162	6.38652463602535	21.8792155978481	12.8161173711831
b3110	2.19587588856986	2.85719826570749	13.4081322512565	15.4413511057665
b4471	6.03876837767743	3.34574777136034	6.93847403211874	12.0968801666844
b3113	7.49976072711552	4.55393446657379	12.4892532578137	18.5697721856997
b3114	5.2137374038771	3.20603789710237	12.9699579946795	10.0980721950994
b3115	1.09967166086738	3.77745716121328	22.8298177831004	3.11492952792382
b3116	6.18837750415142	4.95247699389299	40.021243234811	11.5266423747271
b3117	1.61151883392565	0.768846078772198	62.0467783902497	2.92614592017086
b3118	4.5307877758932	0.540402994664165	228.238110653976	6.17014794668615
b3119	0	0	0	0
b3120	0.492408532588393	1.8794015258876	0	1.07292017072931
b3121	0	1.708546841716	0.91111275169236	0.731536480042714
b3124	16.2417474099836	6.64186403127815	77.2132280380544	14.4085876330926
b3125	18.0271598371344	6.88052084053764	119.553435611049	10.8019420578511
b3126	3.79365328608956	1.97446852914261	94.0608697583724	4.50876958905704
b3127	1.39423539564354	0	71.1466449630513	3.03793126993019
b3128	20.2977563051704	6.94015639807729	137.021620771688	21.3765011114772
b3129	107.626436408606	68.7156182902652	128.052016289191	87.0789674279417
b3130	89.2053651295617	75.2973127468514	144.902196399796	161.353349546454
b3131	125.400039632511	62.3334839419386	78.507548770825	162.010945780126
b3132	4.56659903758791	0.198063392657943	4.43607356151854	4.74899091962156
b3133	10.097491427762	2.67636293243487	18.2683873250721	0
b3134	4.63011008254757	5.68028073122744	14.135846349018	2.88247210046681
b3135	6.85854741819547	6.54434459907288	13.4226432168964	0.574778662890704
b3136	0.690650928825278	0.439340616441256	1.87428908919571	8.52762525306936
b3137	0.926482953302203	1.17871872703752	1.885717681203	2.01873481600638
b3138	1.11488724359636	7.44668529125274	2.26918647591305	1.82193991255921
b3139	0.992166446260194	0.631142303469715	0	1.08092703767506
b3140	1.67866545200588	1.281410131287	1.36666912753854	3.29191416019221
b3141	1.40688152168112	3.69168156870778	0	3.83185775260469
b3142	3.18171667210962	10.84270111089	2.31282467737291	14.8558177485597
b3143	1.14612330861091	2.18723453443815	1.94396901761947	2.49731419049065
b3144	3.48618198280698	5.6449247261463	5.48296577269931	20.4865091002189
b3145	6.33096684756505	4.87921549990049	15.1159612842587	24.4059863012053
b3146	39.2211116897932	54.2210614437258	32.057200580451	45.7579891628112
b3147	78.9739163459146	122.562444132994	70.805134857954	126.427603623052
b3148	74.5327460690613	95.4650547808813	101.816850001621	123.629665127219
b3149	106.630192894522	154.979075066213	118.130161947849	127.933476195084
b3150	110.330286833087	131.264450323712	196.843062775785	159.932162949338
b3151	21.2005287517884	23.3977365758917	37.4317676891247	27.8279006817401
b3152	15.0509777885509	6.38287310678806	19.1462608905163	17.3084291693125
b3153	48.671594839662	4.88861668583479	6.25665866480071	12.2796643817575
b3154	29.3448868745245	15.4288706348205	43.2716995381459	23.4882523862363
b3155	30.7145916367017	20.9339278873618	38.4020493460829	44.9351715067822
b3156	80.192246735824	48.8308789315438	447.779377715663	135.647764442206
b3157	147.384908211314	99.5545836855886	565.426160983116	204.161381058778
b3158	1.86877937066679	2.29264342766409	73.627241009501	11.6340741404383
b3159	4.23504949529949	4.9069698542799	44.0226048659001	12.8530709872351
b3160	53.8132182043029	81.5526019269082	22.8184934687238	10.9207945949234
b3161	31.3954934272021	23.639701120803	134.539519364963	103.077896884284
b3162	74.8460969534357	194.115329030962	626.246841927517	1100.96936947838
b4685	39.3926826070714	187.94015258876	257.23750022781	590.106093901123
b3163	727.395899428372	695.792669999369	2539.36389450068	2641.89316208836
b3164	506.904154558972	904.765539355143	739.337286332563	947.454814809479
b3165	2784.07784325477	2948.78099411764	2551.66237238962	2603.97725436005
b3166	88.0707832572383	142.297544102918	197.294958430754	149.595726661687
b3167	109.138309088621	153.99872204661	191.170493481958	152.771021324741
b3168	238.445101538258	399.989799499512	521.966371969534	413.45358094266
b3169	225.693862497269	338.292274659767	533.744912692521	372.818127873382
b3170	169.049392909816	371.337380959314	387.68149277474	361.950685410273
b3172	94.9645027134758	338.858612173149	169.326644181148	165.967338909691
b3173	4.57885425137546	3.27681631358631	3.82768216901015	5.70112563044359
b3175	1279.19751763233	1255.64339783625	1162.85074251806	816.869221876886
b3176	127.385866569616	226.033851678499	201.63578908137	146.792800040141
b3177	38.8358955737559	89.3545849145498	48.4467303444051	37.192038427048
b3178	452.786822756862	474.789273853883	660.209250811199	712.768316210549
b3179	450.764839546632	335.87590126934	658.031661065128	829.520566283864
b3180	300.268713341657	605.819328599889	332.267945231972	904.537392914857
b3181	187.301056924189	145.742269271661	158.275756694935	253.856961149917
b3182	33.7474969196564	46.0020875583366	29.0603033730161	29.494081680718
b3183	90.6736939804713	47.3695704287014	237.611681048772	156.328036129026
b3184	74.8705644581606	51.741908468924	147.345606930522	90.565124970257
b3185	2360.12554805739	2102.52582332146	2366.1810048137	1624.72550969859
b3186	3351.88169769833	3052.76249777107	3295.7751652564	2464.20876904235
b3187	196.416292443592	309.318167802334	224.386823791791	228.889636422254
b3188	19.0609754550346	15.4595931968173	45.5850283185436	61.260280715835
b3189	118.178047821214	231.367752133377	130.360710922498	103.460159320327
b3190	278.413577367037	163.176273659417	154.932043681898	223.798525023891
b3191	115.766250926904	128.585583990575	167.514587346867	120.210851781713
b3192	150.509777885509	183.108672250983	166.785205979609	124.802884010306
b3193	70.8104878928743	105.716335831177	96.5729999796527	77.6700906201873
b3194	37.6947221498701	57.3541500141559	55.6407132154196	68.0749349704117
b3195	85.6790846703804	65.7790534060659	104.899448144847	148.420623617555
b3196	45.6761779922485	42.0271077414742	45.6534564383273	63.9802703036131
b3197	87.5559244876018	124.417523507088	116.519966648803	130.315775143901
b3198	138.343349631977	149.904645517225	109.290143881574	161.448939976411
b3199	146.337660778613	219.361396849693	147.514848953691	173.511308860131
b3200	191.562803323097	272.361656614517	259.931650837653	226.870700617118
b3201	147.600475016372	207.238965778143	153.563912876149	188.337391952815
b3202	267.198588248488	265.573590096397	267.581234954136	419.179585530752
b3203	790.315694804371	754.109862262398	835.291087387461	911.311570013211
b3204	312.379169088393	312.507802505822	349.250628872806	530.506686856342
b3205	226.404260036432	249.564739463916	196.857898328815	385.912444566533
b3206	128.567326750552	101.301807521744	60.4638451370347	296.055225132012
b3207	1048.48012095409	465.753108003139	654.058049757544	669.990339788126
b3208	27.356029588244	28.8870975275316	70.1556818803117	106.49726139091
b3209	70.7441983516902	88.0646173712926	159.712214188862	99.6634562260028
b3210	53.4759459011271	42.5579498288282	95.4106981156045	87.5139250938904
b3211	1.42957315912759	2.7281635053207	30.2606996497566	8.4103097253943
b3212	212.374773564385	2023.78177693653	234.144335529064	677.04365366654
b3213	220.365831243786	1587.93535478509	523.656756868023	881.31432121239
b3214	5.2137374038771	82.251455015316	13.087866703722	15.9044637072816
b3215	1.18178047821214	9.02112732426046	0	6.00835295608416
b3216	6.80937744058004	11.929702380949	8.40656425553933	14.350645104717
b4569	12.9008381044722	8.20655113729894	11.6701018761242	21.8632789507106
b3218	112.164563086949	122.244258542246	180.66640201036	103.968813004301
b3219	22.9928000991065	40.6941543785285	20.3799530148425	32.7263098101117
b3220	4.95027726910672	15.2951294394044	15.1133250859182	25.6815998312868
b3221	53.1801215195464	13.0951848255394	38.4078110939218	11.8367322061105
b3222	36.7282802732027	14.4816898398873	17.2986612855563	8.26736432924985
b3223	18.1120703725992	4.78021692454019	18.0400324835087	3.77854494909019
b3224	16.2286755810822	2.21217282222182	15.0636086129902	4.27441033811679
b3225	25.2813776798739	6.52745160836799	20.2799022885081	9.07301620885192
b3226	78.5615431538754	80.4084857382591	87.4668241624665	171.545304570016
b3227	1.74934610261666	0.556401767532512	1.58245898978147	6.77633792039567
b3228	227.991083221349	283.778308713088	293.422215093214	408.356002329386
b3229	435.677521369054	580.893894163427	608.110015171796	853.198209005311
b3230	2085.93275629468	3400.99943302987	2575.18020947796	1208.14087316245
b3231	2888.33760234366	3846.00465404277	3720.91439231531	1798.22921201884
b3232	48.5598627350468	63.6547298728153	40.7819883270809	62.9199195866526
b3233	393.852779674836	384.076191531014	259.749339894129	817.51676768202
b3234	33.8206913172554	48.4069537753285	35.011905148915	35.999295202102
b3235	48.549268241159	63.1922366990857	61.31584074451	68.0822097100427
b3236	3118.31468675849	2196.4679718125	1023.90152418381	198.061749088626
b3237	217.914298370965	189.077370072577	428.019878987707	246.019911759588
b3238	5.03599635601765	30.7538431508879	9.22501661088514	16.4595708009611
b3239	169.475112534818	27.8812314280028	53.525371104916	47.7508427632277
b3240	5.67470808897599	3.22305901924321	7.9750143600877	12.8063489890404
b3241	6.55489171998697	5.16684342326011	4.93055550192361	20.1819389027861
b3242	0	0	3.97941893018575	80.9423599388439
b3243	34.3097558190622	57.5642499622668	36.3710332328805	70.7089002838706
b3244	98.7473210788258	125.455900612932	142.037185217667	177.098607434075
b4472	29.5911489118234	31.1058011032856	43.9254145316688	32.2384142854499
b3247	92.9747702756696	92.5125812334874	83.2050477810811	94.0009447538969
b3248	90.4241123480503	100.804263661244	48.7445322155413	93.1489784587723
b3249	74.4956712492624	86.6484813929159	48.143644971327	56.2789414707708
b3250	92.0054638608095	123.642149298203	115.936621802984	71.8973136146329
b3251	394.011724093574	513.514063474201	398.6432465465	259.165717102029
b3252	59.3173431683761	50.0641194724462	54.2316277904551	58.50482785677
b3253	67.088768686197	33.308777812654	75.2130585081672	52.8867111848727
b3255	502.444884844972	883.43842427073	359.077079687674	385.636211683154
b3256	355.715923941855	560.437535019681	360.199315254057	291.619702404228
b3257	15.3193765694167	22.9704630941817	14.4765692768897	17.8820028454886
b3258	16.8476969001318	25.8611862859739	17.3318493901478	14.1652063862817
b3259	67.8317876524827	84.2854051660815	62.5878677999282	58.4632011397402
b3260	430.505745634424	551.038192729962	769.222503101164	412.341214682462
b3261	444.062967570623	797.89137508137	686.979014776039	359.915948181015
b3262	5.10769528718808	8.60065105067205	12.5362937597264	5.89196839519149
b3263	51.7028959217813	32.419676321561	40.5900730878946	8.04690128046986
b3264	0	1.91341784309823	0.408145531301102	0.87387163226822
b3265	0.459241118476221	1.31460728494728	0.467358354495045	3.5022782775102
b3266	6.16581119067205	4.00394238123879	6.44909373806592	10.2627146765413
b3267	32.3392630862107	27.4291033507919	23.1595011612612	41.7568931310868
b3268	32.1674881386525	12.129015701216	44.6160803372631	16.6747495802127
b3269	2.6994985542917	1.71721966832369	4.57868844759105	8.33283178282158
b3270	1.68596399744939	1.14909060686062	4.6570736030797	2.36159059318137
b3271	6.30594326318732	2.005685422884	8.91305952742526	5.34339689770331
b3279	79.5306321823847	236.347440539324	145.78296520457	248.975475294105
b3280	35.0411653423368	19.6681555034748	106.981587983598	153.826810524331
b3281	38.9597959850157	29.7399801898697	86.8961271641538	79.2310279923186
b3282	50.5814419339491	53.5777031856438	101.061962080389	129.930070937011
b3283	197.344281513602	199.517681325581	387.711195363806	400.655659334776
b3284	451.582255519355	342.574455351663	902.001624175436	796.337648236878
b4473	91.7061651092623	43.0758829733437	154.663211825281	142.14046421822
b3287	368.089860713723	399.483377282049	566.669255658451	529.959451389062
b3288	183.157275064683	210.897399075868	409.896940606306	283.271296974515
b3289	88.6335358659107	95.9805988569572	177.253807541452	192.002807296792
b3290	63.5303557731691	67.9901140247571	90.5931914476854	100.349592438801
b3291	163.680909299821	138.897375544612	119.827952992649	198.059497209813
b4550	67.9928494313836	31.2804500541566	43.2466532138908	68.7844712193588
b3292	69.908140964662	35.7350994358909	77.4959141897206	129.883786865049
b3293	108.089677885257	44.6930850668392	74.8001346877191	154.657517292933
b3294	1897.31162712965	3897.62915667572	1610.91852567582	1529.91710594933
b3295	2825.52968881631	5676.39059957514	3010.49875414189	2318.09279795935
b3296	2882.94491297187	5764.45133233654	2997.08558989307	2373.9524994963
b3297	3247.39639484102	5382.75053949022	3089.00863909926	2667.3620767539
b3298	4007.12960469412	7715.33809602192	3846.77163251289	3584.1844997481
b3299	2847.63642153811	5501.58654366557	3429.91899654403	2921.64415721675
b3300	2356.17482843546	3451.87646474341	2586.34744985979	2160.91921953374
b3301	2415.11103590492	3948.10415029649	2658.7275460178	1891.29928026492
b3302	1568.81358482662	3178.5378306574	1722.82310217508	1073.45663081468
b3303	2394.68821009148	3126.18307386481	2408.55909883988	1587.53866690412
b3304	2054.34508977344	3231.69463229002	2014.97989942919	1391.15920442021
b3305	2377.17134957223	4040.9772415468	2698.40373524393	1626.92069259297
b3306	2581.87460201767	3934.26168277981	2901.55331624068	1889.97754654578
b3307	3806.02830483028	5208.70605248201	4805.36943702874	2700.918747433
b3308	4327.2861843868	6749.40072984383	5584.39227767281	3047.09328487125
b3309	4476.415625685	6028.85160911514	5258.23994435985	3298.76970206233
b3310	5162.18867760974	5157.59310680879	5868.8299224576	3611.76078762766
b3311	2384.76348853339	4981.85123300428	2267.73820101518	1456.39446233822
b3312	1920.85491009403	5634.68069980175	1922.3909615239	1157.24499039757
b3313	1971.28747287175	4341.00597702096	2019.29852652997	1105.89092926049
b3314	2327.9560317602	4572.72848183267	2582.26875228686	1346.10215266116
b3315	2161.54037467586	5872.87579521956	2021.78382067431	1247.48718229122
b3316	2452.1944922902	5389.0323108435	2392.72903961376	1460.90194859627
b3317	2217.13231687939	4219.70226904533	2243.15294420855	1291.61576027396
b3318	1937.65195239536	4790.52005774388	2119.25728135476	1151.10524455672
b3319	1981.09116056726	3436.93228054707	2373.78249213694	1184.08957257765
b3320	2966.26900031248	4916.91712062035	3713.66954410515	1886.65348307245
b3321	3688.51868488136	6085.19493095923	4379.04442352094	2561.70007301727
b3322	12.6619336951301	20.5391738186287	10.9528768649874	17.2433598867211
b3323	2.35150197195273	2.2437752911107	2.5771474976441	4.53254031308098
b3324	3.58444446516551	6.52953838957271	2.65294595345717	4.9701449085255
b3325	3.13144596761282	4.67685172340692	4.01813319525156	10.6797583814531
b3326	2.15304135706666	4.28001359640394	2.55627990657006	3.51848315097468
b3327	1.11069593816931	2.11962578107624	1.35639341981269	6.53432585181011
b3328	3.03539506390105	2.89633796797746	1.23561866325402	5.29111317071991
b3329	0.52137374038771	0.99497727841108	2.65294595345717	0
b3330	3.51720380420281	0.671214830674141	0	8.43008705573033
b3331	0.452211917683218	0	1.38061473088077	10.3460159320327
b3332	1.08089677885257	1.8049130507762	1.10000198070175	7.65436951069084
b3333	2.74124337729621	2.17971826456036	5.11444219893289	18.6654926608837
b3334	4.60433952550186	1.09835154110314	2.9285767018683	11.2865628349447
b3335	2.74528650912113	5.98747388778349	5.98673644364228	24.3543383886787
b3336	190.645718654978	237.230117135623	652.391111825001	252.035021237358
b3337	481.348279394869	152.231523596895	80.4862987725774	519.953621199591
b3338	15.0025584093746	14.5978013842606	14.0623861230023	23.7643454296281
b3339	7337.28604880864	12400.5529566264	6791.044633254	4642.34902226195
b3340	3380.0178890142	6090.22063827201	2801.0668876699	1956.86942287784
b3341	2994.82869520261	5707.74243412063	2175.32725030309	1873.85507817875
b3342	4118.26861047368	7977.60842102663	3030.72545722947	2496.72815409394
b3343	102.482525844959	96.9066411785792	75.1668020146197	128.750420487518
b3344	50.2256703240161	79.6396396594869	78.1734740952045	86.9065338290745
b3345	103.749332680252	105.552434535315	106.981587983598	139.230105876037
b3346	163.659433445354	248.104396456904	146.341342345475	225.179677325679
b3347	296.971404303494	478.10310403945	283.581322434491	389.101824277775
b3348	157.840543322855	62.5609001083131	151.981095580245	46.2972402437992
b3349	724.815361827321	768.885106491933	909.327525691582	1293.05942606373
b4551	74.0817613207612	80.7862148441235	83.4688070132493	85.032926963771
b3350	17.9622780326264	18.5442609032763	17.830264663933	14.5967046482942
b3351	39.2862158973226	42.0579584712143	18.527600929009	19.8345242372662
b3352	50.707273653695	81.7893156211114	54.5725120582631	42.3786650507504
b3353	45.4864186995143	48.1148836392924	34.1226420875752	39.0782068048624
b3354	63.1362173291419	48.6584778620213	67.9590264789712	59.525023170599
b3355	43.7055021683629	75.8241305271892	53.4980273648879	127.196536102324
b3356	190.397965934179	95.8494778202674	237.861169041819	325.452451787892
b3357	1011.51447566404	962.770193996162	1088.38679391027	1382.99918499981
b3358	44.506425998289	45.6043080675435	50.9547279848035	81.6858052950407
b3359	51.1766116179091	97.6642316278198	82.4433916936762	75.4471137254864
b3360	38.1878532188232	13.945559194751	33.585166857596	21.5725438582809
b3361	111.122641981142	25.2456921387886	105.457901333944	32.1876051218794
b3362	180.432555155604	21.1432671662355	82.1465764874058	32.7623837847701
b3363	246.410510705752	164.718227975698	127.508082998622	81.9014454933686
b3364	5.17403889572575	64.181085103598	3.66295075807284	24.9984953484647
b3365	2.82205833535329	2.1941126304584	30.5276493087677	27.670712421993
b3366	1.62630341038368	1.5517994250448	23.9982083496217	15.9461529961605
b3367	3.29492698386285	9.7463387680788	10.7301308452096	6.82042190314917
b3368	43.5426759166592	35.6388695465803	46.2817427251588	38.5829589779734
b3369	9.49645027134758	10.5716335831177	6.44286874411026	8.62167994336056
b3370	1.19237940626786	0.189625714495385	0.606727549893791	2.38159410094624
b3371	5.45837024394172	3.72022296180096	8.72904797589132	5.66350823258876
b4474	4.79964995663776	3.05317937418562	4.88448532946987	5.92623776612221
b3374	9.13399033732668	5.16476755205752	8.95116115593944	8.10832800780169
b3375	40.6842459712377	53.0314733841643	34.3795701017687	55.0091448189497
b3376	4.8968804345807	2.56989987655901	5.48177782648055	3.734473522428
b3377	3.66759458755493	2.13862932256175	3.52506381861665	5.77157057357838
b3378	6.76018493892539	1.43344184177868	9.93730602905142	13.0932631004255
b3379	2.11752474764974	0.577290571091753	1.84710230206574	5.2730547639939
b3380	0.65012373495778	0.413560237970376	2.20538294419422	2.83313883713364
b3381	1.14218474054009	0	3.71959432649664	1.4932394128707
b3382	13.9176626566306	2.79580392280799	23.1091325201971	6.38431837128187
b3383	14.9679149972233	3.36051928469967	14.6351256902637	6.07514401306996
b3384	155.836276492601	198.431140210878	183.092866996805	162.571426466328
b3385	100.194431848421	148.420721293416	128.704579576021	108.012951575003
b3386	113.341114448001	216.671711314165	207.141080950023	146.55329942661
b3387	103.882316229938	143.380148668521	124.469758174747	150.901030463865
b3388	309.081048147791	418.133982839957	424.92897027006	324.57710899126
b3389	227.077653871341	270.959996852141	322.782399395011	267.343331797428
b3390	450.299113249799	417.518770018305	552.605592741963	640.977308892599
b3391	3.0045266395224	3.07166108952573	6.55206990926467	7.71567289846505
b3392	2.62617884047143	0	2.00444805372319	3.57640056909771
b3393	3.61769534146574	2.30130799088277	4.29524582940684	2.62755960178608
b3394	2.46204266294196	1.8794015258876	3.00667208058479	3.21876051218794
b3395	12.2723357352799	3.25281033326699	8.32616883854249	12.6274450862758
b3396	29.1626204964219	23.453870981112	35.6136951495824	18.0417011082685
b3397	161.151883392565	221.156313246826	129.753174814541	116.701584345638
b3398	32.2416935242568	36.1098495423347	39.5259138683618	29.8368249725287
b3399	106.916686762018	56.5084629196248	101.930228382157	66.2516177172317
b3400	106.492531898594	58.0650919192138	86.8344847153965	60.5319141098031
b3401	124.631456575956	62.0587363923634	114.212492344398	62.2879593996779
b3402	16.3393996552809	9.1191830560459	13.9614164437589	17.9690804245623
b3403	534.094874164268	101.925398834643	1146.59245276423	642.740661980894
b3404	37.1435438551156	41.0676320124662	58.0001044370014	44.1062970406241
b3405	163.972041351935	149.412421308064	198.064523308523	137.602011896035
b3406	48.4975950964417	67.552073713507	56.1623652788479	74.0922231107413
b3407	56.1116699926308	116.042117470502	37.5251321685388	32.9361540782022
b3408	95.6309202763773	188.063797425989	556.629949655631	932.593506294454
b3409	48.2102307487706	87.7418270516128	420.467940571702	556.171874547824
b3410	33.6583047592066	66.3738007243847	326.547423435664	482.814076828192
b3411	13.9151626274126	9.52529442301393	15.3925191838812	19.7739553649771
b3412	24.8311851453135	21.7191538205687	30.1837119373881	24.0467711416376
b3413	43.1505371978776	61.2041944285763	32.8360240379654	51.669576643017
b3414	620.896384060677	488.057083753935	137.179413676681	1151.20981443722
b3415	18.5746817759995	10.9810134713022	12.1225730811733	15.6172207083379
b3416	27.2914772306545	41.1304995809357	98.506364424339	32.3728575254586
b3417	35.5422700214178	55.1102703079821	135.074178056347	39.6899792480318
b3418	164.689363759719	139.892481649771	290.700523445454	225.670082916591
b4475	23.7924830790498	9.23068891033288	23.1487142487501	26.7755299243953
b3421	13.2191826108082	8.89154511636307	9.70368495445457	7.08284709283411
b3422	2.66066899409863	6.50562066653399	4.90770114466935	5.6162237829921
b3423	47.0061760133194	99.077684662887	76.7534363579362	32.4848521348783
b3424	46.7165929112742	89.1528377262203	60.5676180854264	32.0714043813672
b3425	93.5124460970618	114.057257740793	79.4423448815063	35.4358955470232
b3426	28.6028542037401	11.6245851352211	2547.16633950418	8.07896064812113
b3427	16.0294692523456	17.0945564322755	30.7064382698021	28.7633918110412
b3428	217.456297553374	182.827074908036	446.026538424986	213.242883932451
b3429	244.020362342131	254.957723736781	494.213860609931	228.276111638434
b3430	257.283458277435	321.455969323691	641.632173863684	263.536016935388
b3431	173.764834752317	135.214085464314	237.974896590966	154.529854984829
b3432	216.173424923991	225.296158226772	219.870629102846	250.877876958188
b3433	392.347907406436	978.335742681134	336.534845106759	933.353082216238
b3434	25.5157148704894	26.9096127570269	30.9778335575402	24.3845493347571
b4476	4.75884756327037	3.02722393431559	8.07160290089876	6.2647016680168
b3437	4.53239672041589	6.24687439002411	17.9375322989433	11.5216995606728
b3438	94.5068424594349	78.7140910164669	214.632916595962	145.425926755479
b3439	43.5526857272148	32.0794398384262	44.7112874052479	82.8275873179397
b3440	64.0415721574499	131.014927180372	92.8071035278773	239.453455444271
b3441	15.2253926640828	31.650044101604	32.095763314218	37.914234253993
b3442	0	0.860794592009586	0.459033905432792	0.245706909327324
b3443	0.681796429737775	1.9516861999602	0.693847403211874	1.48558177485597
b3444	0.963407998542508	0.919272485488498	0	36.7358536717102
b3445	0	0	0	174.732713518774
b4612	0	11.3848361664345	1.73461850802969	5.5709316557099
b3446	22.3916301134932	11.5731567646763	8.54527854481992	10.1645068805935
b3447	36.917927159295	97.9650175757415	25.9267248256967	21.7723387485346
b3448	207.414532910703	50.0534488017003	139.902292729251	88.6801365602801
b3449	60.7568592629227	50.1300044102679	33.0976402419212	35.0429571891429
b3450	41.7098992310168	29.6124190003298	21.9815521857879	9.73742675956017
b3451	17.6009858457128	12.8958934489096	6.077315907565	2.05452798650294
b3452	13.4746929525878	14.2859913285375	4.87568445500236	0.652451455173232
b3453	110.236698366258	41.6122615754611	20.9576687166047	5.27906052112829
b3454	94.9645027134758	193.665220262157	145.154042882013	83.5795796862248
b3455	107.329672337626	248.103025653794	107.112692870833	70.1589205390966
b3456	66.3711219277594	181.851950462645	85.1184631264144	55.0816059480049
b3457	43.8865080501111	118.785475082799	56.6305226828591	36.875120430891
b3458	176.787971537952	448.922991507961	133.349969844314	145.366184212596
b3459	19.388585970668	32.375627848298	16.2078416844024	49.0358046778632
b3460	640.666319030768	773.108160295827	387.027327329623	21.2543153386323
b3461	571.91955248214	266.479353196904	406.058976777925	412.678979352096
b3462	90.6422278968662	57.2605195776802	97.0993249820583	71.122753527099
b3463	89.4284554700893	54.2329543456802	103.95265354847	84.0053191970127
b3464	88.9894938412758	61.646634388301	72.6310544767771	108.778593213099
b3465	43.2032813014741	64.5985248094028	39.887509008763	64.051716724946
b3466	26.5900607597732	47.9247389101337	35.0778409401558	37.552205975526
b3467	80.5087950782022	63.4298014987064	24.0533766446783	47.4767175547722
b3468	64.460753357026	97.1173994238566	48.3369291424157	76.6958246444783
b3469	17.6541558477803	4.96131235005798	15.0128510435748	21.2095679043216
b3470	115.655955337225	85.6044475510996	292.600526866666	105.983577840335
b3471	31.5407627630943	43.8103734075149	59.320827535862	22.618317112672
b3472	147.722559776518	273.271044449624	612.973146751479	265.807319716166
b3473	16.8098085262934	21.8723453443815	22.4389566605219	51.8489993835201
b3474	26.3368220858706	7.49075751032342	17.0091734844511	20.6920318640653
b3475	62.8574565579673	56.5258775260581	35.8959830029	78.3341206282474
b3476	1.68825782601735	5.63820457766279	89.3411132516623	16.3696963191273
b3477	0.562752608672449	3.22183118723588	68.1512338265885	9.50300722645964
b3478	1.91295401149448	4.25907540039275	41.8554710498674	6.25226862079672
b3479	5.90890239106071	3.97990911364432	66.5005118999929	11.3603312194869
b3480	7.57833206288456	4.71597037165103	55.3272371706123	13.9998133801483
b3481	41.0095464454214	59.3273765261532	51.1583010726367	36.0309012558352
b3482	4.64510032158456	4.13281992767775	10.2209815770588	7.38582440473721
b3483	0	2.64290839577943	3.5234438444353	1.5087939900881
b3484	1.87089257764455	1.78518350743941	2.14195636347729	2.54783153999046
b3485	22.6901851816731	48.4885593679	72.1601299340349	11.8450386848516
b3486	31.2938580579202	62.7806661032518	47.473769693444	7.83514072045749
b3487	42.8229442947658	67.4684030922569	65.3697806284445	18.4445827102905
b3488	5.89798020549498	5.78411005656719	3.66802878592599	3.92676883187439
b4660	1.65463974858576	1.10518633600733	2.52582906583041	1.26186628666982
b3491	211.104376022511	15.6616793823966	8.48035715036735	11.8296326516309
b3492	24.7555012892319	25.5195543851819	29.9167620985868	18.3011819645599
b3493	101.042230887138	88.1251375488694	177.333519312891	65.2764631871715
b3494	309.426004674742	69.4707349747736	254.493315392355	135.360375110761
b3495	1510.43770430804	2151.07225680211	2511.29693572154	1808.72142436603
b3496	18.4502462414753	14.4982403425615	14.7265571293949	36.4573894747818
b3497	48.3776669865728	25.2708372504806	23.3586077973719	34.239404651561
b3498	123.38412922303	95.6259366696112	88.7431847573484	85.2191659834781
b3499	47.6286972090837	73.1361412298251	101.756055111606	100.686494313637
b3500	92.957122981321	125.828224111255	173.200311870494	129.749592265137
b4613	231.080289936124	84.5730686649418	502.5437620406	517.300796601634
b3501	5.25792161916419	5.01704644622536	6.8796734047279	4.09164471888298
b3502	3.91636553826117	4.72035732083396	3.14651729363524	4.94042311173033
b3503	11.8594167707909	11.9116998119636	6.35212411391152	4.76013878563006
b3504	0.356435130828059	2.04063704553479	1.45094095041625	1.1649669414085
b3505	122.884253265422	122.743214699562	165.766080195073	107.102119697581
b3506	1338.8822481332	560.240645336017	472.477041234752	365.303772414981
b3507	87.1312725461495	54.4707899875896	3.56723806171076	68.739631277234
b3508	568.731855139594	61.4720915759068	44.2648945197205	144.39717297732
b3509	7996.53386885657	2458.05028927097	916.897063840719	1761.16400868705
b3510	18585.0950205322	3622.9274009171	2424.84040228784	3559.77513942515
b3511	1448.76386897054	349.362048045231	215.819236779149	732.56292913513
b3512	1254.466692284	270.057185168735	223.962903275378	210.13385389227
b3513	250.286409569541	45.1348501165234	37.8560267140986	17.511391387551
b3514	152.93127431199	25.9911453796883	26.5039012883919	23.6290511588364
b3515	468.335226550738	322.282557957762	73.1252345524942	129.147798328529
b3516	747.422435174716	504.670566106071	171.872309479247	286.17707099271
b3517	4011.85370692424	259.695461382284	154.132183317344	148.049198719051
b3518	9.12963459563029	8.34841450340628	34.4541392925381	10.7752497832901
b3519	49.1513244347323	38.7498423701188	24.1080434097798	28.7932758544812
b3520	13.2288859501359	8.41523071292953	12.1164397277297	14.4123605023341
b3521	14.4768108580988	16.0688830463389	6.01334416116957	2.89688446096915
b3522	66.3440372014065	33.5289680505982	31.4899975303851	29.4259466942626
b3523	129.433099994663	726.446222455328	31.7030049313362	49.0477792333401
b3524	45.0263522812268	19.8198894542295	13.7860510245154	16.3046384023494
b3525	2.4235732463335	59.4654389050372	4.93282138220942	1.88599248761012
b3526	72.9082311155072	63.0205769729083	36.9529697646066	32.3952670904077
b3527	69.9831926476329	41.5238513485185	53.5055071655169	62.8916132140931
b3528	247.512764492683	15.77120161584	114.800206713237	29.9367236448249
b3529	25.4002591470936	18.4963724832829	26.5294595345716	14.710172476515
b3530	26.6359848716208	14.4606801344201	16.4354354664091	18.6788174800544
b3531	4.56378639959974	7.5634451651574	5.62223234580895	5.75713262342559
b3532	4.43167679329554	8.34887985538528	5.08821429022041	5.5709316557099
b3533	2.23360571483395	4.74694199837589	5.37274736049515	5.30929569020692
b3534	4.94370319570817	21.5644477870768	19.4056126316628	21.9286074734716
b3535	84.4128913008673	128.873247489435	45.815955513673	177.798199720858
b3536	61.9081567307697	150.908051911681	86.4131326977231	166.220724159935
b3537	27.6979799580971	64.7512556965961	35.234438444353	66.3869355638763
b3538	23.8993998495581	73.3973417342174	43.650435741347	76.0432171004402
b4453	22.1583839664777	0	25.0556006715399	50.9637081096424
b3539	6.89836481975248	15.757717982383	17.0188985693479	52.8362574642172
b3540	37.8346138173888	173.437904993478	175.553748943995	140.088144082687
b3541	51.0723728007839	175.85010008991	163.625294629386	112.754750869023
b3542	32.9799203221993	108.455828919161	137.547755978912	73.7855399803881
b3543	21.63701022609	91.7866539334221	81.1801461757893	50.2694656462294
b3544	730.39986552188	1393.40442048526	1300.32958022455	763.674952117427
b3546	40.7022797682108	15.7449861876221	118.347730831529	71.3948475309772
b3547	5.71829263651037	1.67886984942813	6.71465228914717	8.38634872902566
b3548	89.3943387488799	70.4170614635138	87.4902862934114	67.5525274875495
b3549	59.4033272292806	63.8796582469241	31.6660144657334	74.4766395107317
b3550	40.3975979797008	43.149524829052	19.6354095058598	50.580522334382
b3551	37.5952015883683	41.3081826384035	42.549433942466	48.1572909535574
b3552	8.46047387810966	17.6834598117606	8.20001476523124	10.9730472006407
b3553	154.904148836422	338.032049833106	79.6536818887231	155.688970004906
b3554	179.88493987976	185.561163315484	232.160755589458	241.203319394337
b3555	1853.08052305224	353.986246164602	311.516024844094	80.6349282950175
b3556	225.953098475068	1279.31655980489	10341.258057448	21149.9766443809
b4455	0	0	0	15.1471082926491
b3557	11.7159271546893	7.2907817814605	11.4046182367009	4.43966967198337
b3558	2.18462940514569	5.36026491538364	8.25776134808498	5.10014869888935
b3559	207.068492486736	444.560173982238	265.632942076013	377.994441018245
b3560	237.619512272096	494.919372220169	262.589288616862	428.815134025039
b4553	10.6360243039093	13.5316909863907	8.11801461757893	8.69065338290745
b3561	8.00905444571482	10.6990026624324	6.52049366873809	14.8334445290589
b3562	0	2.89633796797746	3.70685598976207	39.0219596340593
b3563	0	1.48373804675337	1.58245898978147	24.5642249614343
b3564	6.76173366399731	4.8825689126152	11.7167221284644	616.409229633023
b3565	31.9563088496141	7.28747530446211	31.4984694156502	8446.07137664119
b3566	16.334277002479	4.34363192538976	22.0731515281602	1753.30066570238
b3567	4.31096964328359	2.96170279371392	5.08911422200149	758.788348758391
b3568	6.74874638572924	3.43443933664738	10.0731145847003	532.565984237391
b3569	21.4254094332354	26.4694337042948	22.4926613662068	305.167981384536
b3570	615.277890792813	232.499054220713	269.288484890194	314.26807182635
b3571	5.23684111467715	4.99693167887396	25.8476093190598	6.98903685807426
b3572	248.301125595649	319.880434352328	158.821338610795	49.6674768029001
b3573	11.2194349197355	19.805085700018	64.5102427416609	22.6128111932191
b3574	53.8691454732744	64.5504693697082	41.4347035840306	27.2969089372829
b3575	4.25866838995367	0.253973179173999	3.52132766194615	3.47974109425724
b3576	3.97714584013702	1.6264051666335	1.15641233868646	0
b3577	0	0	0	1.22231411855238
b3578	0.208059943347208	0.198528330199394	1.05868735231859	2.26673275506193
b3579	0.538805689154472	0.514121997963172	3.83830478372526	0.587007996143698
b3580	2.84195706183281	1.18639575281482	2.89218957651442	1.54810124834691
b3581	2.40634034025097	0	2.04072765650551	0.43693581613411
b3582	4.32358711541028	1.76807809055628	4.71429420300751	1.00936740800319
b3583	7.6408220574061	5.46808633609538	6.22070085638232	6.24328547622661
b3584	2.15304135706666	1.71200543856158	7.30365687591446	3.12754057864416
b3585	18.5448628888675	10.4089930664544	37.4677597734412	20.5010284930124
b3586	2.33861572205569	2.23147938429926	2.14195636347729	5.605229387979
b3587	0	3.13233587647933	0	2.68230042682329
b3588	212.340381246012	4.61607392323269	92.4859365138946	21.2701718056864
b3589	0.923265998603237	1.10121183157476	0.939585025182746	1.5087939900881
b3590	55.9183933593063	67.3834205623114	111.173533516257	49.930041115891
b3591	39.3502335956414	61.9716451424143	108.084677379643	44.1192173653347
b3592	96.492667124957	96.6549356170764	52.4316215037938	46.1408526623986
b3593	5.53155593938195	4.23479081123439	9.68768072409032	8.26880421853797
b3594	10.7243424179394	18.6602500257167	21.827797311007	14.4328763179958
b3595	9.09061906317033	3.97565707399299	23.1282467737291	18.5697721856997
b3596	2.30216976275093	4.94258193496413	7.02858408448392	0.627031268608041
b4650	3.16548342378253	2.01364449202242	5.36905728675855	3.44867197734423
b4615	1.58274171189126	0	1.61071718602756	0
b3597	10.289909177045	7.36388196818755	6.18787393893439	5.35044623397996
b3598	21.2427482653836	7.68846078772198	12.672750091721	11.9705969461535
b3599	66.8224619929515	40.4306989699173	61.075972044481	37.5353890449503
b3600	162.224826741523	79.4942681968121	123.407010722697	77.6536478658397
b3601	79.5892975122464	67.7447539816116	70.4113512749193	57.1494213388472
b4554	272.231574445297	89.4058154457956	195.863209820952	70.3529083378222
b3602	119.398895422673	175.436696156202	158.036648202638	187.539352156405
b3603	57.8044799125505	16.3936926578782	10.7848020281846	4.8981138228947
b3604	38.328015509583	17.9595319558757	9.4031057346474	8.94790567094718
b3605	46.4377215619885	23.8594047618979	25.219692766618	8.02663200772308
b3606	26.3656720613785	20.875630872992	37.6785488579613	45.8367794457144
b3607	186.324513353155	216.062584180508	144.188580798847	292.507798370364
b3608	260.686870193855	252.226740077209	228.683941188008	161.316703316713
b3609	711.340941693078	1173.1802601983	695.582021719904	708.746305087537
b3610	507.532508946465	769.212195952566	440.262697514201	405.793736000837
b3611	429.010934017637	349.451221219725	463.528612423488	306.45282376456
b3612	82.9541054123669	322.362978231613	520.358606878684	466.314022940471
b3613	56.345604943329	121.422762868952	83.7572936734334	94.9534351095443
b3614	24.6512021627064	41.757952653315	46.7913342541008	31.9864325898677
b3615	2.31217919650202	1.4708359767816	2.61449746137808	10.3560120826916
b3616	71.5288184181034	51.6835419619089	87.5627307679078	59.2929568034621
b3617	53.9798225950283	20.3484074983319	62.8462284513211	52.2746068144809
b3618	55.1635293151472	85.4601987558328	123.000221478469	95.2122864794056
b3619	251.935838281238	298.861101166466	239.56699085817	407.67516583628
b3620	79.490821564556	114.137293241225	83.4803795440304	151.069619454552
b3621	46.8095861291841	60.522602263349	43.9725791785525	76.0432171004402
b3622	20.048061683956	133.101900922682	22.7648028958562	68.0537936862594
b3623	16.8354202203406	106.070692264131	76.0906398047435	50.1695074246054
b3624	19.3495747312904	82.4885211978482	52.0874177340745	44.8813085502263
b3625	29.6713124357984	128.130013900105	66.198402460944	73.3545850631673
b3626	24.3153947950729	113.013569631913	71.0426057978883	72.6357460714979
b3627	35.974788086752	104.472614233163	72.1601299340349	83.7824427437156
b3628	49.9794660577219	92.5605251499641	64.3928937258575	96.5628153656383
b3629	9.09061906317033	75.0857051929131	46.8346997168015	51.0668735106741
b3630	45.9828118402093	78.2141913217131	51.2038515979289	100.5560144973
b3631	52.4710532326191	65.6287012839949	57.0065026478876	103.515338071964
b3632	67.8239230973926	103.693936363103	76.3433258722398	138.266755914856
b3633	53.8875253269269	79.609860409957	78.9780764829666	27.8808128872618
b3634	55.3959599161942	54.4439129530563	105.985190840614	24.7442214374448
b3635	13.4591665574161	3.44556946412726	20.712629888473	10.0139215934736
b3636	1427.63302412592	4689.27461079722	1251.52725354342	1231.17589591189
b3637	4280.21442187911	6700.54223764393	2737.97455034518	3699.94483685806
b3638	52.4646938757857	84.9523200939326	84.9418569851308	114.316516845419
b3639	99.3044038202833	160.626491592138	78.0109512800377	100.83340670859
b3640	206.422840108766	290.998124419504	210.664853014658	139.761969608161
b3641	76.1624855933203	144.07170993676	83.4011552001408	70.3598403417967
b3642	5.38428021615345	5.9280188316548	13.0663786679619	2.25614054592613
b3643	57.2828092059161	84.2037539546145	88.2307265568985	42.1671682819381
b3644	146.799293777915	142.129740395249	151.899579071211	190.443330304453
b3645	7.09068286927286	5.53569176715983	43.2960779604209	22.4728006669122
b3646	0.860519765688454	2.0527443850714	3.06505406273207	9.37503061802314
b3647	4.10779310608499	1.80904959711105	8.03923016199141	8.26205906871772
b3648	237.350382102463	421.238938158076	517.783624646861	693.580991135883
b3649	640.666319030768	715.193993710051	851.999360226581	883.759679759429
b3650	163.650539906049	266.952545330734	200.801215054702	221.833494758899
b3651	77.4580030828176	85.3084866533326	68.6305583611745	65.0749407898867
b3652	38.3142085875695	51.7918648164269	33.792568052682	29.3584352192359
b3653	35.9384734978693	23.1418844605562	49.5876514783013	39.3937853730465
b3654	134.478468210347	220.363879344644	11.8582110074788	36.6272747938628
b3655	43.8502756389242	76.5608832124736	32.2821633915419	55.2271540512247
b3656	4.93045542333009	4.48576431469937	6.41786407886792	97.9369304613977
b3657	1.73037271755574	2.2014681648141	2.54360544778323	86.9274802098479
b3659	0.448777396789421	2.14109034594789	2.28354841563402	1.95570258968381
b3660	27.913808373355	28.8317279539574	25.1857596360674	51.4165640258594
b3661	166.2284628694	304.525005485853	59.1422310356788	183.221752232237
b4555	29.8459865670924	35.3826103598226	16.5673767705692	18.7213621627258
b3662	1.78606621392263	24.4984959608774	10.6786086489283	14.8371076506396
b3663	31.6967611705906	19.6030291607481	31.6596596564888	42.2062636697492
b3664	2.58929430619514	2.09057023666148	2.43236393036073	1.9529558163837
b3665	11.2861038878494	11.0562415741944	18.9895078773776	13.7712673866106
b3666	4.96653433731396	4.55673861341281	2.91595352642921	3.12164273811331
b3667	6.04319562722119	5.76634559079149	7.17501291957733	4.6086798242691
b3668	19.1066304860646	14.0111071840123	23.4052317650313	12.1426294771162
b3669	184.915650968981	113.336498109364	69.5960644033839	43.1346586404882
b3670	147.113394581563	241.512783713287	132.975497172255	28.8692953155001
b3671	172.544147973425	292.625821952587	65.3670804020565	38.2477936528194
b3672	2755.69720601286	920.052474264064	746.201343636043	2258.9846503719
b4618	106.360243039093	163.507932752221	399.887386717777	251.06331995066
b3673	0.224388698394711	0.642327103784368	2.28354841563402	3.42247953194667
b3674	53.9276332678131	2.03790526903474	88.5700390003591	73.2946670847616
b3675	28.5678338741365	16.075872556146	23.8545884079454	28.7294326707684
b3676	53.4857544018427	11.6652508503368	34.9914423171505	35.7948367303659
b3677	15.3631462167579	10.148768239793	23.4520422285613	32.1876051218794
b3678	3.38160076596848	2.03790526903474	3.80362130676389	6.59264201291506
b3679	1.85944480837575	0.739275075742498	2.05000369130781	1.68816110779088
b3680	7.43569931760996	5.10844038915756	5.44833195810666	7.45283474298551
b3681	5.40955852702741	6.35290656638061	5.08169929112922	9.06693102024773
b3682	0.547120591764881	0.522055979413221	0	4.76853409213029
b3683	1.2009964209473	0.229195308035073	2.2000039614035	2.87856631171279
b3684	2.96681291601375	2.47703548391043	5.28369152236657	4.84834219409063
b3685	27.0380280890594	32.8216782724955	64.4752063490023	43.4009765813067
b3686	19.834077956008	5.91420060593999	36.5846812602624	19.5826688503742
b3687	174.05571173668	55.7691974529689	202.623553256801	174.932636531953
b3688	811.276328286174	195.813321143154	427.43500388854	462.805565536212
b3689	18.9624632020819	33.9512078534742	25.3687956799341	82.4033640740423
b3690	4.4940947762997	5.241147917264	1.01633985822584	2.99208723668175
b3691	4.52421760800472	2.15847739052056	4.60418462456139	1.34426193084415
b4478	15.7365024513888	3.31226117486717	14.6015928717695	6.30305583326621
b4477	9.03545753972876	1.64219550805712	10.0708919204054	1.87500612360463
b3693	19.0577227288477	6.92748685310104	20.9338260900784	7.58001622324123
b4479	36.6095039446153	19.4885766923562	20.0009055795423	17.6332097624209
b3696	18.6170897252598	20.4674549737074	8.64933064277816	35.2740878047994
b3697	55.6003730524163	191.615734908761	105.510891093584	174.240652080432
b3698	65.3089211643553	27.9790603102063	27.8060651061601	21.0550499669437
b3699	105.589516640259	143.826746586715	386.348024864212	194.205215002445
b3700	31.6902027676999	39.2154452468725	53.666577080829	44.5052081992467
b3701	133.554074479152	140.110151902683	201.045593617304	146.554463647576
b3702	236.356095642429	216.8540222178	255.374391459926	286.799814868028
b4757	98.4817065176786	28.1910228883139	20.0444805372319	17.8820028454886
b3703	2381.79054890735	2864.68777265079	1445.12175107256	1093.00888881957
b3704	464.587450497149	567.344335627318	490.08754913532	367.743388517473
b4557	160.777111570722	378.611993441891	179.351485737209	116.773637186353
b3705	243.944030406905	466.769395363886	340.756169132943	177.295660999205
b3706	97.9838869023145	65.6138312938999	64.2304453258992	52.8442659913054
b3707	503.438483718373	6.76584549319535	129.888233881263	19.3125630731277
b3708	377.255876175031	1.25426161155634	155.939263840499	7.16037825804521
b3709	62.2139242135719	0.406601291658374	17.3461850802969	4.87456519874616
b3710	3.84380130030735	6.47242872435779	6.90307365440385	2.70967083934189
b3711	13.5720101794676	18.500358770456	16.6306549457346	40.7374377323787
b3712	61.6889409626739	55.8182253188616	85.8705546215015	86.5202825676119
b3713	160.853453978875	105.604466692732	107.381145735171	136.414135992727
b3714	94.59543289725	235.325511688773	47.1225063750845	79.6751481043832
b3715	31.5407627630943	49.9057297076909	18.6901237441757	43.9317313149976
b3716	10.7951101375148	20.601132110691	6.36026786277551	21.6647342166496
b3717	18.0884767073287	17.2598099316208	20.249016052918	23.6480364160747
b3718	4.78106210065079	3.5092559612009	5.23984345994029	6.01013373645052
b3719	2.27265476579258	5.63820457766279	2.31282467737291	2.72356658723595
b3720	0.986644184036112	1.09835154110314	0.33469448021352	1.25406253721608
b3721	1.1290896288651	1.43648524271663	2.10658553416769	2.25518252446289
b3722	0.991109825976637	0.135100748666041	1.00862801425368	52.9090186428338
b3723	1.58841462125288	2.12190494858277	1.6164903659058	0
b3724	76.1808903310307	75.8361814061668	75.6637726064519	47.0843479882038
b3725	84.1675049889462	108.830460452561	49.6450506329116	32.5618796000408
b3726	42.3769767439708	44.4222178846159	30.0667208058479	12.3548383296103
b3727	29.3598587555829	48.6295144823415	23.3956671270504	11.7685931226872
b3728	96.0409495261742	144.77349506333	46.5297667802314	19.4795304772181
b3729	242.50716616427	452.535239544869	385.199054258526	125.689959672651
b3730	261.827731770196	329.409326528657	313.036012241191	126.144421823383
b3731	1185.15699386418	1940.95192586041	1735.06455278889	542.820969233981
b3732	885.181776847403	1778.41936580899	1202.92971484394	411.177454582967
b3733	839.248792730342	1838.58327399722	729.117979541811	369.486883794908
b3734	967.209149167107	2366.72961026561	886.558794812121	400.529031827901
b3735	850.483591342559	1771.75827557061	719.06758691289	360.211850577437
b3736	1266.27401877222	2141.26081492448	1150.77022498306	598.443435355198
b3737	1546.65520086014	2634.45108891294	1481.53766770815	673.525637175327
b3738	806.825863249981	1363.74073222219	830.372083432093	342.584988337651
b3739	692.3186423542	408.214890485113	651.998024403977	222.018441628082
b3740	26.8457344209249	47.5723511240298	59.4106839000167	73.3506001335137
b3741	95.8086316264845	101.219196465661	152.910751526883	82.6148531461572
b3742	395.856535184912	238.861775013146	388.226374729563	401.257644931538
b3743	16.2205163676176	28.1910228883139	29.4771772606352	20.1961443901989
b3744	29.7230286438552	21.9736673872658	51.5040202323739	126.611063047393
b3745	38.2735723057342	27.7833014829044	68.9546696167172	36.5103206857682
b3746	46.8922915202413	50.6760471559471	103.395777360391	43.5403476097567
b3747	29.4496660100217	23.6207286479934	42.4215852140293	22.0095020576575
b3748	540.031472097299	22.9555472090556	572.771031351402	91.7346745973564
b3749	69.5649663967506	24.5969482571345	134.58151723255	22.8903885030099
b3750	91.9366490037708	35.1950037301311	219.617786755758	26.0899532199085
b3751	813.220152305073	188.794426009618	1039.57964968098	427.867558993872
b3752	65.7603653198692	49.1069430957727	153.049307843961	62.9215764640611
b3753	16.8698270681341	16.3524966602909	69.7620591507286	25.672289281499
b3754	10.2412699004729	15.4576827181721	54.9538804644699	30.4294586236255
b3755	64.0770583965675	95.1904668956055	215.933722151089	191.871568194061
b4480	53.4966698619247	36.2456008564036	26.4157618508521	93.8038777837629
b3764	810.25170397775	448.312107347789	486.921230749572	237.561616563252
b3765	4.19567033684784	3.33621572642769	11.2083042057303	10.0943377009444
b3766	1047.48724205167	976.434520040692	415.467414771716	3710.35302677665
b4669	20.8549496155084	124.372159801385	31.835351441486	1096.27196268048
b4488	68.8593670739416	304.463047193791	128.967040733169	2095.26634143532
b3769	7.05039489842472	42.2865343324709	22.5500406043859	505.857475949537
b3770	44.0308533011298	258.084267603339	80.5982096440632	1247.2177829807
b3771	30.5979629488476	88.6852113877105	49.1203477670902	797.230115838836
b3772	18.2430190325952	61.4181120013364	50.7923244681314	628.689553244632
b3773	16.3585384987419	8.23026507142051	24.2148087026963	42.1247181125268
b3774	627.280430660775	2558.67912007654	228.433744659064	176.246764630779
b3775	135.779033666927	142.154732436817	102.674652964651	183.880254792013
b3777	38.493406445106	50.2917802528719	26.5176424033759	63.8733990280503
b3778	46.2893243691403	37.8947577697514	50.3193784406475	29.0834592273362
b3779	106.181185390879	153.085797017753	158.533618794471	239.748889059332
b3780	288.584071752989	421.262062402151	374.90778407671	649.396374425785
b3781	1306.13601489674	1494.63677713315	1576.86283935397	1952.324557938
b3782	716.888893033102	1743.69768041542	1599.72640993467	2260.70591267788
b3783	407.081168298433	815.928748167486	1326.37191212083	1423.38188078254
b3784	58.5270359114574	144.095962100322	125.740987283152	132.249073218157
b3785	61.9672858202929	83.6037498263751	105.190447289227	96.286131080923
b3786	41.1428880014174	86.8163861361604	80.3905956824792	68.1318538123602
b3787	33.8954852123792	77.7429396041152	75.8452672109512	78.4429521497584
b3788	36.5986791356429	80.7720318710118	45.1000812087718	57.774942901351
b3789	36.4784280264462	58.6833537675106	62.2810645263992	59.1200910401867
b3790	22.8477559121014	49.6162002834325	24.4542662554229	36.4792858047967
b3791	43.729012390078	62.3642256998775	49.0478336753221	58.1425970503976
b3792	25.9311543780362	23.1206950307035	28.5525693983591	26.6300330145046
b4481	26.343856493479	29.1307236512577	32.0711688595711	29.5053046950561
b3793	14.9360282168719	18.5648199508409	12.4000223279107	10.9195201411254
b3794	30.501419225111	35.6097131220808	21.9109706277434	27.7569226354669
b3795	52.3743621025836	83.4747171238387	40.6095969325738	14.4217191779849
b3800	3.87233894559804	0.615823315521421	6.56797299156871	3.75001224720925
b3801	6.42271999028339	7.96702820756698	10.2945837541762	8.57169919006572
b3802	97.2969641836313	124.422033349175	131.344096151862	130.928529104788
b3803	85.2591626730461	110.546016148338	114.467211189776	106.36614687484
b3804	108.010908079511	81.491458875531	85.0876026044035	120.801254850131
b3805	224.124291329723	143.558743943994	161.728316691328	286.305672310221
b3806	192.61351433758	280.515619977004	241.914923232917	433.679640741082
b3807	115.140761545435	80.6210561105053	85.9852015569107	50.5375482287453
b3808	7.65968828470833	3.65439185589255	13.3629870248213	9.53706818426057
b4558	323.25171904038	273.618751563047	465.592014831733	543.875857132933
b3809	101.203382770531	81.1901459183441	120.704217344204	153.44709205376
b3810	58.5882694706868	72.3888130098231	89.0535501834223	117.021038960053
b3811	56.9151802215882	92.7758077662238	77.2282327053216	129.826929020022
b3812	48.2107098852234	94.4812106005835	67.5557701788298	93.7346157524188
b3813	83.47041727178	63.3418267393462	102.335274421013	137.411163058453
b4482	4.17098992310168	3.31659092803693	2.82980901702098	12.1176866341193
b3816	153.780582732653	70.4330918849989	61.1767663084286	63.6644429382284
b3817	3.48950928605948	13.318593490542	7.10237499350737	6.84303415976964
b3818	0	1.9977890235813	0.710237499350737	2.28101138658988
b3819	10.4450294791477	21.9263511353553	15.185212528206	16.9066208720983
b3820	90.9061906317033	78.0674479984078	9.82950487883488	10.5228709052298
b3821	46.4561981090291	100.612788584155	80.558076090151	63.5982680511618
b3822	47.8039890162043	61.4194580632282	68.3155328473855	31.8182391614644
b3823	50.9535785895815	77.2188887810338	52.7256988044579	223.447287730149
b3824	31.2572372860458	53.9306524819919	76.6919255337569	112.423374411202
b3825	124.242903647816	93.5016037732641	107.658258369326	133.092443465836
b3826	60.4168671445534	64.3008724306486	98.9836988327351	96.9244738501538
b3827	16.840371814523	17.1965239618715	20.746037356035	87.2284098802933
b3828	71.074061779268	64.8925432523453	16.1679536408805	14.5755193004737
b3829	1091.34449201474	2359.29698448062	182.434015499674	225.654748904847
b3830	179.222223258275	163.238459739318	65.6604123480648	113.958322545478
b3831	466.896342474758	285.017900697599	423.656668362715	241.026869849664
b3832	26.6273017412295	14.5693101481622	37.330739487933	30.4294586236255
b3833	167.418901080054	250.363131841455	186.485256426747	183.929172125025
b3834	100.919372520591	126.440924439665	133.514101796265	130.503210865442
b3835	51.8514286601306	67.4110748407946	86.7372676995026	69.5534721280832
b3836	433.319508677786	464.212176894236	725.610195447795	692.033510120408
b3838	224.675707194983	253.719205994825	336.677350418971	359.303499034933
b3839	67.416241565963	147.268162038181	96.4688995739752	110.357503275015
b4483	17.3191966634538	23.978571192359	65.3173589920143	24.0482107232433
b3842	67.4267389409382	83.0165091189613	55.8908981851037	68.7195495853622
b3843	151.638097505534	148.936910078622	309.542324440928	158.805112016983
b3844	191.660551915174	173.844641144603	451.000812087718	271.531335515342
b3845	83.6079230075343	16.1299151577466	8.83403652542953	11.6970420674871
b3846	94.4614943886007	14.9451039147637	5.06603651934149	1.98416743901996
b3847	142.332682595483	134.478798372633	114.781738211514	175.509441441599
b3848	67.8803177119414	57.7572176248383	68.2001228035086	85.2579003960026
b3849	58.0513034493671	56.0908162013354	49.2000885913874	61.0500444253829
b3850	93.016512914225	88.2905661886755	62.9418715770771	97.6239452048212
b3856	14.6043894324512	10.5716335831177	14.8625267619816	19.7514849611533
b3857	34.9988833932058	45.9730527101735	27.753896128475	29.7116354971195
b3858	199.917864230888	258.417709809544	241.535990473645	178.104748341066
b3859	83.245478974366	121.846913517272	84.9910344967736	75.4305275044652
b3860	265.900607597732	302.682561537686	219.6740797633	134.910727687877
b3861	2.04395994659333	4.43255076860282	4.34927407883334	4.85850643349124
b3862	8.83485405737374	18.2199215451804	19.4321893311107	11.7986719739365
b3863	72.3188591887625	90.3994156989098	115.541650459502	80.0359180102707
b3865	108.376550964005	111.428024117791	185.957680813419	177.108102116123
b3866	274.242587443935	166.658694133856	158.646168016738	177.221167023995
b3867	64.4431603566556	98.0530555918867	92.5634854503177	88.3402175506603
b4686	701.881784019239	224.004344031467	394.930440855191	258.3707762486
b3868	28.2872986806098	57.7616064711624	98.4525177025529	79.0993274803633
b3869	30.6418795422148	82.6399699526003	86.0767264213131	56.8341141866328
b3870	171.421030004495	1223.07052705449	985.868583699833	450.763440238746
b3871	367.216902707614	979.68441218287	487.644628069845	518.548671330278
b3872	10.4714725917532	7.13696781982631	20.1713443381005	20.3719019758731
b3873	10.8420227358912	12.4143954003584	23.7223668743387	14.7649564779263
b3874	2.10032075511637	3.40697196043604	4.91612259621683	3.66114939774932
b3875	0	0.732234360735427	1.17143068074732	0
b3876	1.89387897149382	3.61423370362999	3.27650162627829	3.92028523920326
b3877	0.95923740114622	1.64752731165471	1.9523844679122	3.1351563430402
b3878	0.783212393513202	1.37010862343794	1.46126919969511	1.27991949674631
b3879	1.43419960948076	1.64219550805712	1.75145946441832	0.937503061802314
b3880	7.06499198931172	6.53704878569599	11.5473637877532	10.2627146765413
b3881	4.23504949529949	2.88645285545876	4.30990537148673	3.95479107299543
b3882	4.1500652244908	0.848559217373998	2.11170948803614	3.22952559751299
b3883	10.0787298309062	6.22276759407599	9.05018352015488	7.42790887427987
b3884	60.8932689155112	15.8171006281761	29.9519623294897	22.1136218394591
b3885	70.9068286927286	51.5895718856145	93.8081689142454	60.8345736803521
b3886	67.3127540424958	43.0131070873244	67.2626640708143	48.7791541537761
b3887	114.13085440268	62.5609001083131	71.6658824687333	113.758933170478
b3888	85.6790846703804	57.6634559079149	71.6134622830195	69.3496583080493
b3889	0	0	0	1.32277829267998
b3890	23.069002485648	11.5853518719098	14.8274239590483	33.0694573169994
b3891	78.9124383838431	74.7516800457873	96.3104960006675	103.104167374278
b3892	31.3562037261477	44.2811821783422	90.2001624175436	37.8052531856037
b3893	27.0906488360923	26.4115231046662	132.45339464636	20.8524352118488
b3894	99.4403779970542	126.984342036742	465.36897955246	36.9350395056375
b3895	40.4908599099664	45.3287310470372	39.5842439386343	39.9450495217568
b3896	2.01439854240706	3.12343719501206	2.05000369130781	4.93787124028832
b3897	2.58451133742793	1.74078357457856	3.09434519442688	3.31261802283493
b3898	4.96546419416867	4.50108768805012	4.29524582940684	4.86871337978008
b3899	2.01439854240706	0.524213235526499	1.49091177549659	0.798039796410234
b3900	0.594855945408797	0.567604487684173	0.605370217567407	1.29614517269313
b3901	3.37651565203469	0	0.859049165881368	8.27681274562614
b3902	1.28921506714052	1.5376921575444	1.9680035436555	2.45796257294352
b3903	2.11032228252168	2.21500894122467	1.93286062323308	0.919645860625126
b3904	0.904423835366436	0.690392397264831	1.84081964117436	1.37946879093769
b3905	6.6713414092621	1.21251711347587	9.05234604907248	3.11492952792382
b3906	11.5881301308788	1.79306859360301	13.7053250316409	11.2599749366292
b3907	9.76253438523075	1.9611146357088	3.66029644592931	2.79892218451126
b3908	2357.56641776669	1948.44910368651	204.802301141283	292.487368281426
b3909	7.29605325725485	4.64120498771022	7.9750143600877	7.06557185602231
b3910	48.8469264327686	28.1910228883139	55.3227662827601	60.0835295608416
b3911	120.371308534053	94.7292231989414	89.4123880732856	62.4074090572684
b3912	253.34736002874	210.162260759662	164.141068090294	120.185478352082
b4484	517.471242330916	65.835322912829	178.77996263597	58.9784860317072
b3915	129.563972694355	102.274408618069	95.5941920637755	153.024793785414
b3916	314.497188010194	466.337481423511	685.914630720324	815.218783927974
b3917	58.0146780213234	25.1156385732251	7.92668093972353	39.7955845143237
b3918	15.1239763580721	27.8554154729769	11.0960517259677	19.5424745382839
b3919	1107.22674882493	1002.98373619829	757.892770938033	932.811884371967
b3920	65.1456488614444	62.5840708120569	12.6280227384561	30.9001009170043
b3921	32.5592580731917	31.0676578769174	20.249016052918	28.2462657192003
b3922	167.517382786571	216.507055782251	80.2781445516138	133.256685204581
b3923	256.603383555853	249.579265570667	162.107984204956	145.181855270016
b3924	98.6003591761336	111.405488040566	87.3021652314378	94.2360005375506
b3925	39.9771437733485	32.3736672337611	235.537516105158	25.5017524259401
b3926	38.5899490151778	15.132358210427	1893.12746449703	23.6127759244006
b3927	14.1436493403049	4.49856748217776	853.063238182939	23.2846505137
b3928	941.461094380588	1161.33262581371	1423.40256302807	1766.39296400558
b3929	426.206940984842	173.322585165189	934.295509485421	700.974511543152
b3930	31.2655514866805	35.580902674571	39.6997478601486	29.3750959364725
b3931	228.171467330486	131.240640338164	220.624721588857	355.586043069411
b3932	171.758772892697	148.122323650463	155.939263840499	283.687367175886
b3933	181.698748525117	142.981344211667	113.595829544594	145.145981846475
b3934	84.7461000823181	44.7594310770598	108.398440800031	60.7046938702112
b3935	26.7230715230099	35.9983593771649	33.1021059895215	28.5868089145205
b3936	1715.24617295439	1586.63841495356	3972.61842084027	1857.81416604876
b3937	23.1407753738585	23.7471178024713	27.9931538537204	19.5028346304984
b3938	435.642190435278	299.995036019039	294.426945249718	130.268703747984
b3939	72.6016301537305	78.0170168304502	19.1121791168955	25.2011481962002
b3940	60.5462131562448	74.6662357140547	53.830923070396	40.3634949555504
b3941	177.863930559201	334.590423169383	16.7037337810266	69.5772474351737
b3942	152.030287792009	169.611463704931	500.753583930132	45.4256985626524
b3943	7.04372470457569	9.24142803292411	22.1020265526431	27.4980202696851
b3944	1.29077964853268	2.46329326208568	2.1893243305229	6.09376990171504
b3945	21.1949759679352	13.5592691609553	191.920454274284	44.3454233608502
b3946	5.61479412725226	2.29610141171788	28.5701871910772	5.68016560974343
b3947	1.70040356577287	1.11547212867429	12.7621332916908	3.24191706263534
b3949	1.23102133147098	0.704775572207848	2.25500406043859	0.804690128046986
b3950	0	0	8.42992172126576	0.902456218370451
b3951	5.09122138133169	3.64348729235389	7.06528687343684	5.04244466661297
b3952	4.23504949529949	1.15458114218351	5.84915728987484	2.63652738199695
b3953	3.88743578359257	0	10.2859834335795	7.62338016044513
b3954	17.7891251561863	20.5476821756373	15.2450978733877	23.8006939281503
b3955	31.4357696410237	150.124512889672	57.8966440430946	76.3481083427279
b3956	183.884507667512	1058.98110526272	207.33792990096	786.156767179297
b3957	55.1651434165434	142.937295738404	56.6099977672605	101.592128665932
b3958	20.9016398012148	115.625269995652	59.7744359901334	89.9331295345646
b3959	40.3813020547392	74.7769603253733	64.4286874411026	44.7395283547359
b3960	50.1224580551766	106.916608639741	124.862233564897	79.695948052863
b3961	85.4473630079858	110.553030934564	187.180075605033	193.125630731277
b3962	299.683839683668	184.539522418792	224.631239596581	57.069244198964
b3963	155.768724734558	169.506022728458	202.662492580694	190.249291550172
b3964	161.756202955287	169.850912902091	221.742065943128	173.813067658149
b3965	110.852296900417	81.5772923907068	106.667222041455	84.4595742026428
b3966	40.929958025884	98.1872699622251	78.7601418182454	49.4590029921562
b3967	79.0264043559693	70.6746972409829	89.2540068677092	111.756265335756
b3972	88.1167222457013	83.3402250983975	92.566930527625	94.5921456642988
b3973	44.0415085048004	35.9829515748355	66.9498099931457	52.479790959586
b3974	70.1798659379924	170.480097403463	100.159170886358	80.4182437114464
b3980	925.154603481392	1035.645400335	630.031007873425	203.393069327117
b3981	481.94485127089	658.744917648023	578.549479256276	688.010059480173
b3982	468.978544169626	639.409574082197	540.209763929245	603.782878495035
b3983	2471.20215033137	3198.99110775294	2883.88211589517	1102.706835609
b3984	2414.98097935926	3426.82876522373	3104.42090907699	1028.90761564067
b3985	4281.64050667914	7337.47792115959	3034.74642832519	3511.16357558429
b3986	4289.2819323962	5257.39469471245	3323.35844317097	3482.59334105581
b3987	720.683701903012	920.794795248533	773.45128101298	844.115750106175
b3988	715.363282372308	923.396153825391	1055.49565056211	835.460381238783
b3989	7.38612798882589	10.3367083923818	16.0355844297855	46.1355673413605
b3990	270.121252162776	504.306076113172	202.115178750422	589.084265167095
b3991	274.177669312837	466.961807142227	161.096788130944	578.625430595654
b4407	203.724843632093	441.7996124288	106.35541538785	510.197561782626
b3992	259.217920369747	457.768514519765	105.949397125369	773.652080250888
b3993	262.974028583292	448.396835751861	99.1350841664512	885.462797503778
b3994	306.571059181773	674.978731560074	91.4846584013378	1477.77776932983
b3995	552.426629201997	332.441307645212	195.7173335475	207.093836727564
b3996	96.1914342730814	68.5107416704374	42.6527899803889	71.8606998069866
b3997	124.586294076308	152.469757593135	99.3472211415762	120.227505328485
b3998	112.770346972252	89.8588854565007	64.8313667376095	76.301867498741
b3999	118.328019963119	149.827416061242	93.4052443308574	123.031810440483
b4000	1767.80074282009	3212.84723488686	1136.91853069146	1107.81955210688
b4001	49.2833022702693	57.597176073538	53.2647510827736	38.708369952605
b4002	8.73851762058275	20.8454746709364	9.52818617086728	10.2002973977787
b4003	4.18441585633055	3.08528362082406	18.38844512804	5.80205757561775
b4004	9.4248329993163	3.06146854895717	19.999131033754	12.2342028517551
b4005	112.543978099505	220.086660083883	54.1200974505262	29.4179739834852
b4006	135.124333923879	314.356500509312	43.0578133804501	32.430530443554
b4011	0.692449498952427	1.32145419788972	0	6.03517596035239
b4012	10.7797543620702	5.71439653141499	20.1121983768847	12.3965776482914
b4013	125.230608739577	222.890958384701	16.5851911541935	29.9033234680686
b4014	9119.29536993421	3167.53066160831	885.616950477868	346.830486650364
b4015	13288.510211731	3378.06222541003	2013.64086721096	379.813740438177
b4016	1693.6812449403	491.370989618073	397.254601320788	86.5563060013234
b4017	1.21582353725529	2.32024879739209	2.72208994950063	3.84131912977162
b4018	138.590619717606	143.620447514647	270.92848784324	168.897142512262
b4019	70.372717808846	196.418885857015	235.636906380684	233.307714323981
b4020	14.9894950361467	20.6768715669803	30.1772602205753	18.1055278810572
b4021	55.4923007160484	15.4437777562068	121.966306573287	41.9838327676688
b4022	65.1806758601543	80.5042612377625	57.0337796729485	72.6709847597072
b4023	124.67134715205	151.488024092149	243.837801700173	362.906405000531
b4024	238.719656598853	610.053735303114	72.1601299340349	339.686526052901
b4025	422.701390138698	590.627557712803	270.764487547935	597.460473980486
b4026	26.2617884047143	7.3087837117851	37.8617965703269	28.6112045527817
b4027	0.832239773388833	0	0.423474940927435	0.906693102024773
b4028	0.72059785256838	0.687585924105218	1.46666930760234	0.785063539558035
b4029	15.2160576593838	3.75073695080572	7.61346149160955	4.97319220767236
b4620	3.81219509100691	6.36571484574831	4.8494710977174	88.2563366245081
b4030	6.46960115809567	70.9919919450242	16.4598836528364	650.565537098425
b4031	6.30523120997332	2.92224017744718	7.15001287456138	1850.1984968534
b4032	8.05759416962825	6.83418736686398	97.4890644310825	66.000846866076
b4033	8.60519765688454	6.89722113383992	77.4145083272899	24.5625802192206
b4034	23.6653773344749	37.0672895408057	634.58199907355	239.826035139847
b4035	7.38612798882589	6.36571484574831	377.288851402414	50.8771822894223
b4036	15.664539895765	18.541746597683	547.456466753458	127.670299510273
b4037	13.8580121223574	13.2231508010332	213.601036083238	89.9575413503992
b4038	0.336370155088845	2.2467228867347	1.71157803448849	2.01554263571541
b4039	120.135816685722	51.9665843603859	67.3784345769603	62.8240003583671
b4040	55.1294501434015	47.0819145145037	41.8454361730872	31.1921121799656
b4041	141.945291349614	106.239684028361	169.236938397272	69.0758753481918
b4042	85.0305466030688	105.200646388098	67.4667881497074	64.3752102437589
b4043	120.070060902096	136.233465287862	317.700079450954	381.970151421712
b4044	7.70726398834006	8.82501586068958	21.3735167467658	21.2018355476728
b4045	707.802093557773	55.5765879798189	289.929093484962	238.64810083222
b4046	46.8933242081272	40.8114226697103	150.508410545552	191.44139557955
b4047	1.04274748077542	1.98995455682216	1.06117838138287	0
b4048	0.3755658299403	1.07508138133401	1.9110203902022	2.86415130321808
b4049	46.6222645306236	53.0414910413074	96.4568210823443	70.887153476509
b4050	14.2251353858869	29.2351348471404	14.4765692768897	11.9213352303257
b4051	180.239537873666	90.2456525388099	147.400265414035	109.221964941012
b4052	147.034022421627	159.828765358322	132.815917119053	135.228857959082
b4053	57.3655940465478	76.3506869891836	96.714618592144	90.3935243839447
b4054	176.821677079229	489.376324460706	68.6699728957681	272.46241622013
b4621	0	6.21860799006925	0	1.42004140243586
b4055	53.254603482459	17.7674514001979	66.3236488364291	77.8994140764813
b4056	357.722400149467	143.591684927527	175.857870612621	295.940714717712
b4057	282.286639438489	73.2018997688152	178.126371160695	190.691274041387
b4058	88.821917451173	68.8448146624287	168.418369147316	133.81287060233
b4059	264.415129342996	222.535839894903	255.483141596059	388.40908973888
b4060	16.0294692523456	86.3724956578129	24.9489810942142	162.307710933732
b4061	22.9542427478824	15.3478536707645	16.3690275842801	14.6030722670152
b4062	100.943749180621	118.245679337095	19.2092938481806	50.9637081096424
b4063	24.0168290733435	10.9126540212828	17.4580959517826	54.1997737858744
b4064	37.4230484767178	94.9097770573236	8.61912663100972	21.887571482878
b4065	28.6850352438766	48.1297645311396	47.8880862289504	43.8921888025629
b4066	0.616938764727917	2.15847739052056	1.67424895438596	0.896174620562768
b4067	255.748038944001	14.3005370651629	20.3360366177735	5.61820016672805
b4068	388.29929998399	33.0237696691678	14.6038358199833	1.83929172125025
b4069	663.869255620474	80.4285997563995	42.8209040573331	8.87254046238637
b4070	3.70077394012153	5.47341362967264	10.5453217022598	4.63662787768201
b4071	1.40688152168112	1.78990621513104	4.29524582940684	3.57640056909772
b4072	1.58274171189126	1.13267502676261	6.84554804061715	1.29325199150408
b4073	1.11139229925907	1.32559668753827	9.61381041440904	1.51352375181251
b4074	1.92333170052609	0.917610148263383	3.42532262345102	1.74616302650341
b4075	2.76979799580971	0.660727098944858	2.81875507554824	1.5087939900881
b4076	4.00855187333265	4.24990294798703	6.34574006957593	3.39668194753502
b4077	11.3321415718973	20.6605441715725	50.0425558617879	43.6516836584392
b4078	95.9554366548338	91.9272485488498	130.594148195835	126.371336630683
b4079	15.84510138385	6.85089103710422	61.0992720286434	234.528960783303
b4080	2.17505609486897	2.59426590996754	1.84458409851827	1.77722973065592
b4081	0.518324771145677	0.741869023376683	1.31871582481789	3.67051637354765
b4082	0.772966882551547	0.737555831380306	1.83546842128722	8.70188161725229
b4622	0	0	0	1.04959581919172
b4083	0.267775032827525	0.255507760317045	1.2262861960089	1.60451808009369
b4084	6.29012190016141	6.82040876330176	11.3477623686587	9.96777448935621
b4085	3.82041102870305	5.46808633609538	10.1086388916213	7.0757235397235
b4086	1.3552528419864	1.81043266255227	1.65504885169805	7.08717910940465
b4087	1.38760917206905	1.65505026741569	1.76516951893432	4.91317651566849
b4088	11.9314375204111	7.58989077762298	18.5025974189833	5.26143545261491
b4089	62.6701768748864	57.2363191974859	74.7112456387735	46.1680800738069
b4090	8.86335358659107	5.07438411989651	7.81734740952045	15.4500504585021
b4487	25.7843013428104	9.99499902403858	18.8600339600318	26.3353132815377
b4092	28.376744684343	20.05685422884	12.4782833383954	10.3051225884278
b4093	39.7322746985117	22.1639766156399	19.2841726547852	11.3211576635576
b4094	10.9600608866449	5.91102092819486	4.8494710977174	4.15323937056509
b4095	1.40316943323341	0.446295876859851	1.90396121197981	1.78348207799332
b4096	2.73319273595319	0.372568584427056	1.58943017475848	9.35851074028213
b4097	0.350330181288185	0	0.35652238109701	1.52668482791523
b4098	0.628606637346884	0.599808997623701	0.959576195931315	0.342421331083824
b4099	0.9986877280666	0.476467992478545	0.508169929112922	0.544015861214864
b4100	0.454530953158517	0	0.462564935474583	0.990387849903983
b4101	0	1.12017309489989	1.19470413798071	0.639488843481048
b4102	0.366254280437648	0	0.745455887748294	0.798039796410234
b4583	0.633851269601268	0.302406681757837	0.645054796788155	2.07166945957269
b4105	1.30727929005768	1.24739039328823	2.12861740218392	0
b4106	1.01102892622712	0	1.37186558809952	0
b4107	222.781590149451	29.1434223102164	41.44331786752	47.6289562276459
b4108	105.252323840769	142.717053372089	251.2718810203	54.3165836431715
b4109	2.98228586359054	29.7087091810899	31.6853867980873	34.4403042690365
b4110	2.42002828302828	21.071105844849	14.1611176491707	19.1148235194779
b4111	64.75024775833	282.923080004875	135.210223504142	333.440460244619
b4703	14.7722559776518	109.944989264424	45.1000812087718	90.1252943412624
b4112	20.9408903419459	14.6376464997015	37.1703966006361	34.752002233238
b4113	28.6171057504286	24.2720914554093	55.4144495569663	33.7753345225103
b4114	3.23480057904784	1.38897375544612	2.63358138445383	1.93830468799639
b4115	2.38475881253571	2.65476000293539	5.66279046567538	15.3721073788348
b4116	1.74475464302974	5.66040223348036	33.3811624694846	34.5953393632799
b4117	4.10340443823661	2.12551363046811	31.9757189522509	11.2401160743071
b4118	34.5173506012458	6.69885692395579	163.1342871446	38.5613883143308
b4119	39.2183787017304	7.1101252417429	25.7429667076618	9.18628553257178
b4120	11.7804066657223	4.99587747387842	12.1789248833814	18.130992758527
b4121	11.3957403256171	22.5528183106511	13.3152620711612	21.6116777246905
b4122	0.968672523124707	4.00528194041619	13.4725197053526	46.4345778807441
b4123	2.57770909677145	3.21642543021031	38.5419038517916	81.0090732933207
b4124	52.4415087206638	37.7054931131199	50.3617573497952	62.3634849236414
b4125	34.8668688884281	23.3197799627597	43.9394173541343	44.553799001425
b4126	24.1727825088847	5.4917577055157	17.5714602112098	15.048750446593
b4127	39.9337908846411	23.2343595233357	63.4374768650856	40.3229338889479
b4128	2.68586472320942	1.708546841716	18.2222550338472	9.75381973390286
b4559	0	5.8326254251684	4.66552564228674	6.65950450797506
b4129	52.3743621025836	61.0062649460549	28.3435292972123	123.852306664623
b4130	7.29494122353175	7.4828023715895	9.46544914258174	8.54362358173343
b4131	1.60926810929726	1.88990097575289	1.38575668518573	4.04592801811334
b4132	0.995882425459671	1.52041471757199	0.202696994196727	0.650985272127899
b4133	4.31937309288064	9.56186741241058	8.43978127883449	14.3056022763909
b4135	260.361011606113	99.1090648417287	192.145137649872	123.218175857195
b4136	42.4376116955156	44.5278700744747	44.462624230556	41.9689974910725
b4137	72.1618168111839	89.8121083167524	41.5080393425864	118.780808281626
b4138	112.527830097043	258.006320074615	752.776470682818	259.429130682798
b4139	314.380746213324	39.726389247624	1875.18416984113	447.736978970945
b4140	65.2209037503871	17.5529010436672	179.265731597131	197.376823860581
b4141	33.4226698491978	37.3413310334469	25.6177072259849	76.2823195370556
b4142	1777.19283649505	479.822716099058	729.884987725634	489.71142078288
b4143	1756.04183900457	422.403195408507	896.086859426745	514.298127739757
b4144	416.126939573852	387.029297280242	259.898773067499	360.883064205479
b4145	2.75069594066619	8.16567559523576	5.59863077074409	18.3136373969314
b4146	74.6795681202571	77.6691446922935	98.615337920055	75.4484971370002
b4147	552.904438020681	742.811079279383	481.067532893566	497.119679104582
b4410	40.096123367912	60.4093347606727	40.804835379365	55.1787516375076
b4411	2621.02027489193	755.97967500499	1682.50915203336	729.147789495636
b4148	68.5655654811762	27.1272107038493	136.151188554783	144.844223048457
b4149	79.6705940367737	78.3963838748056	89.18667744656	58.5886744915109
b4150	10.3171311589949	26.1773783962915	23.6238520617376	14.5610594598978
b4151	38.4078655418946	20.4384915940276	317.955572521841	195.539701115418
b4152	42.3023693905483	37.1608938073229	439.384124503641	212.87711569243
b4153	56.4360473268656	43.4947210276844	431.119959963035	233.327292638604
b4154	62.4697392089752	35.904984375166	504.103726943818	281.041029795514
b4155	35.3446615416208	21.0135538707371	43.9933307496608	30.5091103762599
b4156	5.13048411199882	7.42757489272942	7.74173050689496	6.16768481377331
b4157	1.68825782601735	2.41637339042691	6.01334416116957	11.0357503275015
b4158	5.90890239106071	6.44366237447176	6.01334416116957	26.6697299581287
b4159	27.4379989187792	23.2804927281654	32.5632355297991	27.6267260567756
b4160	132.813100182975	158.934528419875	123.711058671739	157.250900564476
b4161	160.600936782676	168.664239502733	153.674350785445	270.15579683492
b4162	146.586232393622	112.454300092945	111.0155845139	90.1960363305413
b4670	0	14.095511444157	5.01112013430798	5.36460085364657
b4166	40.1183372866754	31.1584989818207	59.8169498137395	71.6597735081842
b4167	120.067522423007	52.4484146759329	40.9047248172582	30.8776444483146
b4168	98.4177573576021	61.5076863017759	63.2572567603553	48.2814076828191
b4169	82.8703687356161	51.7678200572402	67.5490005548421	68.6332118181779
b4170	73.8133180182016	56.0159285962602	81.5608611470321	74.6167209643569
b4171	777.570546508195	358.30167576346	499.373138936243	610.142962704648
b4172	1105.76789890966	1318.68299296987	993.077516325189	1472.81731009143
b4173	315.925624327672	297.887342557547	322.565920401848	407.960934237966
b4174	305.996730965644	497.168825080337	479.349434561803	435.91213793631
b4175	248.703055862555	362.275682191616	343.299125619009	367.803440019566
b4176	17.4581207008612	19.221151969305	31.4333899333864	32.1876051218794
b4177	1514.34387606468	1172.49914825784	1901.49441696845	2609.42610298691
b4178	73.6532199449117	38.7130243888818	113.067809227625	144.844223048457
b4179	112.5885455594	111.067088946957	247.551797101711	162.519726106787
b4180	52.671568444906	87.345956162153	140.845335578214	125.056760883368
b4181	0.661444297506796	2.52456921387886	4.03881324257658	2.88247210046681
b4182	0.380401441484595	1.45189817450544	2.3227509635419	2.90102878780888
b4183	1.61151883392565	1.1532691181583	2.05000369130781	4.38921888025629
b4184	0.666417562901584	0.635887734322871	0.678196709906343	2.90414482302672
b4185	1.24835966008325	4.36762326438667	1.69389976370974	3.1734258570867
b4186	2.96968032540423	1.08985913228018	1.62732251784228	2.48873235478449
b4187	185.934188707639	11.7029154056654	28.6244057856412	14.7872946039631
b4188	56.841071914008	30.3359920211204	768.662253645154	61.9261533323115
b4189	145.036695053308	41.5176882536987	2204.98397037068	119.386753542971
b4190	22.6901851816731	34.844104289956	27.0600487252631	56.7789354349953
b4191	28.841071194463	27.1842006423027	26.4873492813422	18.3929172125025
b4192	5.74245443638295	3.09704195111055	10.1633985822584	4.08011895911148
b4193	2.28240864890757	3.26677089263724	2.51631354383705	3.72989415575427
b4194	5.2137374038771	0.829147732009233	9.72746849600961	3.78677707316229
b4195	2.28731705460415	3.81942890744898	8.72904797589132	3.11492952792382
b4196	9.39433790283846	3.89737643617243	12.8857374882205	9.78977851633199
b4197	5.2869126656859	2.37398087480538	12.976163716208	3.04935206417805
b4198	9.28910419555396	3.32383239294531	12.6043895081284	6.7467469251101
b4199	30.8290559533602	12.869814796839	12.7456751242181	13.6447456494924
b4200	2296.41433834405	5119.8741795572	3464.5062383102	1512.08590424829
b4201	1501.70533624243	2985.83205277085	2126.14668555639	922.404798207002
b4202	1373.81980592162	4040.5896358211	1830.11382168227	848.736324529558
b4203	1481.95271967803	2631.91389685299	1804.60458276699	810.483896968924
b4204	1.67233086539454	7.65944772814567	2.3826457997087	3.64387982511843
b4205	0.661444297506796	1.26228460693943	2.01940662128829	7.92679827628374
b4206	119.010287594603	145.322737705956	191.410673299201	147.337629079026
b4207	191.397055710445	336.249446914237	131.1606226458	166.53586997842
b4208	136.996208302299	180.817579926956	108.776416673386	83.8517865913929
b4209	6.41690757400259	3.06146854895717	3.26516425040882	18.3513042776326
b4210	18.7176411145402	17.8601511466337	11.2049891201918	6.59745943491939
b4211	14.5148996017345	27.6998900853816	17.9143179714285	24.5612735947442
b4212	22.3328594307806	12.6526638160149	23.4378374785743	18.248091092719
b4213	41.7179451220722	38.3711144868718	46.3528612423488	47.983374302061
b4214	146.76565250671	40.0609272623409	94.947539386888	90.30773420835
b4215	1.1326969439733	3.51261946531707	3.45815319172691	6.17014794668615
b4216	61.8039250092026	3.20006205759239	47.7817076590231	26.0980582069293
b4217	2784.89138778688	177.72601386111	469.302294317365	229.511619129923
b4218	37.9858010853903	26.2403047866672	81.1398782461386	79.5349974775012
b4219	131.91000408213	186.61663038743	110.103484641133	154.591173895224
b4220	50.7572670789212	70.9652911807903	44.3198029871668	69.8326242609633
b4221	38.6188977701468	49.2000470884146	49.3953270381787	63.2256529179775
b4222	322.657170038184	245.558646737682	162.2020464526	135.526758407913
b4223	8.86335358659107	0.939700762943798	6.01334416116957	5.36460085364657
b4224	14.7722559776518	19.129622674213	26.8452864337927	27.5893758187538
b4225	13.6359285947555	10.119854370164	30.0667208058479	28.8863122888662
b4226	1841.77483002723	2188.38787844878	966.721514723617	1421.16459902535
b4227	130.866443237755	9.27917681276791	99.2484545722816	15.1352375181251
b4485	32.375123879165	8.10280897388664	29.3465598284623	8.67330676936871
b4230	14.7722559776518	1.48373804675337	24.2643711766492	6.49399050704585
b4231	17.6199197805726	3.82107237944014	36.4060896504543	13.0883334079931
b4232	260.843438884662	414.230255232793	127.580409905895	106.132103374846
b4233	125.209383635904	125.936316221595	208.957144814441	195.866496669603
b4234	289.022399562752	134.673419124065	245.109137004195	229.336686493391
b4235	127.938873278731	89.0736310772669	115.000207073365	139.812679454017
b4237	27.4478046552498	14.7320829287318	84.9627336320088	57.3147033137982
b4238	64.1443260965076	18.38544970977	138.020164372427	83.0196435051
b4239	6.10158399076922	3.06424161829499	15.6869847682685	6.29757491515032
b4240	10.2844820097576	3.92533230090447	25.4996239745798	9.57479392866034
b4241	17.9510958715769	35.0603544148968	29.9715729551965	23.8351253117715
b4702	123.102133147098	150.352122071008	190.422565103703	150.208823902104
b4242	14.1971403389223	12.8882206975495	23.1771273842632	19.334045345734
b4243	509.814601647331	1133.5413621836	1245.3216222143	384.754163549908
b4244	36.2591737633271	1474.53694393097	43.9286505280245	55.8057829061156
b4245	33.8057396411647	1361.30112447224	32.957751652564	40.5440026054443
b4246	64.9979263016679	127.799303760357	24.0533766446783	64.3752102437589
b4248	44.9882341137577	42.2865343324709	21.1833714768474	17.5568755210251
b4249	5.58614721843975	7.4623295880831	6.06387646504495	11.3603312194869
b4251	21.9345619062102	25.2010659153109	19.5889241613857	17.5568755210251
b4252	75.133063515474	56.0086547449946	147.545961040618	149.000900531084
b4253	4.24854965307671	18.172725498252	5.36728239178772	4.14980694133322
b4254	10.8476864791115	57.0552642336622	42.2729119389682	34.0131707855084
b4255	402.99564508817	452.070431784545	1338.72615156397	1492.20811083015
b4256	43.2616067916945	61.9195681296895	32.2143437205513	64.3752102437589
b4257	0.666417562901584	2.33158835918386	0.904262279875124	1.45207241151336
b4258	211.156364857023	394.17090931339	247.860950508712	191.097000156368
b4259	84.4414091695501	218.861387153194	74.354187938786	65.8975969724964
b4260	194.149649991995	337.453256121425	165.545933008389	90.8150287367313
b4261	59.8940514843211	48.8541977029092	64.8851304583965	71.5669912246693
b4262	81.7589125854523	73.7964449569437	94.947539386888	106.192348199885
b4263	58.3813709296418	30.2167251317856	43.3896988874811	17.7320938395983
b4264	22.890342596001	50.5406626556259	17.3357669511195	44.9466558008226
b4265	9.46767314931319	14.8002870163648	10.0450180874083	27.213157057589
b4266	13.2081347564887	3.31659092803693	11.6729621952115	15.1471082926491
b4267	15.7169932785481	5.40874276345558	5.24419548939207	9.26329333449437
b4268	6.60036969214229	4.04871073395998	5.75745717558789	5.13631996625736
b4269	90.1976570870738	45.5202104873069	33.1618244182146	18.176529951179
b4271	39.5167149830383	32.1675903486303	51.3482032905916	62.5104371510555
b4272	2.17951317703059	2.07966562290841	7.39345593586423	11.0809788124503
b4273	0.29348852935732	1.68025964234984	1.19470413798071	15.3477322435452
b4575	27.4993122119423	13.542976800391	76.2827061646282	56.7779690014804
b4277	0.805759416962825	0.768846078772198	2.46000442956937	3.51137510420503
b4278	20.2076458746207	19.4728058777067	13.8456231250406	25.0670965396126
b4279	5.23942083936418	14.3732555120221	6.6650366318382	4.04327059412771
b4280	16.8712628591948	22.4470075008827	41.3518170868632	7.7664462760567
b4655	0	0	0	9.19645860625127
b4281	14.964103457881	17.5736246576502	3.51429204224196	21.3190631326734
b4282	2.13574785219062	2.03790526903474	4.34699577915873	16.2877037966137
b4623	59.4366064041989	50.7438411989651	40.3247784925489	74.9781860486133
b4284	42.0086029364473	73.7811927155091	52.8516576665295	52.3048583230541
b4286	4.83455650177695	0	5.74001033566187	9.65628153656383
b4287	22.8508334654301	13.2145419788972	8.45626522664471	12.4475504182268
b4288	11.3917710674055	5.30238675015309	3.95862781769784	4.54057125543754
b4289	8.51733677990734	5.84138312100199	3.2504563033349	5.50959006590729
b4290	28.8574302819244	18.8252345533259	14.0844107429387	20.8524352118488
b4291	34.767219229983	14.4047033080933	7.79794952512958	12.3351209305783
b4292	144.377898045729	40.4248630096577	11.3459323795652	39.1717081200231
b4293	317.858197588094	98.6685801090988	23.8460199494656	86.0185998946778
b4294	66.475151899433	22.9818121372124	65.6892487171242	66.1245366090784
b4295	66.2730997660001	80.2030316822549	124.744905471071	105.661439305866
b4296	2.36356095642429	2.63116213624263	2.80622727521247	18.4542269365442
b4297	14.5921065145097	9.28240997542044	17.7375319388157	26.3486950464165
b4298	12.9134952917221	5.88090874822443	10.154985172836	16.3069655087667
b4299	10.4472989043469	1.92942361973251	3.77263036727369	5.50738490678545
b4300	6.45224973736515	11.6652508503368	15.5517521409558	16.2787887972724
b4301	12.6019245306982	10.0205057659884	16.6720679349962	8.23758614493597
b4302	21.5428733007422	12.9208854904772	27.5611607386939	11.399776813999
b4303	13.1797079354514	3.45837827254409	13.4126635565121	94.4089979225386
b4304	10.9274222300438	2.7032487701123	12.9739959641672	9.03898499997984
b4565	13.3426828185242	1.8187756702138	13.5785190736087	6.22985905584763
b4305	17.0631405945069	2.4874431960277	19.2941523887794	23.2370411307686
b4306	6.05128558120676	5.77406492893177	64.8426870391177	12.0218766117863
b4307	3.40898214868887	2.78812314280028	60.9594504250432	6.89734395468845
b4566	16.4899601610997	7.86726220138994	81.8094496345163	121.26493092429
b4657	3.24269033655771	4.12551554463131	2.2000039614035	38.8606452081227
b4308	2.09164686409229	3.49269310120704	2.39469457745691	5.69692126050964
b4309	5.14996079954833	4.39676503762694	1.37920737641504	8.85897388675581
b4310	13.9315584829887	19.7107964910162	10.022240268616	6.01882046994493
b4311	1.85425807250859	10.2620041476289	2.26443922387139	2.02014258087109
b4312	19.4023660601994	236.46798303332	50.7095440456837	51.4040857916582
b4313	11.1348663148129	11.0497476647663	4.98593862609538	15.0424486247979
b4314	509.521747163596	2837.12605756327	2632.56321023006	3947.99445117872
b4315	51.2104873891929	221.769380054736	154.843612150117	393.225242572294
b4316	22.7077653871342	97.1541863175778	46.2182650403943	115.715770479484
b4317	6.9575813137063	28.1910228883139	20.8312092955192	44.1618336484489
b4318	6.00905327904479	19.1125578903823	18.8554011833283	33.2787103802482
b4319	8.44128913008674	30.2046673803364	15.5702661315998	46.557071694147
b4320	13.8397879923515	38.4933900568008	36.2598659552252	50.366651204004
b4321	9.29860755736117	1.51023336901682	5.63751015109648	6.03517596035239
b4322	27.15103250576	13.9170872486613	15.7564840678747	9.28958730099811
b4323	21.1118894465003	10.5933412496128	17.4102982900392	8.72436114186465
b4324	61.4938097674342	41.9587317407463	88.4520972544129	65.8723081564044
b4325	1.2799066551034	1.22127174967425	1.30252942119197	2.0916133292196
b4720	26.0686870193855	17.4121023721939	2.65294595345717	22.7206624389737
b4721	20.3118519692712	8.80969465259811	0	24.1407038414096
b4722	37.9858010853903	12.0818669521345	12.8857374882205	20.6920318640653
b4326	56.8337176544771	9.03834321610065	24.0992800352216	28.7477083912969
b4327	27.1148645905582	32.5495034006519	31.1546613613226	26.3641897215394
b4328	23.8018446698737	70.5136071221766	26.9908414395207	35.8097397135999
b4329	7.48205172894051	23.0653823631659	14.0571681689678	8.77843776051257
b4330	1.55497431343703	4.08027962857175	3.95614747445367	1.27056336007419
b4331	22.0386089180102	7.77157928272438	21.4530116020104	37.5812038179781
b4332	9.69781690135919	12.0511242881342	5.7379238179099	14.9881214689668
b4333	5.86772537091395	12.0818669521345	14.457168889223	16.149878528051
b4715	6.18373506041238	2.95022332552123	29.3674947405956	28.0705858621042
b4334	8.30939398742913	2.64290839577943	51.4422801287553	9.42996243805062
b4335	22.3892004661285	5.50605915787382	103.589249026398	18.3569935460719
b4336	27.8147395925809	18.4198955171887	24.7152669856033	17.6391091300229
b4337	3.66610732292088	7.407860029046	32.4808370749305	12.6870852305218
b4584	16.1676808094169	21.2121377433242	14.690580198297	30.8246120711158
b4340	19.5708869003285	18.1356261892975	5.74523327500278	11.0708960291815
b4341	0	3.07538431508879	3.2800059060925	7.02275020841006
b4342	30.303560681428	80.5616978191738	48.8435662102904	89.8835692435092
b4486	11.8243195587378	13.5205016057514	16.1107236071026	31.1939414576979
b4345	3.80946429223112	30.2912137052084	10.0796743102699	4.98031712487533
b4346	7.70726398834006	63.6136559958041	24.1187390812127	17.2133714347442
b4347	10.1073330373407	14.095511444157	6.32983595912587	14.3997180808408
b4348	21.9201217732897	55.6545355085424	40.1536206891001	13.913351891393
b4349	51.8422568272308	65.743592999917	91.5616743030914	23.8674128545257
b4350	52.6805644429324	73.5229580708034	262.512513679751	68.8556369174278
b4351	30.2225827214909	31.0563399687655	34.0098973049755	37.9919273569724
b4352	67.5170821799884	64.4239990143601	45.8069790333607	84.7573301015007
b4353	70.3854549523409	44.7739775284986	26.5294595345717	69.582028719357
b4354	3.83213334985109	23.3549059911555	8.55454817906969	100.199072011206
b4355	8.99180798639674	93.4593693579973	10.9482081195207	11.0207561015131
b4356	9.37094652326809	3.35311725984351	18.8744833252569	26.3739848135223
b4357	22.9575387980556	7.76408499219138	146.981904004981	22.1619576249006
b4358	2.85914631825518	0	2.38064944797036	2.54857870466494
b4359	55.9180160829437	51.5851439762603	67.5320587733442	13.0182853176188
b4360	102.062859481958	84.060504612427	104.96018899496	67.8865853479639
b4361	68.8170949202803	66.0082487141009	87.266823802339	69.0855914811071
b4362	84.6942676052036	70.007706839313	81.6812581892201	82.0783930607925
b4363	6.73166095184132	13.3818146621743	18.2683873250721	18.9458688375619
b4364	11.7258374297314	13.4922016158078	25.270084412697	21.792386347109
b4365	1.09876284131294	0.698950980701999	1.11818383162244	2.3941193892307
b4366	2.35310272210382	4.86482253382409	3.19292610327588	149.11691399384
b4367	1379.71747465794	671.439419666914	63.7917498466278	992.430760202739
b4567	507.118458372046	3.21163551892184	5.70887103908504	25.6685964896001
b4371	64.6715625068128	70.0678039811291	90.4623721920132	46.3164666724719
b4372	85.422175870769	87.0244619595778	66.0160608997964	56.6781742363529
b4373	102.315222610313	79.4646282757843	56.9048004513362	55.7342424258047
b4374	79.2211249774954	74.8434235972936	96.5860146240954	31.1906439012902
b4375	133.786469231563	221.485696805546	149.936496395955	50.1033475953784
b4376	525.658296868124	525.860268530529	102.703155227896	31.0721930632004
b4568	256.052436945964	449.490198274783	120.266883223392	69.7398110974054
b4377	119.580999506243	13.9380196961776	16.6290802222287	42.3473799229196
b4378	66.8160501143019	8.13202583316748	22.20311690278	28.2260537222635
b4379	5.53959599161942	1.46828244209968	42.5945211416178	16.0938025609397
b4380	3.0858871287938	5.5618652506925	64.0299025285078	23.1601336660332
b4381	80.7928769239263	76.4410428317743	75.2824432484883	80.2214158422226
b4382	99.2856388157821	71.5323233832728	62.7924033156143	68.9734395468845
b4383	368.002965090325	225.320896173509	266.8421471519	197.859102072729
b4384	350.102466670347	423.217731110813	322.089746632645	146.855948368575
b4385	14.7722559776518	26.2862240445089	14.6270533650071	22.400833294281
b4386	18.8248217768306	25.9457201803951	30.3327979811209	22.2179929159876
b4387	30.9186753020619	21.2416079437528	14.6837473702978	30.989926791763
b4388	74.3643598131944	115.99340377266	39.0960456298951	24.8133550320371
b4389	61.7166269261548	89.3429163553724	48.7198274229249	23.6694102740068
b4390	92.9466033046412	91.1578331352049	84.2746043025225	45.5795284207636
b4391	268.451212946391	273.797704310963	185.429470581389	141.370740481348
b4392	100.021435984905	58.2585380122277	54.3155776786757	43.9465444543307
b4393	174.014464911054	87.6766675150314	105.923126508675	116.938455305177
b4394	45.6125798608195	62.3169979636413	44.3088517138811	69.4574636840556
b4395	126.384856697687	77.9168549274232	152.003977407342	142.608972692771
b4396	292.185035475209	243.220480229522	647.885994192218	458.173910148684
b4397	65.6336942804529	59.950529686541	53.6633877673994	54.3929782755811
b4398	26.5900607597732	39.3448623789077	33.7270172517772	33.5870662141351
b4399	14.9277534089955	15.3121766424947	15.9511866169972	17.279661697009
b4400	8.45064754375645	3.56294524309068	5.40000972344496	8.77843776051257
b4401	1332.09899929017	692.154486646971	1163.16694799527	262.214506997068
b4402	18.8581991204065	17.994269928711	36.46389544539	238.325246434341
b4403	19.3523004074041	22.1588826196354	29.1476507375468	38.7937948193831
