	Acetate1	Acetate2	Acetate3	Acetate4	Acetate5	Acetate6	Glucose1	Glucose2	Glucose3	Glucose4	Glucose5	Glucose6	Glucose7	Glucose8	Glycerol1	Glycerol2	Xylose1	Xylose2	Xylose3	Xylose4	Xylose5	Xylose6	Xylose7	Xylose8
b4129	0.000176768773318	0.000254405655215	0.000178755333982	0.000183171977296	0.000196826017065	0.000171992898562	0.000242859967508	0.000200632889522	0.000482730657738	0.000285447330666	0.000142395187601	0.00022295444876	0.000196186531557	0.000232385536861	0.000295358706738	0.000248207105012	0.000326310959675	0.000309126977513	0.000256332603066	0.000189950439862	0.000346975540874	0.00024099803648	0.000144214436546	0.000119837791614
b4174	0.000729362826473	0.00071834005861	0.000665596262968	0.000765930281115	0.000644563989713	0.000649237020937	0.000723074468565	0.000676409221541	0.000810039711511	0.000598376126299	0.000659154980229	0.000715952144358	0.000645895407712	0.00061742310717	0.000908636461979	0.000807825815924	0.00084957150386	0.000662591981935	0.001037641926196	0.000883534449426	0.001391392023426	0.000907331648697	0.000761121797464	0.000698781561225
b3992	0.000126945701739	0.000121343075388	0.000102034806164	9.20E-05	0.000231626302742	0.000139429927868	0.000210976715574	0.000222043811735	0.000217205508119	0.000144175832854	0.000195476396805	0.00023877802305	0.000166817705494	0.00016243233887	0.000254901329686	0.000199710839348	0.000236035807872	0.000233741145392	0.000274580309159	0.000273230773886	0.000249036216803	0.000249809808936	0.000244211587753	0.000191860721061
b1277	6.70E-05	5.55E-05	0.000100241997308	0.000104379896018	7.13E-05	8.05E-05	0.000151919766606	0.0001567723483	0.000122315544826	0.000108493534269	0.000108046691711	0.000125764745828	0.000114100287067	9.12E-05	0.000112245064865	6.30E-05	0.000120428138707	8.07E-05	0.000117793606997	8.94E-05	0.000108334578	9.17E-05	9.90E-05	9.58E-05
b3172	0.001700535560269	0.001832839484806	0.002795405374247	0.003184688549408	0.001724145349617	0.001617938192069	0.00580665454384	0.006058731337429	0.004626537316231	0.00393608738615	0.005879819294641	0.006580240315333	0.003447234001519	0.006440780819222	0.005272559379738	0.004007178617471	0.004235747191004	0.003487408251949	0.002192547872953	0.005438121277283	0.002818667455001	0.003298263238059	0.004142002769945	0.004560754458658
b1887	5.39E-05	6.04E-05	2.73E-05	2.73E-05	4.02E-05	3.29E-05	8.72E-05	8.41E-05	0.000194319714086	0.000167034109544	2.75E-05	2.82E-05	0.000159398414465	0.000154453787389	2.59E-05	2.59E-05	0.000153068827574	0.000128250240326	0.0003104522181	0.000230209379398	2.77E-05	2.65E-05	2.76E-05	2.87E-05
b2922	5.61E-05	0.00011399019661	0.000209522481665	0.000210154623994	0.000129390665402	0.000139138395691	0.000175781277604	0.000168657892679	0.000177933870213	9.36E-05	0.000169226673061	0.000198411803393	0.000122614911809	0.000117935570167	0.000124995511819	0.000114323693811	9.44E-05	5.36E-05	9.04E-05	5.83E-05	0.000180337387941	0.000120228679297	0.000128814603123	0.000137508430411
b2750	9.85E-05	2.74E-05	6.82E-05	7.33E-05	6.77E-05	5.00E-05	9.19E-05	0.000100702141573	8.95E-05	5.87E-05	7.34E-05	9.22E-05	6.40E-05	6.84E-05	5.63E-05	5.92E-05	3.61E-05	7.60E-05	0.000138175322692	7.43E-05	0.000110480233719	9.08E-05	8.64E-05	0.000119023673102
b3235	4.73E-05	4.46E-05	5.16E-05	5.15E-05	9.23E-05	5.81E-05	0.000161300293927	7.06E-05	4.87E-05	4.82E-05	7.90E-05	5.90E-05	0.000170955282557	7.02E-05	4.88E-05	5.75E-05	5.28E-05	8.33E-05	4.94E-05	4.95E-05	9.74E-05	9.32E-05	8.37E-05	8.70E-05
b1431	0.000155282190072	8.48E-05	0.000195252642688	0.000222276168108	0.000146721685642	0.00018625434334	0.000146835728572	0.000144327361192	5.78E-05	5.71E-05	4.06E-05	5.32E-05	3.60E-05	3.13E-05	0.000133561448607	0.000133125629575	0.000115212337343	9.08E-05	0.000103958421109	0.000121302475946	8.47E-05	7.23E-05	9.76E-05	9.09E-05
b1922	5.44E-05	5.13E-05	0.000705662804954	0.000701839011067	3.31E-05	3.39E-05	0.000106055834092	8.60E-05	3.87E-05	3.83E-05	5.40E-05	5.53E-05	4.08E-05	3.49E-05	3.42E-05	3.43E-05	5.45E-05	5.22E-05	0.000115300776827	7.40E-05	3.66E-05	3.51E-05	3.66E-05	3.80E-05
b1714	0.000604246499279	0.000546378724416	0.00074983130034	0.000725466044195	0.00057326459048	0.000534196747465	0.001008857677389	0.000951465914175	0.000742980080211	0.00087690160251	0.001191031703414	0.001190407180107	0.000844972768071	0.000661620146648	0.000894393387631	0.000848384798793	0.000973312291347	0.001040103140448	0.000789463260748	0.000671736813319	0.000649673042495	0.000702889698724	0.000707799513116	0.00073784507053
b0902	0.000130367454633	8.78E-05	0.000183152417086	0.000240402014866	9.15E-05	0.000109204589901	0.000182881977175	0.000181176724807	0.000140466368786	0.000190593503236	0.000122521159225	0.000180564949945	0.000131376206993	0.000136128229671	0.000165294443318	0.000130915368546	0.000109004006202	0.000160741507905	0.000140609952298	0.000167509014584	0.000193265301019	0.000194117830264	0.000151522083467	0.000113820886585
b0965	0.000109003875437	2.87E-05	0.00014107944987	0.000126322695043	6.01E-05	7.98E-05	8.62E-05	8.90E-05	8.83E-05	6.75E-05	8.90E-05	0.00011003681041	6.09E-05	4.97E-05	6.95E-05	6.78E-05	7.28E-05	6.08E-05	5.56E-05	4.93E-05	0.000121330886743	7.90E-05	6.85E-05	5.75E-05
b2155	0.00041895054868	0.000429043596701	0.000286387304344	0.000294505023369	0.001755968805966	0.001162869777581	0.000457845661346	0.00042138503746	0.000706262217173	0.000655466668056	0.000420577271932	0.000488918186673	0.000590885106131	0.000588494441875	0.000479856253412	0.000465680165245	0.00041305260241	0.00029053114432	0.000460711282148	0.000387393620301	0.000345915787455	0.000324479669676	0.000339298120869	0.000282097026901
b0410	1.63E-05	1.53E-05	4.01E-05	2.43E-05	2.34E-05	3.61E-05	2.30E-05	2.28E-05	4.35E-05	3.59E-05	2.16E-05	2.64E-05	2.06E-05	1.81E-05	2.55E-05	1.93E-05	1.89E-05	1.90E-05	1.74E-05	2.28E-05	1.79E-05	1.72E-05	2.96E-05	3.69E-05
b3467	1.74E-05	1.56E-05	1.90E-05	2.13E-05	2.22E-05	2.28E-05	1.99E-05	1.98E-05	2.72E-05	2.69E-05	2.59E-05	2.65E-05	1.71E-05	1.64E-05	1.93E-05	1.93E-05	1.67E-05	1.68E-05	2.43E-05	2.43E-05	2.71E-05	2.01E-05	1.82E-05	1.90E-05
b0437	0.000235446824959	0.000323377085722	0.000350088433302	0.00036135830143	0.000350138665503	0.000371404173954	0.00041038720164	0.000416312506334	0.00054025365334	0.000429336258665	0.000189064705759	0.000390428463872	0.000351084912204	0.000494365237365	0.00065566988586	0.000529528807274	0.000594464840329	0.000630685669014	0.000415742310106	0.000603932867423	0.000420901075657	0.000221246517217	0.000399107013126	0.000286904479302
b3202	8.28E-05	9.16E-05	0.000102129387927	0.000129973642783	0.000100701493959	0.000110946623093	0.000141404448205	0.000148990716019	0.000145918534003	0.0001059045359	0.000116642027669	0.000127851808034	9.07E-05	0.000108199774	7.37E-05	6.96E-05	0.000113241257232	0.000106423331555	0.000149204578171	0.000167792613841	0.000189077417741	0.000155031682757	0.000111365557576	0.000109268963441
b0196	3.87E-05	4.25E-05	5.88E-05	6.53E-05	5.21E-05	4.70E-05	5.75E-05	7.35E-05	5.40E-05	5.94E-05	6.81E-05	9.44E-05	6.30E-05	4.07E-05	5.02E-05	7.02E-05	3.83E-05	4.02E-05	5.14E-05	3.26E-05	8.70E-05	5.27E-05	7.89E-05	7.19E-05
b1764	0.000366320511758	0.000332319294852	0.0004769025772	0.000543013972737	0.000376548113687	0.000480907975047	0.000318735959297	0.000353294627114	0.000364230261959	0.000360213862812	0.000251416050839	0.000312583242703	0.000326973378149	0.000316804756794	0.000197393288134	0.000187119943168	0.00028514134155	0.00020083472209	0.00013301936076	0.000250351706358	0.000250966004176	0.00030415160685	0.000277900839244	0.000217858898938
b3068	4.03E-05	4.01E-05	9.56E-05	0.000126039708697	3.33E-05	4.36E-05	4.80E-05	3.91E-05	6.74E-05	6.66E-05	4.64E-05	5.13E-05	3.75E-05	2.65E-05	3.99E-05	2.94E-05	8.51E-05	4.32E-05	3.69E-05	3.70E-05	9.22E-05	6.18E-05	4.72E-05	2.74E-05
b3281	7.68E-05	7.83E-05	6.82E-05	5.35E-05	7.84E-05	8.68E-05	9.50E-05	0.000103400181434	6.57E-05	7.45E-05	8.99E-05	0.000126007692597	7.57E-05	7.22E-05	7.03E-05	4.05E-05	6.61E-05	0.000103040401093	9.10E-05	7.91E-05	0.000179581195006	0.000177797382632	0.000113460941709	0.000134032141823
b2533	0.000305168385264	0.000264537714769	0.00021366504755	0.000231516050101	0.000222870984352	0.000168797941679	0.00041769749731	0.000408861728141	0.000485774830179	0.000400558063509	0.00035849298482	0.000387757179899	0.000401291009084	0.000335166020545	0.000374727814541	0.000328803853556	0.000389793918853	0.000387832041391	0.000402447842273	0.000378457755233	0.000433510567748	0.000475549256482	0.000410674220177	0.000362020518585
b1200	0.000217466909605	0.000149443641114	0.000346016711464	0.000461307827816	0.000291555843294	0.000346357855631	0.000111111316014	0.000199976471529	0.000136600773055	8.36E-05	9.41E-05	0.000190540963536	0.000222197521843	0.000277472289272	0.000486301575785	0.000431981561839	0.000257550681067	0.000322191661228	0.000132223002397	0.000119188996782	0.000135170391816	0.000142611432056	0.000268989361787	0.00016394725537
b3053	0.000252290626709	0.00013952390129	0.000186329326237	0.000186072990486	0.00022049970882	0.000213412542168	0.000182632529434	0.001694583136137	0.0002138579581	0.00038677574491	0.002915286059427	0.002986708631476	0.001692462922997	0.000476645034892	0.000611737631288	0.000230901630413	0.000171993798753	0.00017305866921	0.000136626535506	0.000269796990985	0.000311344772936	0.000445782710379	0.000169305275914	0.000176065074381
b2293	2.82E-05	2.66E-05	4.35E-05	5.27E-05	2.81E-05	2.89E-05	3.34E-05	4.19E-05	4.04E-05	4.02E-05	4.22E-05	6.38E-05	3.06E-05	2.95E-05	4.65E-05	3.57E-05	4.24E-05	3.67E-05	5.14E-05	3.92E-05	8.46E-05	4.01E-05	3.91E-05	3.74E-05
b0386	0.000159567002173	0.000158637994265	0.000245099123542	0.000257729457255	0.000140581740028	0.000156767358875	0.000212050021594	0.000224305193818	0.000156428859373	0.000123763123662	0.000228837967617	0.000225736412979	9.61E-05	0.000102177908957	0.000104436770227	0.000122341928387	0.000141738398858	0.000126334211983	0.000155871886583	0.000150038074942	0.000227359145165	0.000163837377043	0.000130213514779	0.0001569011437
b0760	0.000127483094791	0.000183889736586	0.000174872544983	0.000201015217818	0.000210910725209	0.000162794422964	8.68E-05	9.12E-05	8.14E-05	0.000105799991306	0.000125423021881	0.00016224217501	0.000111845693904	0.000121882833872	7.56E-05	7.56E-05	0.000120192883746	9.58E-05	9.59E-05	0.000119426763603	0.000145152061511	0.000116992634273	0.000143633592205	0.000118305064483
b2210	8.47E-05	7.99E-05	9.03E-05	9.02E-05	0.000179617488034	0.000184351407747	0.000330783396804	0.00035449067827	0.000451592531507	0.000246675663885	0.000294526073772	0.00030389194581	0.000628786109241	0.000462597842729	8.55E-05	8.55E-05	0.00040976876427	0.000408434362373	9.52E-05	9.53E-05	0.000250304087294	0.000256396356307	0.000357268681707	0.000313139014165
b0393	8.49E-05	4.65E-05	0.00012742845245	0.000154269969488	0.000102806532362	8.93E-05	0.000197279230869	0.00018450012859	8.45E-05	0.000148013287675	0.000153591748543	0.000214795157215	0.000135350697061	0.000130541992926	0.000179559388783	0.000175606922353	0.000104957292952	0.000125271891986	0.000219823527843	0.000156023775574	0.000177378957312	0.000133312422691	0.000106562911132	0.000115761151673
b3887	1.94E-05	1.83E-05	2.96E-05	4.48E-05	2.50E-05	2.57E-05	3.83E-05	2.96E-05	2.33E-05	2.30E-05	2.98E-05	4.27E-05	3.81E-05	3.67E-05	2.00E-05	2.00E-05	3.84E-05	3.86E-05	2.03E-05	2.03E-05	4.69E-05	4.51E-05	4.16E-05	4.33E-05
b2279	1.76E-05	1.42E-05	2.24E-05	2.06E-05	2.37E-05	4.03E-05	1.45E-05	1.44E-05	2.93E-05	7.09E-05	1.78E-05	1.82E-05	2.78E-05	2.67E-05	1.37E-05	1.37E-05	1.34E-05	1.35E-05	3.12E-05	3.51E-05	2.46E-05	2.01E-05	9.93E-05	0.000103304473116
b4049	4.84E-05	4.57E-05	6.52E-05	7.80E-05	6.08E-05	5.24E-05	0.000118948313322	0.000127299379679	7.76E-05	6.72E-05	8.94E-05	0.000112609540056	7.43E-05	6.09E-05	9.70E-05	7.77E-05	7.33E-05	7.38E-05	9.70E-05	9.32E-05	0.000102834814731	6.49E-05	6.41E-05	7.18E-05
b0102	8.56E-05	4.32E-05	9.04E-05	8.83E-05	4.68E-05	8.57E-05	0.000157664771929	0.00014448652475	0.000102980635062	0.000108553415688	9.23E-05	0.000113794381546	5.77E-05	6.92E-05	0.000141726022008	0.000144301726282	5.81E-05	0.000104565506217	0.000164191914128	0.000197757935577	0.000125832755037	0.000128656599616	4.68E-05	0.000132005310671
b0405	4.80E-05	4.52E-05	9.46E-05	7.63E-05	5.32E-05	5.46E-05	0.000102363280634	0.000108362214118	0.000150830912065	6.93E-05	7.74E-05	0.000109328699594	8.00E-05	7.90E-05	0.000100269067208	5.00E-05	0.000105794590228	0.000106449599504	5.01E-05	6.15E-05	0.000108170972393	0.000127764382222	9.47E-05	9.99E-05
b3388	0.000228511211571	0.000221967384325	0.000408388528342	0.000426436786991	0.000255383738271	0.000243142421443	0.000460174178711	0.00046621048771	0.000493513541239	0.000460210152596	0.000476667087996	0.000533938640964	0.000494005474862	0.00038554701346	0.000258449230984	0.000210742387104	0.00023001470331	0.000252208949115	0.000292904013138	0.000307350766113	0.000571209684707	0.000537435494691	0.000468024050893	0.000445871756093
b1430	8.91E-05	5.01E-05	0.000118245716678	0.000107183071126	0.000108978913277	0.000110389007643	0.000110742405649	0.00011558123185	3.54E-05	3.72E-05	8.01E-05	0.000105637267668	7.28E-05	6.38E-05	5.98E-05	3.49E-05	6.12E-05	5.02E-05	4.93E-05	7.40E-05	6.00E-05	9.24E-05	6.88E-05	8.60E-05
b1749	6.68E-05	0.000105660046515	0.000154670906917	0.000190486462489	9.53E-05	0.000144026629429	0.000134350384516	0.000170924003867	6.65E-05	0.000105139905362	7.23E-05	0.000247649197655	0.000160134040447	0.000144274577476	9.29E-05	5.95E-05	0.000129911779782	9.82E-05	9.72E-05	0.000117140339989	0.000128701100439	0.000131487597117	0.000111158377874	8.86E-05
b3616	0.000229637921907	0.00023478621674	7.09E-05	0.000103373859287	0.000262526680767	0.000295222289796	0.000107414251266	0.000116409786948	4.79E-05	4.74E-05	6.32E-05	9.13E-05	7.80E-05	8.91E-05	6.26E-05	5.33E-05	9.91E-05	7.10E-05	7.86E-05	0.000101317930242	6.30E-05	6.03E-05	8.68E-05	7.63E-05
b0927	8.25E-05	4.75E-05	0.000120157963846	0.000166565154891	0.000101004160211	0.000112154975567	0.000172881822588	0.000159319743861	0.000148520009268	0.000126118804364	0.000143653770289	0.000159343283139	0.000145814042306	0.000137254706238	0.000102011870067	8.42E-05	8.94E-05	8.99E-05	0.000104113943185	9.10E-05	0.000101895743064	7.97E-05	0.000117798057297	8.39E-05
b0169	0.002262480301184	0.002527918636507	0.002687742330316	0.002444381410252	0.001771536317404	0.001803474396101	0.004140976502628	0.004838210948681	0.004153819557102	0.00356093303386	0.006129517077418	0.005028968220576	0.003093671672409	0.002248262222681	0.004397416373747	0.004027343146892	0.003339738619311	0.003384768962011	0.003957068352552	0.003926280914763	0.00430054059315	0.003971232872171	0.003196767277402	0.005143961149462
b1232	0.000431355024341	0.000326867537097	0.000476644680414	0.00049695600987	0.000393060211067	0.000530869711527	0.000652911810773	0.000846904250994	0.000395358155	0.000428170898998	0.000384286798148	0.000597772749753	0.000503748019225	0.000409130864321	0.000613064293568	0.00059049316531	0.000776583481948	0.000764970027907	0.000668261355802	0.00061986516884	0.001012888497295	0.000671522470773	0.000660958487623	0.000686574328183
b0048	3.83E-05	4.70E-05	5.77E-05	6.63E-05	4.13E-05	4.54E-05	5.52E-05	4.74E-05	3.79E-05	3.74E-05	4.16E-05	5.80E-05	3.53E-05	3.06E-05	6.72E-05	5.54E-05	3.07E-05	2.66E-05	5.65E-05	6.05E-05	4.43E-05	4.24E-05	7.17E-05	5.87E-05
b3910	0.000251710109785	3.99E-05	3.39E-05	5.40E-05	3.47E-05	4.41E-05	3.71E-05	4.06E-05	5.11E-05	3.41E-05	4.12E-05	4.25E-05	3.40E-05	3.27E-05	0.000108145398048	0.000108224547236	3.13E-05	3.15E-05	3.61E-05	0.000163690721436	4.85E-05	4.64E-05	3.93E-05	3.81E-05
b3751	0.002541039025212	0.001224225311254	0.003658060999199	0.003772098677414	0.001181947433942	0.001547168996733	0.000237111500838	0.000229648967127	0.000413520051293	0.000241840206969	0.000337563152897	0.000397395155242	0.000220471254182	0.000182830525333	0.000425940564785	0.000519885835943	0.000268231752432	0.000186338531566	0.000484796322351	0.000389201325007	0.000292290200529	0.000248289931008	0.000350583296423	0.000328948015991
b3941	0.000293419123802	0.000384725337066	0.000453604493687	0.000402268004563	0.000389296830953	0.000322939412752	0.001246640956456	0.001134874890699	0.001070000425068	0.001163093958908	0.000879351092787	0.0010245854315	0.001082983794029	0.000767607636509	0.000709187245117	0.000705006241727	0.000832124808162	0.000871321058325	0.000877496404855	0.000724180511629	0.000735378998102	0.000687945934464	0.000908880827223	0.000837654397884
b2415	5.96E-05	9.30E-05	0.000271895059811	0.00024263579629	0.000179407606976	0.000175752728104	0.000550897422381	0.000593304008221	0.000481489085164	0.000401583096308	0.000417640668045	0.000609200279849	0.000429544331009	0.00038329911772	0.000225119480968	0.000178474517959	0.00022233499591	9.18E-05	0.000115722529171	0.000171555529816	7.54E-05	8.93E-05	0.000239533041694	0.000277056647193
b4351	4.15E-05	3.91E-05	5.92E-05	6.02E-05	6.61E-05	7.83E-05	4.52E-05	4.49E-05	5.74E-05	5.67E-05	4.56E-05	4.67E-05	5.01E-05	4.82E-05	4.28E-05	4.28E-05	4.18E-05	4.20E-05	6.30E-05	5.75E-05	4.58E-05	4.38E-05	4.57E-05	4.75E-05
b1132	4.25E-05	3.30E-05	4.45E-05	5.13E-05	2.90E-05	3.40E-05	3.60E-05	3.63E-05	3.70E-05	3.66E-05	3.97E-05	4.07E-05	2.90E-05	2.79E-05	2.91E-05	3.86E-05	2.83E-05	2.85E-05	6.62E-05	3.78E-05	4.18E-05	4.46E-05	3.66E-05	3.37E-05
b0893	0.000809105393199	0.001033092621705	0.001159847834583	0.001170520655835	0.000886176244951	0.000891205137143	0.001417148364217	0.001395903926483	0.001422447686287	0.001259615736056	0.001102188375194	0.001167791163542	0.001440237921809	0.001565608819519	0.001380650129808	0.001239951817497	0.001521641862229	0.001561663360834	0.001388256612035	0.001040927347359	0.001303838019044	0.00142103589701	0.000939961931228	0.000992746464744
b0477	6.76E-05	6.38E-05	7.38E-05	8.15E-05	8.12E-05	8.59E-05	0.000171611773603	0.00019472457796	0.000161566640066	9.61E-05	0.000159820301847	0.000203516672392	0.00016595586436	0.000159114153989	0.000159685331047	9.95E-05	0.000151139355736	0.000121971504161	0.000160134467103	0.000152715412513	0.000167410081891	0.00011638507416	9.82E-05	0.000140329747284
b0929	0.012256510958075	0.016860868264356	0.020061775399044	0.018968133258605	0.01932276825799	0.021931837678384	0.010667427273275	0.012030288897491	0.01273432521394	0.019019726607639	0.016813467242713	0.01507279783908	0.017674538752273	0.016209702333142	0.015700113612511	0.013625973991589	0.01327395560147	0.017611967813677	0.009362469707326	0.013695767461154	0.016869464797491	0.022908789672209	0.014156009828907	0.021153013648005
b3320	0.001349581363132	0.002225280289239	0.001478358266132	0.001458645470529	0.00142188545649	0.001261121885918	0.002650140467894	0.002592158170557	0.002652013056614	0.003112800152981	0.003306099400274	0.002485529653463	0.002592536645018	0.002577620299608	0.002486156795687	0.002288520387911	0.002479143861828	0.00242205077102	0.001761805227105	0.002294851649762	0.002381153003373	0.002490068378626	0.002149235985465	0.002409193423394
b0630	2.91E-05	2.74E-05	3.17E-05	3.16E-05	2.89E-05	2.97E-05	6.97E-05	6.02E-05	7.99E-05	7.90E-05	6.99E-05	5.57E-05	5.78E-05	4.06E-05	3.00E-05	3.00E-05	3.66E-05	5.40E-05	3.04E-05	3.04E-05	7.97E-05	7.63E-05	6.82E-05	5.04E-05
b1056	7.32E-05	7.01E-05	0.000109507780482	9.25E-05	0.000158663630114	0.00013050241334	7.72E-05	6.70E-05	4.79E-05	4.73E-05	5.34E-05	6.32E-05	3.19E-05	3.29E-05	0.000131231072275	7.26E-05	9.73E-05	6.30E-05	0.000126447925754	0.000126513272191	0.000131579858698	9.00E-05	0.000127943779452	9.48E-05
b0054	0.000659194933557	0.000915134980081	0.000705391043866	0.000827332731659	0.000876898463197	0.000757443436244	0.000886659193833	0.000874823508479	0.001083749745817	0.000910401074641	0.000925939397074	0.00096142912468	0.00095179406256	0.001033080138353	0.000806403654332	0.000734521095019	0.001059741935921	0.000965436634472	0.001064596679762	0.001043328197223	0.001099123243967	0.000766456405947	0.000800470045159	0.000727017986325
b3867	6.36E-05	6.00E-05	6.99E-05	6.98E-05	6.33E-05	6.50E-05	0.000104640996962	0.000104453855635	8.56E-05	0.000108545731121	8.39E-05	8.60E-05	9.15E-05	0.000174830128432	6.56E-05	6.57E-05	6.40E-05	6.44E-05	6.64E-05	6.65E-05	7.76E-05	7.42E-05	0.000103234086407	0.000107355881285
b3428	0.000680996954657	0.000649717798939	0.000700698565768	0.00088969323289	0.000720668365847	0.000815240525844	0.000299928799514	0.000284859152465	0.000268064593662	0.000227953246776	0.000249994726799	0.000322643959228	0.000344562425106	0.000371495309515	0.000303025799519	0.000177064021644	0.000348194834791	0.000257522680963	0.000365634565473	0.000290597838471	0.000666738654013	0.000315432703289	0.000502730659837	0.000453924011935
b0810	0.000122668367827	0.00012444460147	0.000173391302296	0.000137792557357	0.000147883729308	0.000142558466679	0.000122281775103	0.000120241586615	3.66E-05	7.85E-05	9.06E-05	0.000159749923861	9.70E-05	0.000127819835442	8.51E-05	6.33E-05	9.11E-05	5.92E-05	0.000124697686134	5.85E-05	7.96E-05	7.02E-05	0.000101363385853	8.33E-05
b1272	0.000163640531627	0.000100142626567	0.00018616528455	0.00018454886344	0.000148509294357	0.000162641664646	0.000293411879193	0.000324550753543	0.0002582636169	0.000218503482484	0.000214905700257	0.000284816626123	0.00026796866698	0.00028624254309	0.000231140914013	0.000197774418578	0.000285006870598	0.000280445601697	0.000241514430114	0.000328716445283	0.000200360846408	0.000184293204363	0.000226627464024	0.000227088564754
b0494	3.87E-05	3.65E-05	5.23E-05	6.42E-05	5.58E-05	5.08E-05	5.67E-05	5.76E-05	8.52E-05	7.84E-05	7.96E-05	9.64E-05	6.08E-05	6.25E-05	3.17E-05	3.17E-05	2.94E-05	2.96E-05	5.61E-05	5.62E-05	5.02E-05	3.96E-05	4.18E-05	3.35E-05
b1271	4.25E-05	5.82E-05	0.001161170295251	0.00128859303417	0.002346573658322	0.002226850964647	0.000495031327698	0.00053414957817	0.000438963379992	0.000332968043514	0.000226789814667	0.000271568946833	0.000683783429315	0.000640982279632	0.000245102021195	0.000581780647981	0.000514801469554	0.000699928218456	0.000781825976108	0.000758441816846	0.000342056738021	0.000260602193617	0.000971035565203	0.001031132570052
b2217	0.000131948441172	7.44E-05	0.000255282926538	0.000286832278476	0.000163383135044	0.000171273385684	0.000266010910115	0.000268337047701	0.00015297369194	0.0002232309998	0.000216106555122	0.000285060858073	0.000114134518973	0.000122693968349	0.000147769871858	0.000154341221541	7.79E-05	0.000112844998787	0.000233928392922	0.000228813281818	0.000227416264126	0.000204177516019	0.000105928331522	0.000226052777492
b0948	0.000306936538083	0.000208462101659	0.00023465887709	0.000234336053728	0.000193610527989	0.000141572524433	0.000380297873562	0.000360267811578	0.000257804463796	0.000167424804547	0.000129143225789	0.000115416874695	0.000162578709048	0.000182850293234	0.000184166555027	0.000209276757951	0.000274534298414	0.000260183735618	0.000305956481591	0.000266869134469	0.00039121701839	0.000369157555679	0.000206761916294	0.000258020681103
b0727	0.004502508772098	0.006389564747	0.006563769402008	0.005270152530647	0.005224927915607	0.00406267350289	0.001918942737085	0.0016978178091	0.002456187189134	0.001578134024572	0.001413976531477	0.001347539464393	0.002184493572528	0.001866539584573	0.001871343216503	0.002052004873819	0.002452093917242	0.002293298054396	0.003393393796022	0.00338443874343	0.001566989751692	0.002168080211553	0.002972719385961	0.002624178445327
b0908	0.000296932391964	0.000364664878498	0.000299871987807	0.000318042926396	0.000255504353754	0.000266725281765	0.000700975013954	0.000779073506259	0.001380967412098	0.001185396187692	0.000885579460246	0.000960483386315	0.001214893780939	0.001231406095925	0.000696261840134	0.000612192229008	0.000926105087185	0.000918999582032	0.000628282742151	0.000608214649926	0.000790478599751	0.000695298063218	0.00067685881304	0.000636288376319
b1178	2.14E-05	2.02E-05	5.57E-05	6.28E-05	5.89E-05	3.51E-05	1.96E-05	1.95E-05	2.60E-05	2.57E-05	3.15E-05	5.89E-05	3.35E-05	3.22E-05	1.85E-05	1.86E-05	1.81E-05	1.82E-05	1.88E-05	1.88E-05	1.98E-05	1.90E-05	1.98E-05	2.06E-05
b2516	0.000236580040367	0.000171138781041	0.000311001446954	0.000339755009998	0.000194505586343	0.000207069156744	0.000271842564491	0.00024823798817	0.000204309138476	0.000198545574609	0.000272826196832	0.000351864222381	0.00018793067515	0.000157973984689	0.000169845600292	0.000190129127938	0.000148739054567	0.000177188072223	0.000271650913965	0.00021335016563	0.000353202639921	0.000259610122154	0.000326450881684	0.000298255540879
b4013	0.00012848502408	0.000168227138611	0.000220879236937	0.000205349085513	0.000217983907571	0.000224888213401	0.000433234618727	0.000403777895258	0.000320047041543	0.000359644374998	0.000392154449928	0.00052973060206	0.000445472519645	0.000375241001486	0.000262802631144	0.000236851553541	0.00032979250099	0.000350971284744	0.000287117572739	0.000295959005806	0.00051590689225	0.000500573778979	0.000291446532038	0.000291392680709
b3498	0.000613799457782	0.000662814922535	0.000753000965912	0.000767075461247	0.000589547691261	0.000665176806345	0.000862738701482	0.000874773560894	0.000875442841078	0.000704441402207	0.000787860415401	0.000916437027664	0.000563165280493	0.000565963536025	0.000780700779997	0.000666651862437	0.000755043993008	0.000660517146057	0.000826578694091	0.000652899361464	0.001185475508844	0.000969107463077	0.00089478562692	0.000899650267233
b0408	0.001613969690501	0.001519555562119	0.001952904777007	0.001538838004788	0.002815636208154	0.002620317294407	0.001300020927107	0.00142447884622	0.001080516068646	0.001077937019791	0.000659403477017	0.000921360198279	0.001606398392168	0.001653459847794	0.001651479723113	0.00143582308286	0.001667863893138	0.002009402545394	0.001515852807822	0.001991966759033	0.001765687272488	0.002249093883885	0.001932733826291	0.001594839464024
b3742	3.66E-05	2.03E-05	5.76E-05	5.63E-05	2.15E-05	2.21E-05	3.81E-05	4.42E-05	5.79E-05	5.72E-05	4.72E-05	6.83E-05	2.22E-05	2.14E-05	2.23E-05	2.23E-05	2.17E-05	2.18E-05	2.25E-05	2.26E-05	8.89E-05	3.69E-05	3.81E-05	4.87E-05
b0096	4.67E-05	4.40E-05	6.23E-05	8.96E-05	9.77E-05	0.000112011734901	5.96E-05	7.39E-05	4.26E-05	4.21E-05	4.81E-05	0.000101421660478	8.89E-05	5.56E-05	6.08E-05	6.08E-05	4.16E-05	4.18E-05	9.98E-05	9.99E-05	5.15E-05	4.93E-05	9.81E-05	6.79E-05
b0680	0.000924558122766	0.001010046648244	0.000795145515374	0.000879598621095	0.000739822749506	0.000768246306804	0.001149132388079	0.001238573154559	0.001191247032	0.00111927390913	0.000982838529336	0.001079433603799	0.00111764763483	0.001241505940443	0.001044022239019	0.001042706468828	0.001150967370412	0.001264858311852	0.00128691949345	0.001145065653516	0.001245649989475	0.001324872595897	0.001156975828227	0.001023925396783
b3836	1.17E-05	1.10E-05	1.46E-05	1.77E-05	1.58E-05	2.48E-05	1.53E-05	1.98E-05	1.20E-05	1.19E-05	1.50E-05	1.54E-05	1.50E-05	1.62E-05	1.93E-05	1.93E-05	1.51E-05	1.31E-05	1.77E-05	2.34E-05	1.85E-05	1.25E-05	1.32E-05	1.37E-05
b2040	0.000168758215166	0.000145465641467	0.000246249180111	0.000330265591364	0.000182596835892	0.000147098603102	0.000188986016486	0.000202906603918	0.000137174768925	0.000100072844449	0.000193672082926	0.000245492307293	0.000159424006578	0.00013858910251	0.000163420599286	0.000166396800588	0.000229392176266	0.000164615837562	0.000260936041017	0.000244799157636	0.000271739725386	0.000264472569521	0.000422155178102	0.000419991932435
b0779	0.000348308377785	0.000445613414349	0.000212770811582	0.000207210047861	0.000391184295716	0.000390776673687	0.000250652405742	0.000237411018856	0.000165310963232	0.000163488064695	0.000221346127447	0.000194114230227	0.000103942050863	0.000208748467957	0.000133937524879	0.000134035550746	9.66E-05	9.72E-05	0.000166838829322	0.000166925049186	0.000197542790907	0.000149044237456	0.000127029172783	0.000132101026586
b0807	5.32E-05	5.02E-05	0.000104220613781	7.96E-05	5.05E-05	5.18E-05	6.36E-05	7.45E-05	6.30E-05	4.65E-05	5.13E-05	7.53E-05	7.84E-05	9.62E-05	4.48E-05	4.49E-05	4.37E-05	4.40E-05	4.54E-05	4.54E-05	6.43E-05	5.77E-05	4.79E-05	4.98E-05
b3957	0.000258449386325	0.000216719267159	0.000231523214814	0.000265836633645	0.000237847821346	0.000190529899846	0.00057116428989	0.000662857234716	0.000484570975465	0.000475576311015	0.000520399781577	0.000667192420856	0.000349700832694	0.00038656413702	0.000681229419247	0.000595240115704	0.000426970388522	0.000549379553247	0.000510244062697	0.000398570729084	0.000498791329366	0.000466050404902	0.000393812813086	0.00037001977801
b3034	4.26E-05	4.01E-05	5.32E-05	3.41E-05	3.34E-05	2.99E-05	3.30E-05	3.28E-05	3.02E-05	5.23E-05	3.19E-05	3.27E-05	4.05E-05	3.90E-05	4.57E-05	4.58E-05	6.00E-05	3.78E-05	2.98E-05	2.98E-05	3.15E-05	3.01E-05	3.86E-05	4.02E-05
b2924	0.000220915402051	3.64E-05	7.63E-05	7.62E-05	0.000145206626189	0.000118959577766	0.000316191188509	0.000345995100103	0.000355222253899	0.000312678265831	0.000264483469462	0.000319126193307	0.000339735497315	0.000335522975955	0.000230638402163	0.000260501694956	0.000366119237747	0.00023367521841	0.000107582497785	0.000140442085654	0.000385553847966	0.000362119368922	0.000194788728858	0.000157634537508
b3352	0.000107147147855	0.000160542487184	0.00014833069916	0.000172952332255	0.00015292734488	0.000147633603313	0.000247015729962	0.000259133672629	0.000260719876768	0.000230744080878	0.000224473732605	0.000271864217119	0.000218658719501	0.000214836949987	0.000210916230826	0.000200870157971	0.000201170982236	0.000223196899243	0.00035578799187	0.00026618431338	0.000292694772738	0.000220745146327	0.000226891408959	0.000199382467386
b2552	8.31E-05	7.83E-05	0.000224659277845	0.000219297278384	0.000222352609648	0.000257629045221	9.11E-05	6.78E-05	7.65E-05	9.65E-05	0.000117703290387	0.000113800664652	7.70E-05	7.64E-05	8.52E-05	8.72E-05	5.37E-05	5.40E-05	6.74E-05	5.77E-05	7.73E-05	7.40E-05	5.88E-05	6.11E-05
b1682	5.60E-05	5.28E-05	3.72E-05	3.72E-05	7.18E-05	5.43E-05	5.76E-05	6.63E-05	8.90E-05	8.26E-05	9.58E-05	7.19E-05	8.24E-05	6.42E-05	4.43E-05	4.43E-05	3.35E-05	3.37E-05	4.33E-05	5.37E-05	4.44E-05	4.25E-05	6.46E-05	5.01E-05
b2315	0.000158490862168	0.00018164151974	0.000135122136773	0.000154287569746	0.00015741947603	0.00016058617623	0.0002965197073	0.00036654829105	0.000243457858223	0.000199665602877	0.000227310398829	0.000286911685009	0.000288775229444	0.000275372610819	0.000365715080501	0.00030895290853	0.000361609616496	0.000299639909186	0.000368917618904	0.000345003240241	0.000258665285189	0.000212062333887	0.000243408297347	0.000214607490637
b0805	0.000162114029039	0.000152897739856	0.000298732577454	0.000224685261001	0.001267013911415	0.001467057403757	0.001040204005174	0.001362691049385	0.000618985725515	0.000707561691891	0.000438865724932	0.000521790540938	0.001490444084142	0.001211693007832	0.000111811178558	0.00011189301065	0.000239098934781	0.000181751496315	0.000159456941799	0.000188546500777	0.000356874783228	0.000261903916605	0.000369638514904	0.000349632373011
b3619	0.001507304817106	0.001092317166965	0.000612959481687	0.000821111915895	0.000944608250386	0.001095928149351	0.000804775953533	0.000826661360281	0.000816424077843	0.000602839469127	0.000521609684727	0.000573419501954	0.000593420525282	0.000683171292789	0.000958125082758	0.000860885787382	0.001185097609878	0.000879934749484	0.000916074380219	0.000868308436461	0.000865570257862	0.001005457372215	0.000679890363211	0.000637262829288
b0028	0.000108860435939	0.000157697235197	0.000131693686269	0.000101875890739	0.000129635458139	0.000120877373874	0.00012097190909	9.56E-05	0.000127582139478	7.76E-05	7.70E-05	0.00013835403176	6.17E-05	0.000131609522535	0.000128293215824	7.69E-05	0.00011248731491	7.32E-05	0.000183096098256	0.000125209967597	0.000149990900154	0.000142841430492	0.000146362017658	8.67E-05
b3650	0.000156935716105	0.000233497733361	0.000735788076961	0.000734775843443	0.000352829520431	0.00054061843721	0.000138230531445	0.00013991127096	0.000931245734417	0.000920976805765	0.000110589317727	0.000713781700099	0.000127232662801	0.000122377094352	0.000103044156269	0.000103119571973	0.000104749017357	0.000105397553146	0.000104370777352	0.000104424714641	0.000154676627764	0.000639164165765	0.000133146556117	0.000132693379394
b3917	0.00011865309844	0.00011556470259	0.000406347465426	0.000480105582849	0.000305180671978	0.000217670772221	0.000679281898408	0.000614120757988	0.000600061821642	0.00056302194685	0.000527996553971	0.000537878469776	0.000493085042407	0.000489653289553	0.000179238743354	0.000142535029025	0.000446120287122	0.000267837071844	0.000232200980304	0.000630064224061	0.000439069282733	0.000328495173085	0.000207625736084	0.000178596807589
b1288	0.000803721604585	0.000895625617061	0.000982178368449	0.001025439403192	0.000788089048914	0.000830256385163	0.001565012885887	0.001333032489186	0.001874802552314	0.001434892788055	0.002158081499011	0.00187606065183	0.001661769077826	0.001385802887964	0.00148948284192	0.001437012152246	0.001285159521362	0.001191326737684	0.001205571841977	0.001245024846692	0.001133252505837	0.001162496851369	0.001103720039963	0.001092745430314
b3028	0.000167872922361	0.000143260660711	0.000200988968956	0.000198443103688	0.000142792556713	0.000158394055427	0.000195240082115	0.000226100215228	0.000148627474111	0.000162088492804	6.03E-05	0.000129468006177	0.000167402429643	0.000176632900147	0.000195908245784	0.000100177599461	0.000121197614925	0.000105297398555	0.000129705742361	0.000143815348505	0.000100174399623	7.34E-05	0.000118881922488	0.000125750860993
b0632	0.00037937063969	0.000481948011174	0.00104013267487	0.000934268454657	0.00057090804677	0.000458092518698	0.001244021316732	0.001209681831411	0.000841314563624	0.000883770203889	0.001482608082905	0.001763800442953	0.000994875264982	0.000802086570202	0.000777049907643	0.001077598827037	0.000909950047265	0.000952245292534	0.001179106934863	0.00081007184564	0.001026229527662	0.000932076206618	0.000865473731288	0.001137559384048
b3054	9.11E-05	0.00013564708846	0.000145115415188	0.000166653144662	0.000165211767355	0.000159622330078	0.000263519363306	0.000426090473298	0.000241522488437	0.000219041186586	0.00022482025054	0.000281000400763	0.000440769221614	0.000415824628148	0.000321615671218	0.000205054530622	0.000281296558313	0.000248824754534	0.000258893306258	0.000292743435732	0.000304467185469	0.000167062561806	0.00022612851032	0.000274447655317
b0438	0.000460904396713	0.000553550967318	0.000439512595303	0.000464003662083	0.000553947145141	0.000459249389326	0.000718834826135	0.000776567332914	0.000667350855126	0.000709453841264	0.000675738197483	0.000774485929569	0.000703920036949	0.00071888603507	0.000701200871123	0.000833855024457	0.000812876712761	0.00066644477873	0.000722526665694	0.000841845314481	0.000714307097941	0.000676948377994	0.000679596130276	0.000594934205086
b1874	3.23E-05	3.04E-05	3.52E-05	3.51E-05	3.21E-05	3.30E-05	4.04E-05	4.01E-05	4.46E-05	4.41E-05	4.85E-05	4.04E-05	3.68E-05	4.02E-05	3.33E-05	3.33E-05	3.56E-05	3.84E-05	5.68E-05	5.68E-05	3.56E-05	3.41E-05	3.56E-05	3.70E-05
b2038	4.59E-05	2.93E-05	0.00012561196355	0.000108044274321	5.65E-05	7.27E-05	2.82E-05	3.48E-05	3.99E-05	4.17E-05	3.11E-05	3.19E-05	3.23E-05	5.67E-05	3.32E-05	3.32E-05	4.12E-05	4.72E-05	3.15E-05	6.05E-05	8.59E-05	3.66E-05	9.67E-05	9.69E-05
b1108	0.000245394805328	0.000250501547981	0.000275676727064	0.000332264003894	0.000178492663823	0.000215795892072	0.000236085372977	0.0002323565339	0.000253295648314	0.000214585733103	0.000160501072006	0.000218233979716	0.000236181822586	0.000267034270948	0.000168876395458	0.000140021941494	0.000222602234303	0.000219432612153	0.000245899845328	0.00020259659766	0.000283712667343	0.000150596852592	0.000177110979201	0.000168748151388
b3355	6.36E-05	6.00E-05	4.74E-05	4.73E-05	5.79E-05	4.97E-05	4.25E-05	4.22E-05	4.02E-05	3.97E-05	4.28E-05	4.39E-05	4.02E-05	3.87E-05	4.02E-05	6.08E-05	5.06E-05	6.51E-05	6.79E-05	0.000108032359968	8.95E-05	8.02E-05	4.30E-05	4.47E-05
b0844	3.64E-05	3.43E-05	4.60E-05	5.25E-05	4.20E-05	4.31E-05	3.97E-05	3.94E-05	3.75E-05	3.71E-05	5.16E-05	5.89E-05	3.89E-05	3.74E-05	3.76E-05	3.76E-05	3.67E-05	3.69E-05	4.14E-05	4.14E-05	4.76E-05	4.55E-05	4.47E-05	4.65E-05
b2988	0.000133541507049	0.000182943530609	0.00017084373097	0.000173858388463	0.000123379670659	0.00014417672713	0.000568836245576	0.000575035993737	0.000677185354032	0.000589138964756	0.000367842011515	0.000428891628273	0.000502432261712	0.000616468456053	0.000379495281671	0.000308902603093	0.000568469550461	0.00050096274162	0.000290040036925	0.000258206627143	0.000548359672353	0.000423977182744	0.000279466282452	0.000217113555789
b3764	0.00015990033691	0.00018264899846	0.00020799893094	0.000174884179411	0.000197501457448	0.000189069827102	0.000217456703322	0.00023837193162	0.000313320075853	0.000255507742071	0.00020366062239	0.000327432292958	0.000221219010782	0.000211122945415	0.000218021582936	0.000191643664549	0.000148087397474	0.000177144813667	0.000234766348384	0.000153105508035	0.000288550420341	0.00029202773402	0.000249946752623	0.000267566507566
b3810	5.88E-05	4.13E-05	3.82E-05	4.03E-05	5.32E-05	5.41E-05	3.55E-05	3.52E-05	3.35E-05	3.31E-05	4.32E-05	4.42E-05	3.35E-05	3.23E-05	3.35E-05	3.36E-05	3.27E-05	3.29E-05	3.40E-05	3.40E-05	6.58E-05	3.49E-05	4.45E-05	4.63E-05
b3741	0.000360320634578	0.000421674267458	0.000112263247138	0.000101698701756	0.000191940499876	0.000136094866818	0.000283148719921	0.000250758348828	0.000284871698411	0.000532740184877	0.000271321417176	0.000243222535219	0.000236618524832	0.000231235724938	0.000395300165556	0.000324216327493	0.00051961089821	0.000494526751285	0.000650920926298	0.000496708646995	0.000706869504184	0.000549950091119	0.000346756077374	0.000370711203698
b2532	8.47E-05	0.000159740255194	0.000156614665961	0.000180700281391	9.92E-05	8.92E-05	0.000265887939993	0.000293920723113	0.00028238792118	0.000213682510923	0.000146088792573	0.000235606196858	0.000220411321075	0.000205472347574	0.000170327288742	0.000216831420166	0.000210224412087	0.00022746286988	0.000240690999921	0.000291371658984	0.000165136063185	0.000119070832425	0.000135540135447	0.000192743396793
b3617	0.000217998485113	0.000134632646475	8.16E-05	0.000124160719907	0.000184923568209	0.000224305938579	0.000111434698128	0.000110592427626	7.71E-05	7.20E-05	6.36E-05	6.52E-05	6.40E-05	6.15E-05	8.09E-05	8.05E-05	9.92E-05	9.19E-05	0.000108670632762	9.16E-05	7.95E-05	7.61E-05	6.68E-05	6.95E-05
b0088	0.000130177485353	0.000119965127021	0.000137079218004	0.000159074494341	0.000126720485607	0.00015190633697	0.000122486963754	0.000158674959694	8.70E-05	0.000154920473553	0.000111851082995	0.000122417111665	9.68E-05	0.000120754489638	7.79E-05	7.80E-05	0.000171544497552	9.16E-05	0.000126699873948	0.000128843471089	0.000223729260317	0.000237755052955	0.000152183175273	9.85E-05
b4160	0.000314331652887	0.000169918793047	0.000235422221125	0.000278972335029	0.000205614961525	0.000220361531477	0.000250003887765	0.000267864641102	0.000295272063304	0.000255610885552	0.000159022775134	0.000221073443875	0.000222262789367	0.000235271765824	0.000229421804865	0.000186026537119	0.000271254484821	0.000251761322694	0.000379745178756	0.000253956664117	0.000319223827501	0.000229654839904	0.000212313605113	0.000195097004841
b3168	0.003506146958029	0.005041322656089	0.003458439844021	0.003560207928503	0.0034653325732	0.003347138192936	0.004150250258931	0.004351856858546	0.003905235448234	0.004638593517033	0.004068421154677	0.004308266940503	0.004806496644902	0.004767090707199	0.004353927293067	0.003947770538855	0.005186547809953	0.004567891357884	0.004872716978792	0.004881695244785	0.004716166540764	0.004587927447778	0.003611078225043	0.003414298657239
b4041	0.000552877579131	0.00045307469261	0.000500660201204	0.000601018294952	0.000441032611661	0.00049811956755	0.000462854311243	0.000503303348666	0.000407309616498	0.000312208709715	0.000313117046116	0.000458890246892	0.000409709341591	0.000449685007012	0.000432831538468	0.000332346520611	0.000437817935563	0.000446402325929	0.00048184027539	0.000445705186528	0.000585643504803	0.000430866141465	0.000340776930378	0.000290151100594
b3642	2.97E-05	2.80E-05	8.89E-05	3.88E-05	2.96E-05	3.03E-05	0.000181637138334	0.000178914964853	8.99E-05	7.80E-05	7.45E-05	0.000133490919547	0.000100778643148	9.79E-05	3.06E-05	3.06E-05	6.82E-05	6.29E-05	0.000107071758824	5.27E-05	0.000113346104316	4.63E-05	7.77E-05	8.34E-05
b1176	4.06E-05	3.83E-05	4.63E-05	5.37E-05	3.81E-05	3.30E-05	6.00E-05	5.39E-05	3.11E-05	3.07E-05	3.31E-05	5.22E-05	3.11E-05	2.99E-05	3.11E-05	3.11E-05	4.75E-05	4.78E-05	5.50E-05	4.66E-05	6.59E-05	4.48E-05	6.12E-05	3.90E-05
b4242	0.00014413593299	0.000135941710393	0.000166355134243	0.000233722486622	0.000226400678552	0.000232367595511	0.000271986210392	0.000338267239913	0.00058859955894	0.000512427461272	0.000243773165879	0.000336150269253	0.000253903477269	0.000340229457165	0.000134607606162	0.000134706122446	0.000149320314041	0.000150244805459	0.000170425730595	0.000170513804117	0.000162557783578	0.000155588215284	0.000366290822819	0.000395380750635
b3956	0.002235009505819	0.003020107036886	0.00240523286673	0.002468105233281	0.002192199580985	0.002311047014815	0.005903447271041	0.006153752931636	0.007621871568339	0.008107965921285	0.005676117542629	0.005686685955448	0.006907587266359	0.008024323615745	0.005479252880511	0.006567365143571	0.008923974069816	0.0084231310184	0.004854427509788	0.005208634046308	0.006246994678898	0.006232625231049	0.005027637272463	0.005129929460561
b1281	7.94E-05	5.91E-05	0.000114581769117	0.000140222683019	3.94E-05	4.05E-05	0.000100935186544	8.96E-05	0.000106824042535	9.94E-05	0.000130382410999	0.000157720837589	5.58E-05	5.25E-05	0.000127971686382	0.000143893647175	0.000164120040082	0.000132673497271	0.000102238989651	0.000158829187375	0.000246694841383	0.000118647796197	9.03E-05	8.46E-05
b0990	1.02E-05	9.63E-06	1.26E-05	2.07E-05	1.02E-05	1.04E-05	0.000224439509413	0.000331530831278	0.000107777080562	9.59E-05	0.000112249857967	0.000135925813554	7.96E-05	7.31E-05	1.05E-05	1.05E-05	3.14E-05	2.68E-05	3.99E-05	3.55E-05	1.13E-05	1.08E-05	2.45E-05	3.60E-05
b1732	0.001248091037133	0.001570914341227	0.001039690874227	0.000885090465967	0.001668243044768	0.002208305548892	0.000190327334606	0.00018985247841	0.000156842142939	0.000140599168295	0.000194537384658	0.000226344589089	0.000223103107382	0.000211056517293	0.000172684087218	0.000159941605976	0.000208786424657	0.000155981470571	0.000173046557788	0.000173135985714	0.00032716777565	0.000246374927276	0.000249126098184	0.000165235457304
b2501	0.000326690973823	0.000342621216177	0.000251415305224	0.000304803846534	0.000386494243895	0.000328827270361	0.000196738164641	0.000248668897738	0.000142000322892	0.000116161847902	0.000156017792234	0.000200996563759	0.000173728950535	0.000259931697695	0.000134305426766	0.00012298379781	0.000194392656092	0.000158544941724	0.000233837107024	0.000184141809041	0.000423458144319	0.000329813890371	0.000224022206659	0.000287553003706
b2431	0.000310097601508	0.000228830929122	0.000364459428627	0.000375379314216	0.000269928515557	0.000294201402624	0.000523590994228	0.000559372375979	0.0004459270713	0.000402893438849	0.000402718908635	0.000439723845967	0.000375702081396	0.000418239176527	0.000549016831449	0.000611868989814	0.000529261994482	0.000544931688847	0.000455244386608	0.000618516507389	0.000384292724821	0.00040622293481	0.000251906743923	0.000338070452836
b2168	4.25E-05	4.01E-05	4.63E-05	4.63E-05	4.23E-05	4.34E-05	0.000130862177447	0.000114798513567	0.000168485257387	9.90E-05	5.88E-05	7.27E-05	0.000147663612462	9.21E-05	7.15E-05	4.57E-05	8.77E-05	9.40E-05	8.88E-05	8.10E-05	0.000133584403852	7.28E-05	8.14E-05	8.51E-05
b2569	0.000696388982826	0.000655470603186	0.000565899875556	0.000590425300984	0.000705709327171	0.000611270457268	0.000949338107855	0.000952072086866	0.001025099846039	0.001008056158298	0.001077879270359	0.001152609037265	0.000897584130862	0.001240512592926	0.0009989747648	0.000871743537825	0.001224041164136	0.001134630454913	0.001297357546169	0.001141204425639	0.001007914314848	0.001068087929382	0.000788976035076	0.000751902439607
b3783	0.004800750302023	0.004687723842444	0.001204139851444	0.001387647320213	0.003425124180517	0.003742637720338	0.001424142431224	0.001580766054836	0.001555697160423	0.001599334277891	0.001415683346897	0.001585167405333	0.001580834772963	0.001454418027794	0.00123630356809	0.00134296147329	0.001502848764146	0.001402883571647	0.001907946985429	0.002440231870696	0.005467857665726	0.005121037832228	0.002557543290007	0.003354620499441
b0782	0.00048448417487	0.000465506245776	0.000299682086082	0.000368282459437	0.000371346473495	0.000304422322828	0.000228059328433	0.000229541445847	0.000196901398645	0.000170791215917	0.000166501443604	0.000229217705945	0.000196894056394	0.000252245551662	0.000248927262236	0.000218123656109	0.000315774473863	0.000231348694443	0.000223246196302	0.000232651095779	0.000441005070341	0.000393317882937	0.000220344260014	0.000258321838419
b3528	0.000789133148584	0.001194368167125	0.00080759994968	0.000732695972128	0.001244866438626	0.000912063807456	6.03E-05	5.98E-05	5.69E-05	5.63E-05	6.07E-05	6.22E-05	5.70E-05	5.48E-05	0.000143308251137	0.000112646303449	9.00E-05	0.000136289946801	0.000313912725216	0.00029447667379	0.000114036434758	0.000100009286122	0.000208622245045	0.000203185860084
b1329	0.000236960232782	0.000175086214149	0.000315745068411	0.000327039975511	0.000319393930557	0.000362147748833	7.95E-05	7.89E-05	7.51E-05	7.42E-05	8.00E-05	8.20E-05	7.51E-05	7.23E-05	8.96E-05	0.000100094277667	0.000114795392216	8.60E-05	0.000166861512619	0.001307757329603	0.000179707013146	0.000115114300682	0.000171024058672	0.000108889274962
b0565	0.003564415084311	0.004109270622873	0.004575203032553	0.004677048719209	0.004731901305364	0.004914306415986	0.002438460891195	0.002205024787145	0.001621911262131	0.001455696989807	0.001480826325853	0.001462515176982	0.001592492798627	0.001629479977885	0.003677769375681	0.003130100846581	0.002163473312824	0.001765038478561	0.001750915564545	0.001938251232749	0.0022201517319	0.002222709214217	0.003392518463073	0.003459876253821
b0830	0.000344643938078	0.000394905620723	0.000311343094738	0.000408482174156	0.000460583173872	0.000423251184293	0.000200674593072	0.000204977356153	0.000280626112401	0.000258664342141	0.000230225642261	0.000254681540344	0.000310474875929	0.000302773838524	9.68E-05	7.77E-05	0.000154516918958	0.000146399250562	0.000213487625487	0.000179871960224	0.000414642212725	0.000251116280495	0.000323777892941	0.000284009527344
b0651	0.00027976663671	0.000292879760145	0.000300007435813	0.000308944871612	0.000334677901824	0.00031386766253	8.20E-05	7.63E-05	8.59E-05	6.74E-05	6.95E-05	5.55E-05	9.08E-05	8.38E-05	0.000107049190121	7.91E-05	0.000155208150756	0.000117760919045	0.000167875484713	0.000126065200407	0.000135823728597	0.000108459608523	9.03E-05	8.16E-05
b3554	0.000191912773111	0.000164617463766	0.000249237317904	0.00022672450659	0.000151982316351	0.00020567087303	0.000248719935703	0.00026241443432	0.000159414466144	8.02E-05	0.000222965572911	0.0002736250814	0.000136617201211	9.86E-05	0.000140039544917	0.000140702604862	0.00015082440837	0.000116842826371	9.82E-05	0.000116087089822	0.00046045412896	0.000470532921893	0.000334060324798	0.000378188243008
b1380	0.000207133786619	0.000192077828092	0.0001993259332	0.00025670517523	0.000267573584128	0.000280552808126	0.000326267608109	0.000311669440726	0.000365508299128	0.000341395706567	0.000276260560903	0.000309114361252	0.000294531458568	0.00028865809875	0.000150322408107	0.000131279225613	0.000305354199487	0.000261451581963	0.000256051416413	0.000190723541477	0.000284045832096	0.000302891458998	0.000217141878071	0.000193046808244
b0095	0.001036020058944	0.00124543787097	0.000971618106967	0.000979570873468	0.000903816812615	0.000993492254142	0.001070077737485	0.000940553431663	0.001229140480428	0.001339883307736	0.000975153806223	0.001003363062605	0.001071126365878	0.000957898928621	0.001171947170976	0.001186017114646	0.001525830030829	0.001132234350876	0.001341265046056	0.00162694034068	0.001111385364525	0.001252513490387	0.00100798763479	0.000941699511974
b4034	0.001817822678047	0.001344400273975	0.002380153854753	0.002286422090367	0.00134512182601	0.002231817286395	6.71E-05	6.01E-05	8.61E-05	6.69E-05	7.16E-05	8.73E-05	0.000181278602072	0.00023900588455	0.000299741312043	0.000249730302545	0.000331679938678	0.000287252492902	0.000360675203165	0.000611833156125	6.28E-05	6.01E-05	0.000164835797458	0.000138290518388
b3403	0.008786689532194	0.007890295431072	0.007077566998589	0.006907759876988	0.010486607440629	0.011362257612618	0.000485834182543	0.000439136251308	0.000399742243261	0.000398548349968	0.000202288465729	0.000247699641001	0.000543931105746	0.000662727663237	0.001460030795252	0.00156923243685	0.00195076888587	0.002000544643727	0.002660966766802	0.00299480483057	0.001775434851335	0.001707977308091	0.001547903916267	0.001235288980785
b0686	7.16E-05	6.75E-05	9.48E-05	9.17E-05	7.22E-05	7.84E-05	5.41E-05	0.00010191942217	0.00011187587097	9.72E-05	6.90E-05	7.07E-05	5.68E-05	5.61E-05	9.65E-05	5.47E-05	7.78E-05	7.56E-05	6.13E-05	9.28E-05	7.80E-05	5.94E-05	5.27E-05	6.69E-05
b2914	0.000351091152718	0.000374233202881	0.000470660769079	0.000509773501356	0.000259201683034	0.000294960478652	0.000454976758486	0.000424838222521	0.000441703063262	0.00035528046809	0.000385276417966	0.0004091330208	0.000309226033174	0.000263125241973	0.000337058153737	0.000331063076652	0.000331739518998	0.000242936963012	0.000362118930872	0.000332977733698	0.000396551973671	0.000379550043638	0.000346058625984	0.000321644011859
b3940	0.000280179555459	0.000375981521136	0.000392676998004	0.000492474659386	0.000399026789047	0.000358590785885	0.000862507771947	0.000853952929368	0.001132408433939	0.000671569553307	0.000596760077938	0.000680134143819	0.000868818944857	0.00085245014554	0.000527734269361	0.000464047062454	0.000830926824231	0.000707518252353	0.000859765473337	0.000724542415336	0.000791722072402	0.000576030047777	0.000596664116363	0.000527844789946
b1015	0.000135656512464	0.000263478620099	0.000293353320411	0.000279804569213	0.000376241148019	0.000242156414304	0.000110354019438	0.000108275372649	6.99E-05	6.91E-05	0.000104782433065	0.000107349533076	8.24E-05	7.41E-05	7.00E-05	7.00E-05	7.87E-05	7.92E-05	0.000193435547171	0.000193535511829	0.000241068396128	0.000132367725207	0.000131095036558	0.00010866822428
b3384	0.000633195977014	0.000561344058131	0.00048580134853	0.000520925061623	0.000348750006778	0.00035024819598	0.000655704702453	0.00059973471977	0.000607101101242	0.000630668970593	0.001018423283392	0.000901703215287	0.000388801316108	0.000459990851105	0.000503380757866	0.000582664422557	0.000384250819663	0.000452003976782	0.000670434674275	0.000553187413487	0.000861835999291	0.000591892844891	0.000479920859897	0.00066196489152
b2412	6.21E-05	5.86E-05	0.00011906258015	0.000120999469395	5.50E-05	6.47E-05	0.000108577263864	0.000195883105448	0.0001009658409	9.99E-05	0.000183871246	0.000188375969395	5.73E-05	5.51E-05	4.86E-05	5.06E-05	6.10E-05	6.13E-05	0.000101607239946	0.00010165974908	0.000127312653258	0.000123076816346	0.000147073931305	0.000117582844399
b0957	0.016487940443617	0.014713718892569	0.011990913825841	0.01360957175288	0.01712875266896	0.017480005924491	0.020597340630471	0.018592928542511	0.018677479828669	0.019051287628997	0.020603783357052	0.019195719254592	0.023793188567541	0.01968093504625	0.025601250655946	0.024143903853827	0.017974375269189	0.021501455651907	0.016192130454201	0.019363658462674	0.015757916352672	0.016505493412282	0.019773725926186	0.02281336354179
b0091	0.000124221440728	0.000314564884144	0.0002158710403	0.000198896413996	0.00027011743696	0.000245336932475	0.000298845294058	0.000253602945118	0.000139090609556	0.000160675642673	0.00022548245952	0.000233559189454	0.00028723346281	0.000271770424995	0.000135780264777	0.000114209179588	0.000228381291151	0.000174069920973	0.000271499913074	0.000271640220253	0.000415043878205	0.000274419451574	0.000288098257268	0.000272305523935
b0409	0.000224174517548	0.000325086936427	0.000247313917009	0.000285690680596	0.000263976311115	0.000258305296042	0.000329850863767	0.000295351202723	0.000363998691079	0.000297826445258	0.000240418029469	0.000290096220211	0.000333869405373	0.000311846822427	0.000305444369715	0.000249248807644	0.000419278575543	0.000335452743928	0.000434535487575	0.00032597220607	0.000425839676948	0.000419441861642	0.000340173617679	0.000257705611168
b2425	0.000539507888177	0.000398513549764	0.000637347689227	0.000842273242735	0.000447115252801	0.000482901934004	0.000723904038066	0.000755904662631	0.001122790030802	0.000816894482138	0.000938041169768	0.001015631196136	0.000575700856005	0.000435722311083	0.000392046607595	0.000490108806787	0.000412099008521	0.000278045491048	0.000671525340673	0.000459702151408	0.0007688688965	0.000786757552756	0.000739065514925	0.00069381349563
b1716	0.000754642829681	0.000248018675086	0.000665373223022	0.000935899934061	0.000501924304642	0.000585075780126	0.002097784976158	0.001645173672376	0.00050010548113	0.000957033147663	0.000950503247705	0.002397935657706	0.000497806492729	0.0004781006617	0.000798527574508	0.001320944958909	0.000370032278567	0.001149502913453	0.001310116867283	0.000927900579083	0.001012629623379	0.000749342310083	0.000299323171474	0.000584272872535
b3966	0.00113744427648	0.000505680564572	0.00070776085915	0.0007296376048	0.000519738787904	0.000461670680053	0.000567483608852	0.000487214008469	0.000858812730195	0.000553694650622	0.000545071468246	0.000814031132898	0.000679078647683	0.000640243323176	0.000371048086281	0.00053643361629	0.000664233097434	0.000524709910315	0.000538405331075	0.000540953305213	0.000633255269488	0.000477699264202	0.000534120995105	0.000465911987908
b4252	0.00015537514386	0.000139812138567	0.00011807789172	0.000116749894035	0.000177719738393	0.000193895071286	0.000135431432416	0.000198908071836	3.05E-05	8.91E-05	8.76E-05	0.000157943423762	0.000184529334964	7.86E-05	0.000144671223401	8.90E-05	0.000145444228777	0.000148151447035	8.76E-05	7.63E-05	0.000123440867918	0.000102885221865	4.50E-05	0.000134895451382
b3780	0.000378835975596	0.000443332715568	0.000357124382202	0.000385945389464	0.000435521392432	0.0003832883147	0.000513282502848	0.000457599212523	0.000496115910137	0.000461694082273	0.00044830467694	0.000475550783271	0.000423609731621	0.000435133890761	0.000410427765095	0.000354626182889	0.000505762051086	0.000423068116818	0.000505313761981	0.000496193098451	0.000574886287332	0.000526543903982	0.000396517243545	0.000396928614405
b1252	3.17E-05	2.99E-05	3.46E-05	3.46E-05	4.04E-05	4.15E-05	8.07E-05	7.14E-05	3.75E-05	3.71E-05	6.43E-05	5.19E-05	3.42E-05	3.29E-05	3.28E-05	3.28E-05	4.17E-05	3.55E-05	3.40E-05	3.41E-05	4.26E-05	4.08E-05	3.53E-05	3.64E-05
b0801	0.00046038719583	0.000330995925315	0.000411862585712	0.000456547499422	0.000456205577903	0.000445511815595	0.000362619666721	0.00055585245673	0.000401431580565	0.000410839345323	0.00015090073763	0.000331875912641	0.000459115024954	0.000513016157525	0.000483518497873	0.00031904139862	0.000383488391724	0.000453367831837	0.000488023551881	0.000380295830564	0.000456792713698	0.000337684507219	0.000405245244952	0.000291792268597
b0118	0.016486976381255	0.020010035689561	0.014304424435944	0.014310592593843	0.017060793167888	0.013516085720852	0.003125177601463	0.003187204962479	0.004492497761355	0.004640468206381	0.002491291370082	0.002131759936363	0.003644294581189	0.00375047502695	0.00397756621679	0.004312353943694	0.005559690647582	0.005499959158878	0.007328897021423	0.005730889498365	0.008555946607783	0.009267207994756	0.006571370464849	0.006232065872789
b2007	8.85E-05	8.35E-05	0.000166251486472	0.000155131207239	0.000125360837403	0.000162938550502	0.000180012405121	0.000217425526531	3.05E-05	0.000250510208702	0.00012630520058	0.000304415966377	6.59E-05	0.000128710440239	0.000147404632921	0.000175005386839	0.000103667585565	0.000212725522014	0.000213854095588	0.000172274017395	0.000290574110212	0.00011150335318	1.80E-05	0.000137357863872
b0143	0.00010199646297	0.000178960333453	0.000134836765139	0.000147682036303	0.000164059808348	0.000136920999032	0.000208842172096	0.00019739395693	0.000200782840019	0.000183472917053	0.000195852069033	0.000208984033772	0.000187466580834	0.000164485524983	0.00011523499073	0.000114142600789	0.000177804136335	0.000156974692579	0.000218549549016	0.000164443727121	0.000334558254728	0.000186591021133	0.000188339144793	0.000167785793187
b3644	0.000384590479316	0.000319371203086	0.00021313740819	0.000247617659867	0.00031148558661	0.000354499017406	0.000291668675609	0.000295542107387	0.000262116516501	0.000288903057608	0.000245844444804	0.000257394342797	0.000224378251324	0.000262807371187	0.000216875761187	0.000207976287032	0.000265262584837	0.000207553221432	0.000268442222393	0.000234091046064	0.000246692214822	0.000257984837121	0.000247045013157	0.000250475932904
b2946	5.22E-05	4.93E-05	3.80E-05	3.79E-05	3.47E-05	3.56E-05	0.000136023853496	6.46E-05	8.50E-05	7.12E-05	5.73E-05	9.25E-05	0.000106536017699	5.66E-05	9.89E-05	7.31E-05	9.71E-05	8.38E-05	0.000104675653237	8.00E-05	5.54E-05	6.78E-05	5.97E-05	3.99E-05
b1641	0.001115423431079	0.000834417858071	0.000916891645437	0.000957503052716	0.000691346221293	0.000711591962771	0.000951729367903	0.000957756080867	0.001236628669045	0.001209539845553	0.000925496797741	0.000862395461009	0.001004687953115	0.000794784093526	0.001167582791602	0.001418585486744	0.000891033785289	0.000939004574994	0.00073264500774	0.000928876221576	0.000772420206298	0.000718035763283	0.000848014185745	0.000881683500507
b0181	9.71E-05	0.000111210327488	0.000129553946891	0.000172393143956	0.000206242992416	0.000215323037804	0.000245254435071	0.000247902164515	0.000240833715189	0.000248770435769	0.000221786345652	0.000242590726062	0.000275687928991	0.000308182835681	0.000354877876151	0.000349310647806	0.000348594702213	0.000382338783323	0.000268809002012	0.000327333840843	0.000318288841597	0.000207068982382	0.000229392610325	0.000187846542481
b0116	0.005149671997107	0.005742328703642	0.006138279291301	0.004748447114133	0.00632046949857	0.00510883206418	0.003997307525827	0.004362352584451	0.003979461516602	0.004553450351936	0.003939942437688	0.003348845280118	0.005231429006598	0.005016358965347	0.00457215848513	0.004118231070787	0.005976333209178	0.006249002646442	0.004436591737025	0.004972021552678	0.004991089098532	0.004416905281624	0.006565668093527	0.005079549210705
b0424	7.16E-05	4.89E-05	9.15E-05	0.000109369119913	0.000106406566275	0.000102918980952	0.000106676003637	0.000249804913316	0.000111402103693	0.000102560035783	7.65E-05	8.31E-05	9.07E-05	9.94E-05	7.76E-05	7.24E-05	9.58E-05	8.21E-05	7.58E-05	9.40E-05	0.000162503501304	0.000130000456396	0.000104841937476	9.06E-05
b2477	0.000349552718875	0.000320124462772	0.000399452005047	0.000475288053617	0.000283410135747	0.0002924734296	0.000677571923755	0.000591030877806	0.000601451290513	0.000548361205773	0.000485699715116	0.000558538476877	0.000518454975351	0.000425994950899	0.000506625453877	0.000552464952234	0.000591128065565	0.000520982132674	0.000615370220352	0.000497929201037	0.000724683183806	0.000615812927974	0.0005830519741	0.000522837967767
b2310	0.000686612524831	0.000703986424793	0.000944071422184	0.001056911336616	0.001032112865635	0.00090703260344	0.000200239386374	0.00022725267389	0.000179372848545	0.000135459702167	0.000356022001703	0.000363745004802	0.000235432516933	0.000188559586212	0.00028991681466	0.000313669496546	0.00018775850027	0.000162232139025	0.000396689557018	0.000366864316725	0.000369574173769	0.000316197982999	0.000382318966155	0.00028801071435
b2553	0.000135629180581	4.08E-05	0.000122390531764	0.000106908608465	6.21E-05	7.43E-05	8.31E-05	9.49E-05	0.000124168427907	7.79E-05	5.87E-05	9.54E-05	9.70E-05	8.14E-05	9.52E-05	4.93E-05	0.000119324071504	9.26E-05	0.000184322234341	0.000111447528972	0.000192909279343	0.000112448955686	0.000127132098372	0.000108266055043
b0312	0.000112491334855	0.000172604149312	7.20E-05	7.19E-05	0.000153887863953	0.000120174527704	9.71E-05	9.63E-05	6.75E-05	6.67E-05	0.000202195113916	0.000226667336065	0.000170850328712	0.000138237214986	6.76E-05	6.76E-05	6.59E-05	6.63E-05	6.84E-05	6.85E-05	7.23E-05	6.92E-05	9.19E-05	0.000111573804606
b3985	0.001071807013375	0.000434847248746	0.001142426635065	0.001064553165872	0.000438989609196	0.000496726442836	0.002005568703528	0.001070448620107	0.001075341016909	0.00113545103182	0.002883709219173	0.003640202619679	0.000689398901817	0.000488024903462	0.000947769566858	0.001946061589706	0.000783544669421	0.001152329246215	0.00198005121569	0.000918546249719	0.001830058718464	0.001272682649267	0.000768260092633	0.000983320107449
b2249	5.43E-05	5.38E-05	9.23E-05	9.22E-05	7.83E-05	7.17E-05	0.000134711749144	0.00012812297666	0.000144110060134	0.000129174502734	7.91E-05	0.000103677462161	0.000120131015058	0.000136892399645	7.05E-05	6.67E-05	0.00011442187599	7.30E-05	7.63E-05	7.53E-05	8.11E-05	9.44E-05	6.85E-05	7.13E-05
b2498	0.000497414577731	0.000431371551911	0.000504213303552	0.000553092976973	0.000385852840556	0.000351180309414	0.000437809308011	0.000414374856056	0.000661549061364	0.000597911506413	0.001612759094773	0.000743548593481	0.000551102984532	0.000465762910317	0.000913343576174	0.001067085667749	0.000457503939931	0.000380435406877	0.000628939993983	0.000378306654186	0.000685485872013	0.000633689108039	0.000378396664465	0.000393504788997
b3290	9.59E-05	8.99E-05	7.90E-05	9.22E-05	7.22E-05	8.93E-05	6.86E-05	6.81E-05	7.85E-05	7.76E-05	6.90E-05	7.07E-05	6.48E-05	6.24E-05	6.49E-05	6.49E-05	6.33E-05	6.37E-05	8.57E-05	8.58E-05	0.000117007274432	0.000111990657128	9.10E-05	9.46E-05
b1929	0.00031204099993	0.00030094963576	0.000302863943475	0.000321382229778	0.000396083016749	0.000444963804321	0.000131741786489	6.87E-05	0.000320046769094	0.000316517585211	6.09E-05	6.24E-05	5.72E-05	5.50E-05	0.000324388850376	0.000233886186707	5.58E-05	5.62E-05	0.000186137793454	0.000342493637882	6.12E-05	5.86E-05	6.89E-05	7.16E-05
b2764	0.001066863031144	0.002125472338344	0.001163389598653	0.001333538483352	0.001663443473751	0.001298740319825	0.002415407904709	0.002499593592202	0.003328657631776	0.00248557035464	0.003250624774632	0.003782920018721	0.004221900129664	0.003688078402907	0.002391074359293	0.002271952686349	0.003135567465569	0.003455996070004	0.002800593533059	0.003071763838698	0.002276734103477	0.00279590857734	0.002943203025941	0.002404560957331
b0733	0.004185221975715	0.002319714764243	0.004177186386503	0.00558940749051	0.002094596248407	0.003993655761059	0.001618457214517	0.001536909990805	0.001979066270304	0.001588377918222	0.000839673947172	0.000942668269693	0.001789919533146	0.001893222452631	0.001045594733099	0.000954183675937	0.001559179295373	0.001162283042004	0.001388482936505	0.001153590022058	0.001134022602039	0.001287004596528	0.001010673465924	0.001105341089639
b0758	0.000372801954716	0.000413702905086	0.000144046756607	0.000119188831345	0.000211397191501	0.000219112642456	5.35E-05	5.31E-05	5.06E-05	5.00E-05	5.39E-05	5.52E-05	5.06E-05	4.87E-05	5.06E-05	5.07E-05	4.94E-05	4.97E-05	7.19E-05	7.19E-05	5.41E-05	5.18E-05	5.41E-05	5.62E-05
b4243	0.000166151701262	0.000194320707764	0.000430509703293	0.000341801615904	0.00016509981393	0.000220095058845	0.000187049946646	0.000208860145412	0.000198334742728	0.000220207688699	0.000141189431098	0.000191946749024	0.000103498214242	8.24E-05	0.000178417812475	0.000163235749315	0.000169853570581	0.000161426660006	0.000167022020155	0.000182765331813	0.000229612151378	0.000154217587737	0.000173541586889	0.000213133383141
b3926	0.001813469578548	0.001953830077319	0.0014833222977	0.001842048567242	0.001238429854375	0.001471156364553	7.66E-05	7.60E-05	0.000106015010232	0.000104845973386	7.71E-05	7.90E-05	7.24E-05	6.96E-05	0.005838033277835	0.006060939550793	0.000312515411171	0.00024818682475	0.001008220375191	0.000820302045682	0.000848092848172	0.000748903866139	0.000806018890472	0.000707359491101
b4388	5.82E-05	5.49E-05	6.06E-05	6.14E-05	5.91E-05	4.85E-05	0.000131403982096	0.000123990552529	6.00E-05	4.76E-05	0.000142461696557	0.00015262400097	9.52E-05	8.79E-05	6.96E-05	6.97E-05	8.36E-05	7.40E-05	0.000101491900026	5.70E-05	5.32E-05	5.72E-05	9.35E-05	9.22E-05
b3986	0.000122765848722	7.64E-05	0.000290578879731	0.000218094609452	0.000193824845454	0.000126194929436	0.00035194855309	0.000247922947382	0.000270928775296	0.000326246925458	0.000640929365764	0.000876094179258	0.000433623065848	0.000278780863461	0.000175513101026	0.000350074567438	0.000172269959288	0.000257238800709	0.000225749594323	0.000144956912379	0.000263228521637	0.000221033747715	0.000291866240496	0.000353435559685
b0406	0.000109028700488	0.000198861993662	9.24E-05	0.000104992403423	0.000578563009685	0.000132674687675	0.00113916267027	0.001212978349149	0.00018799612571	0.000170773788225	0.00019443290543	0.000440969090955	0.000176102602659	0.000202900883612	0.000186873509662	0.000171658688187	0.000165526076021	0.000170657637255	0.000137015666794	0.000146508225308	0.000322699433955	0.000270315390108	0.000255138411646	0.000220416106298
b1896	0.000139497382436	9.52E-05	7.17E-05	0.000105595569329	0.000107903764183	0.000170470171545	7.18E-05	7.12E-05	6.78E-05	6.70E-05	7.22E-05	7.40E-05	6.78E-05	6.53E-05	6.79E-05	6.79E-05	0.000106167595401	0.000106824914075	6.87E-05	6.88E-05	7.26E-05	6.95E-05	7.25E-05	7.54E-05
b3983	0.000871338631056	0.001056857547302	0.001603355528962	0.001444033201958	0.000809768159325	0.000991186419026	0.002831471277017	0.002309476100743	0.001927941459655	0.001792373952181	0.003845841777416	0.003364957329896	0.002404499565149	0.001309791321466	0.001421789091215	0.001249809160327	0.00116214364197	0.001295228431831	0.001494849412833	0.001549418911938	0.001846539960874	0.001942877844152	0.002657439776444	0.002339186430111
b3001	0.001019045478787	0.000435425219704	0.001020321486471	0.001019365102664	0.000595390734792	0.000876935018323	5.20E-05	5.16E-05	4.91E-05	4.85E-05	5.23E-05	5.36E-05	5.08E-05	4.89E-05	0.000121207377465	0.000132323003371	0.000139330048597	0.000121888597285	0.000125343386288	0.000136145162078	5.26E-05	5.03E-05	5.88E-05	0.000108239211444
b3735	0.000351094579781	0.000134999554682	0.000558793578585	0.000571385369628	0.000380949767417	0.000366945078176	0.000354648230695	0.000271834134422	9.73E-05	0.000145224339687	0.000259350780724	0.000375897388764	0.000171453150608	0.000123327527478	0.000195160436906	0.000263501061101	0.000118144581322	0.000179556687043	0.000384019852612	0.000264697977662	0.000445255150599	0.000270646158808	0.000445397482276	0.000459666457819
b3860	0.00031281890086	0.000206293962363	0.000493294127347	0.000465735882231	0.000325770238681	0.000365342759793	0.00039773946272	0.00036007497176	0.000555717093369	0.000417608068892	0.000490581258788	0.000512773153219	0.000277505394463	0.000268127129492	0.000315202206027	0.00031568524176	0.000263709567782	0.000185640588302	0.000360380928294	0.000343701517221	0.000641121343002	0.000478102445817	0.000347613406046	0.00040881408782
b3307	0.000171235093019	7.19E-05	0.00027675269843	0.000283307942016	0.000125322290187	0.000216796759728	0.00050463739639	0.000474966498679	0.000276500796343	0.000213918932594	0.000427859340578	0.000769888266689	0.000213361642993	0.0002805512133	0.000257817260451	0.000288233118918	0.000134141322421	0.000279744016059	0.000183435573907	0.000361425475356	0.000619396467942	0.000275847955822	0.000175974788842	0.000580438370348
b1635	0.000165689809363	4.11E-05	0.000231588107131	0.000254449140077	0.000189890711078	0.00021715501281	0.000151975840428	0.000172822767854	4.93E-05	8.43E-05	7.41E-05	0.000130075813392	5.76E-05	6.38E-05	0.000129529534234	0.000152352300068	6.18E-05	0.000102647388866	0.000127405311204	8.14E-05	0.000177790066741	6.67E-05	5.14E-05	8.04E-05
b1583	1.87E-05	1.76E-05	1.97E-05	1.96E-05	2.37E-05	2.28E-05	2.46E-05	3.36E-05	3.56E-05	2.87E-05	1.77E-05	2.43E-05	1.69E-05	1.63E-05	1.75E-05	1.75E-05	2.30E-05	2.31E-05	4.22E-05	4.34E-05	1.78E-05	1.70E-05	1.81E-05	1.97E-05
b2518	0.000758580270896	0.000550088548572	0.001337847079643	0.000946835223097	0.000341860213483	0.000379969941989	0.000331127777756	0.000368463669881	0.00020306087455	0.000176823094099	0.000405013119169	0.000486882388901	0.00013275369757	0.000134826244782	0.000494970232614	0.000700018128856	0.000290249310625	0.000366590215834	0.000901322764834	0.000532727356262	0.000906155129643	0.000450065262251	0.000299855058569	0.000559377657575
b3032	0.000120425122571	7.35E-05	0.00010420022103	0.000138623708803	0.000112802221772	8.87E-05	5.57E-05	5.53E-05	3.98E-05	3.93E-05	5.07E-05	5.19E-05	3.98E-05	3.83E-05	6.18E-05	6.18E-05	3.89E-05	3.91E-05	4.04E-05	4.04E-05	7.51E-05	8.92E-05	5.48E-05	5.70E-05
b0923	4.02E-05	3.79E-05	4.48E-05	3.73E-05	0.0001984038501	0.000203632894931	4.29E-05	4.69E-05	4.88E-05	4.97E-05	3.67E-05	4.98E-05	3.35E-05	3.23E-05	4.09E-05	4.09E-05	3.27E-05	3.29E-05	5.34E-05	6.18E-05	6.90E-05	5.18E-05	3.90E-05	7.88E-05
b3972	6.61E-05	6.87E-05	8.03E-05	0.00010071287998	0.000182680484827	0.000161704316503	0.000137129500035	0.000117456075502	0.000104774723617	6.28E-05	0.000171463132543	0.000177915966238	0.000132131228873	0.0002128736008	0.000127646555409	0.000127739977057	0.000115257320698	8.31E-05	4.90E-05	0.000170801119517	0.000145371186794	0.000119261557385	0.000156151054632	0.000179358159946
b0889	0.000604917145838	0.000672460900294	0.000611285649768	0.000610879795478	0.000559465287695	0.000567060767989	0.000613212444992	0.00059971054752	0.000781947730253	0.000588492480387	0.000760800620467	0.000782361505555	0.00060574306227	0.000605019599187	0.00059653340644	0.000639669646552	0.000484825349748	0.000561678941906	0.000606509950085	0.000511778758893	0.000827459268619	0.000738170687759	0.000576671613089	0.00056192907205
b0420	0.000517096072037	0.00035413814746	0.000421936131747	0.000517932568558	0.000438208032245	0.000424161309787	0.000290216917444	0.000320542099117	0.00034191592457	0.000299521199348	0.000193205637473	0.000370934556042	0.000334880522925	0.000317134200826	0.000301085141622	0.000225979124308	0.000381554778223	0.000298441225109	0.000560590811011	0.000379903069594	0.000415979179297	0.000422320065525	0.000359323021465	0.000296641216476
b2393	0.000140717480231	0.000143126822366	0.000163980001619	0.000187290979015	0.000218991267096	0.000171628577976	0.000218705626552	0.000187182939132	0.000118923792658	0.000104960875439	0.000196944100563	0.00027264696362	0.000159355477314	0.000162853634391	0.000237717179337	0.000190407893893	0.000194412416828	0.000153232602548	0.000172533265298	0.00020051128819	9.95E-05	9.52E-05	0.000208742604588	0.000178087445739
b0866	0.000107182254093	8.84E-05	6.86E-05	8.56E-05	0.000103045149958	0.000105884659755	5.67E-05	6.02E-05	3.85E-05	5.25E-05	4.30E-05	5.24E-05	5.79E-05	6.29E-05	3.42E-05	5.81E-05	4.87E-05	6.96E-05	6.55E-05	6.46E-05	6.33E-05	3.96E-05	5.45E-05	4.70E-05
b2064	0.000110875802678	0.000104572440366	0.000108180406176	0.000144571674495	0.000175138855786	0.000182738219772	0.000101847413012	0.000126347009075	9.70E-05	0.000131558604477	9.53E-05	9.77E-05	0.000101561253456	0.000122287624664	0.000108380687184	0.000108460008575	9.99E-05	0.000100475633683	9.07E-05	9.08E-05	0.000109486389486	0.000104792225651	9.56E-05	9.95E-05
b0886	0.00013842964085	0.000130559824714	0.000246752285885	0.000381939879461	0.000209519821936	0.000185099300533	0.000164066925521	0.00015706305653	9.05E-05	0.0001268119458	0.000188554633404	0.000215636200944	0.000138649472436	0.000211920712426	0.000155192387917	0.000131254160268	0.000186233857332	0.000190083106981	0.000141193129681	0.000200416924691	0.000216678494885	0.000168722874533	0.000163515105521	0.000146405356781
b4401	0.000480358774072	0.000497701630397	0.000594649248198	0.000596346083032	0.000581521577033	0.000586811886417	0.000460054693012	0.000551580506848	0.000455361178933	0.000407688479039	0.000329683711631	0.000374459747452	0.00048231249731	0.000656913875288	0.000422659875288	0.000336229224463	0.000528268080602	0.000459029624724	0.000498093929588	0.000494125462783	0.000488726403504	0.000518087067658	0.000468174197326	0.000538133390328
b0415	0.000208325039969	0.000163600368159	0.000231459960376	0.000215880985391	0.000173153389626	0.000189424943685	0.000224818434609	0.000204433394657	0.000223443536563	0.000216452048106	0.000158203864735	0.000216875400822	0.000154045953833	0.000156982546809	0.000272963729832	0.000212813428982	0.000237735422752	0.000213071065529	0.000241650297754	0.000268222131421	0.000300833705149	0.000155611611773	0.000257579398279	0.000263555940449
b3826	4.27E-05	5.33E-05	5.21E-05	5.44E-05	6.17E-05	5.82E-05	7.99E-05	8.16E-05	4.01E-05	4.03E-05	5.18E-05	5.30E-05	4.41E-05	4.49E-05	4.60E-05	4.61E-05	4.59E-05	3.69E-05	5.16E-05	5.16E-05	9.75E-05	6.14E-05	6.96E-05	5.80E-05
b0077	0.000484996563057	0.000461194169019	0.000532509998648	0.000642050497262	0.000789153365165	0.000548369483398	0.000514502373839	0.00056181914353	0.000620503332671	0.000591259646455	0.000497471196388	0.000562123798088	0.000663720914448	0.000783780738416	0.00056366017781	0.000538620646823	0.000763128422838	0.000620760058777	0.000589019149781	0.000633209342249	0.000644814673906	0.000582686002497	0.000604079886429	0.000531259247363
b1827	0.000150555371498	0.000138101789062	0.000222020181361	0.000250423518784	0.000163599033176	0.000193568323796	0.000172888179928	0.00017811457827	0.00011453925758	0.000102595893501	0.00012451964534	0.000170808404773	0.000124153285797	0.000127607309522	0.000112738583801	0.000101998140793	0.00013556009211	0.00011870607242	0.000195849151617	0.000121555649278	0.000163705334199	0.000106023457499	0.000144529075132	0.000128828264595
b1114	0.000501829819185	0.000752093887811	0.001403317556566	0.000639307955504	0.001702577950261	0.0005004765276	0.002047119024626	0.002546627373833	0.000507125013616	0.000931618378428	0.000466523821706	0.000507342062496	0.004107836878072	0.004657543536698	0.000519207436472	0.00094973768443	0.000754237614469	0.000583453539748	0.001120753159755	0.000780619827277	0.000658538797045	0.000643375165051	0.000607428592386	0.003484485835913
b3962	0.000922217925483	0.000892935601992	0.001021119941102	0.000988832709709	0.001105672840973	0.000888890746956	0.000228437826729	0.000228482378406	0.000199474190463	0.000134480130099	7.49E-05	7.67E-05	0.000232858120536	0.000219643624237	0.000198074621474	0.000162742786609	0.000301377191805	0.000319261424372	0.000718715164412	0.000606747127185	0.000404470881932	0.000339890425173	0.000456657718885	0.000336797375423
b3311	0.000296021385611	0.000210749584138	0.000723623847187	0.000488682310622	0.000410977564183	0.00047942871558	0.000827742740941	0.000999828734413	0.000676084441504	0.000567702063432	0.000197250278714	0.001087667257333	0.00135277570816	0.001074398094271	0.000551880594578	0.00036024084201	0.00052175581104	0.000624889483215	0.000506852290834	0.000561743037449	0.000446779023298	0.00046828257966	0.001332737680433	0.001679838977415
b1629	0.00010091290824	9.52E-05	0.000110043205537	0.000109891817624	0.000217122664968	0.000148274335987	0.000178527002663	0.000150555076227	0.000103971696092	0.000102825191051	0.000237460669119	0.0002862097621	0.000177540277246	0.000109356783789	0.000104997081199	0.000105073926206	0.000101576865701	0.00010220576165	0.000105462604444	0.000105517105974	0.00011324346996	0.000108388223534	0.000204612016093	0.000168087665524
b0683	0.000331666317909	0.000304433502959	0.000399449813519	0.000440686153909	0.00026193349833	0.000276829351157	0.000298223947655	0.00033058620129	0.000286077983372	0.00035460453879	0.000214976204861	0.000339757771733	0.000240926126905	0.000251820971984	0.000379972855645	0.000273861392776	0.00027555466996	0.000314504697314	0.000324712218356	0.000361473143744	0.000352512706381	0.000238318490463	0.00031726877006	0.000328715028087
b3302	0.000211466186237	0.000206362088635	0.000240182152168	0.000217170181246	0.000192613295275	0.000168750894194	0.00045273168266	0.000430357533768	0.000411226639732	0.000338157917381	0.000345512912922	0.000552491772655	0.000521682243352	0.000466697247922	0.000255889109691	0.000268008520043	0.000224837731365	0.000242068663743	0.000266849085604	0.000213517237245	0.00036473709784	0.000276589492677	0.000546859388615	0.00056750443319
b2215	0.01261745491613	0.011392324272115	0.011285675739141	0.012158723876194	0.00957763989586	0.01218639775978	0.013316045648432	0.012141155189491	0.004990115694557	0.006182457748263	0.004115869522216	0.00343417957105	0.009621591977982	0.009533954901952	0.007139804664707	0.007530807084211	0.006334763135979	0.005893956476463	0.00385593808087	0.003994550009007	0.006301894930354	0.010155978462462	0.00648544542794	0.005765947643625
b2687	0.000324279083234	0.000213063942026	0.00033077586381	0.000372812993888	0.000248386375271	0.000270262300906	0.000516810400029	0.000534025018373	0.000582732377381	0.000568982379041	0.000538095043449	0.000656404375302	0.000506851341109	0.000447578770736	0.000338617813269	0.000355830127655	0.000353906592281	0.000377937851993	0.000500515028807	0.000405429126188	0.000517679471153	0.0004924471527	0.000489871265829	0.000391778884899
b1539	0.000657146893371	0.000594506847781	0.000427447745587	0.000537968768964	0.000448806219493	0.000574982991315	0.000443295750712	0.000490180004186	0.000567784988737	0.000535386089994	0.00035131956528	0.00043677586733	0.000452421629231	0.000451166896588	0.000668528826218	0.00067437501401	0.000657699054864	0.000604263851036	0.000426523176855	0.000524388319314	0.000529626719501	0.000504483640649	0.000378522000144	0.000389342128347
b2282	0.000169713826222	0.000230523202072	0.000213476910582	0.000211514474287	0.000250755890993	0.00021584163088	9.36E-05	0.000125248414109	0.000108940907047	0.000111252854104	5.43E-05	0.000131023896021	0.00014579443914	0.000149351182204	9.92E-05	7.60E-05	9.87E-05	0.000115238767419	0.00022621099822	0.000201892499077	0.000229583866227	0.000166322991418	0.000266336149394	0.000234393053646
b1422	6.57E-05	8.46E-05	7.98E-05	7.96E-05	0.000188662932711	9.72E-05	5.97E-05	7.27E-05	4.66E-05	4.61E-05	4.58E-05	4.69E-05	6.19E-05	5.08E-05	4.30E-05	4.30E-05	7.82E-05	8.09E-05	7.61E-05	8.98E-05	0.000120095924151	8.88E-05	0.000108602788632	7.12E-05
b2834	0.00014090093386	9.99E-05	0.0001469881341	0.000156985546454	0.00011319161399	0.000127833966489	0.000168798356135	0.000200145310857	0.000209785845912	0.00024647735249	8.68E-05	0.000192878267101	0.000171775877408	0.000185418504516	0.000187399682482	0.000129930229497	0.000235286901557	0.000191374650187	0.000122143803408	0.000175858746504	0.000203593548441	0.000119155613971	0.000167801807149	0.000132042637211
b0778	6.59E-05	6.21E-05	5.15E-05	4.23E-05	0.000136857581549	5.77E-05	6.88E-05	8.57E-05	8.89E-05	8.79E-05	0.000106268674771	7.87E-05	4.77E-05	3.27E-05	6.64E-05	6.64E-05	3.32E-05	3.34E-05	6.75E-05	0.000103858024886	0.000119765374286	8.71E-05	7.31E-05	5.30E-05
b0633	8.65E-05	0.00010108266736	0.00015236725273	0.000151725373039	0.00011942951885	0.000118518304799	0.000162371788509	0.000156417608227	0.000162773589803	0.000158147387946	0.000153871757521	0.000148709982872	0.000134688171143	0.000103165947261	9.91E-05	9.30E-05	0.00011747024623	7.80E-05	0.000170085812775	0.000113310787811	0.000253652451429	0.000239842122556	0.000198115257801	0.000174643999659
b2020	0.000511132443449	0.000502773979986	0.000764267591685	0.000815796833822	0.000678312562329	0.000671753406695	0.001207660512449	0.001130422066892	0.001237670340229	0.000811542283928	0.001349660233527	0.00117696321325	0.000944142468015	0.000580571920431	0.000752332073966	0.0007287098668	0.001078574896177	0.00108080697732	0.001050514199515	0.001202519465265	0.001686400014843	0.001997399484417	0.001696959782813	0.002055293608801
b0115	0.003218752145095	0.004423089639565	0.003373510034392	0.003307201617946	0.002873781343478	0.003040308964015	0.005907892990534	0.006872106216309	0.007137571232962	0.007541138432659	0.005565216529505	0.005371217767465	0.006332806210097	0.005268621053215	0.005296181016403	0.00628614789663	0.008356682934195	0.008289464877617	0.005278880636862	0.005084233689224	0.007028310827695	0.007695146756449	0.005718438342481	0.004638694456757
b0710	0.000378313454303	0.000195840934194	0.000455657425461	0.000415381889921	0.000252493455769	0.00037461582999	0.000374502101816	0.00036551285768	0.000385091486354	0.000316791201046	0.000357649299079	0.000337610567826	0.000309201684667	0.000269749503371	0.00046606540044	0.000397972803459	0.000433485032354	0.000373077081573	0.000295486946402	0.00033579191604	0.000470576045373	0.000333218157715	0.000327180870238	0.000303091024542
b3661	0.001037945602792	0.000934320461487	0.00023621338604	0.000284692925661	0.000896704440233	0.000731305594628	0.000403652320298	0.000385776737372	0.000237610358391	0.000179810321149	0.000117567949423	0.000132703198921	0.000167873265616	0.000167950101453	0.000452466017972	0.00045922438086	0.000569848670915	0.000496149022111	0.000505128625602	0.000601065497778	0.000739865013638	0.000660473897891	0.000438910513102	0.000402946307169
b2958	3.19E-05	3.01E-05	4.02E-05	4.02E-05	3.17E-05	3.26E-05	3.66E-05	3.87E-05	3.28E-05	3.25E-05	4.30E-05	5.38E-05	3.29E-05	3.16E-05	3.49E-05	3.49E-05	3.21E-05	3.23E-05	3.62E-05	3.62E-05	5.77E-05	5.52E-05	3.85E-05	4.00E-05
b0170	0.001866731887388	0.00231965504776	0.002909042871336	0.002901186163705	0.001484657027029	0.001677447853401	0.004659024761114	0.00456458833115	0.003939463082444	0.003620264429711	0.005345442143664	0.005041967978973	0.003200975922579	0.002146074566176	0.003833268472193	0.003411431035018	0.003862327830844	0.00261059951696	0.003787781639592	0.004347281301338	0.003804325617246	0.005900662170941	0.004889473513399	0.004921361416304
b2499	0.000406579973439	0.000459202854758	0.00041233473326	0.000454642236948	0.000630307494603	0.000559228713601	0.000827043064255	0.000840203969052	0.0008799793047	0.000800764857182	0.000836874205847	0.000858692736153	0.000812108654986	0.000790783506852	0.000912222845093	0.000874652122642	0.001033535815191	0.000791992848418	0.00083637760182	0.000789527832329	0.000827311375688	0.000919902524072	0.000729696582634	0.000703894982187
b3999	4.54E-05	3.36E-05	3.44E-05	3.72E-05	5.31E-05	3.86E-05	0.000134365972115	0.000124287730357	4.19E-05	5.04E-05	6.83E-05	9.15E-05	5.70E-05	5.29E-05	9.53E-05	7.24E-05	5.44E-05	6.52E-05	6.72E-05	6.88E-05	5.78E-05	5.13E-05	6.40E-05	6.74E-05
b2323	0.001705122144283	0.001512110345258	0.001571369429969	0.001659521786835	0.001642612528552	0.001773932869	0.002019744488701	0.001780999558335	0.001897053681499	0.001543620254325	0.002213465177197	0.001770241138386	0.001595857288789	0.001462968799153	0.002632743368041	0.002406155273865	0.002254881001768	0.002221364947064	0.001677424171113	0.002039305062429	0.001434638384286	0.002044933965512	0.001672547632358	0.001488859708066
b0572	0.000571602859472	0.000661471580997	0.000681882838892	0.000921244148623	0.000310954113441	0.000391461036144	0.001005731065705	0.000732191754451	0.000912154851908	0.000812157695919	0.000620684555183	0.000568892059925	0.000582386822816	0.000541172730997	0.0005875862421	0.000521034036256	0.000907736631973	0.000946207413751	0.000983582888387	0.000861218786848	0.000968273195851	0.000844193251409	0.000559469684516	0.000651258815596
b0026	0.001834598816463	0.002669844564989	0.001691416998443	0.001840459475893	0.001815646008726	0.001720239120479	0.00290370856237	0.003376186758977	0.003663342897565	0.003322814463546	0.002679697235286	0.002750312500625	0.004039041427332	0.003991050644424	0.002492810090127	0.002820417842982	0.003781064287681	0.003712853878323	0.003167081861554	0.003160643925314	0.003877808278713	0.003048481518317	0.002537853876488	0.002012249854134
b0413	7.40E-05	1.96E-05	6.16E-05	6.15E-05	3.74E-05	4.51E-05	5.76E-05	5.35E-05	7.77E-05	4.66E-05	4.32E-05	5.95E-05	3.78E-05	3.34E-05	4.95E-05	4.52E-05	6.15E-05	5.44E-05	9.08E-05	6.31E-05	7.10E-05	8.72E-05	4.52E-05	3.65E-05
b3725	3.81E-05	3.59E-05	7.90E-05	6.25E-05	3.55E-05	3.64E-05	4.89E-05	8.48E-05	4.97E-05	4.91E-05	4.86E-05	0.000117786902771	3.67E-05	3.53E-05	3.67E-05	3.68E-05	4.02E-05	4.04E-05	3.72E-05	3.72E-05	3.93E-05	3.76E-05	7.92E-05	5.21E-05
b0131	4.01E-05	4.82E-05	8.63E-05	3.27E-05	6.98E-05	6.75E-05	0.000113006888094	0.000140507733529	0.000242576801262	0.000188164188651	7.57E-05	0.000179931998405	0.000181095290108	0.00010842964405	9.01E-05	0.000137190682447	7.16E-05	0.000110262137346	8.00E-05	0.000120107636289	0.000185070615459	4.00E-05	0.000127845445425	0.000124567173373
b2284	0.000983842055826	0.000729739492277	0.000648717536	0.000734126062194	0.000650324459163	0.000823667790408	0.000396399506063	0.000343169637791	0.000717675874947	0.000743762574774	0.000516430360735	0.000432299166142	0.000311876442291	0.000378588292608	0.000640171983413	0.000507667228397	0.000479150941751	0.000520137744524	0.001013487034263	0.000960584414588	0.001001222886397	0.000585992527489	0.000629580540252	0.000655314974416
b2132	0.000218048135213	0.000320550618589	0.000321527705139	0.000349925378924	0.00039752654572	0.000319542627564	0.000403474683969	0.000391824036506	0.000367455874636	0.000368800994093	0.000259801684964	0.000297947746656	0.000372374408532	0.000420338603159	0.000370720030428	0.000326326545577	0.000468289181034	0.000420225050558	0.00046498370094	0.000419993886819	0.000404325895729	0.000340365282277	0.000303457081276	0.000265000501807
b1875	2.58E-05	2.43E-05	3.89E-05	4.52E-05	2.84E-05	2.91E-05	5.21E-05	5.80E-05	2.66E-05	2.63E-05	5.25E-05	5.37E-05	4.05E-05	3.96E-05	2.66E-05	2.66E-05	2.60E-05	2.61E-05	2.70E-05	2.70E-05	2.85E-05	2.72E-05	4.50E-05	4.68E-05
b3303	0.002211602402968	0.001730089624222	0.001498836578924	0.001638909396834	0.001396418581532	0.001364873585731	0.004172086466563	0.003500985736422	0.003584856073217	0.003328663604245	0.004737824809645	0.004274078299311	0.004251310518365	0.002915116424759	0.003342598697227	0.003479815838265	0.00330324619475	0.003212059157303	0.003257788152563	0.003466036029453	0.002992352801242	0.003306784643775	0.003766786228832	0.003694250753269
b1729	0.000454493525862	0.000359720900393	0.000415912253851	0.000425429310448	0.000614834823226	0.000411043843545	0.001750612205075	0.001585262047464	0.001330564907739	0.000927261142975	0.002103189541076	0.001870393337738	0.001101504291358	0.000973178508812	0.001543330101451	0.001416374712394	0.001208731449291	0.00146540105476	0.001225384795016	0.00115874314066	0.000928211803644	0.000866667042655	0.000979369542934	0.000754860931517
b3847	0.000660227272739	0.00085695359778	0.000789412430262	0.000827049203944	0.000790472105689	0.000806421328688	0.000688916973188	0.000690029854808	0.00060860658986	0.000558091720799	0.000432442860009	0.000487221748029	0.000575824202136	0.000637558204275	0.000726675004561	0.000815436157063	0.000695021856185	0.000833707165726	0.000784840289958	0.000687575724512	0.000575191692247	0.000510165914842	0.00051281406959	0.000498628288658
b3417	0.000911524051258	0.00080822947678	0.000933437433064	0.001045805090101	0.000721149415717	0.000785191642986	0.000444925837475	0.000419795714909	0.000630377129642	0.00051610689209	0.000369054109948	0.00042980108408	0.00056780619093	0.000750344823813	0.000514712987247	0.000490373298055	0.000972457064611	0.000925141611306	0.000669436012301	0.000654764434135	0.000206060064932	0.000248807380002	0.000599193065219	0.000552906507939
b4371	9.07E-05	7.43E-05	6.73E-05	6.72E-05	0.000112205013901	8.95E-05	0.000161923255625	0.000151221124187	0.000113579964121	8.27E-05	0.000114063266591	0.000142378396909	0.000123133408456	0.000133830735806	0.000107995465205	9.86E-05	0.000121379198621	0.000116487694841	0.000111049493738	0.000101535877631	0.000127373647856	0.000163531010412	0.000151710943532	0.000119922115662
b4328	6.61E-05	5.82E-05	6.97E-05	7.62E-05	0.000138971924816	0.000167962248552	0.000116608904252	0.000103496160494	0.000112828473078	0.000200586069527	7.40E-05	9.68E-05	0.000187338543907	0.000216399422089	0.00022777690909	0.000187111194871	0.000132538019832	0.000231066892485	6.99E-05	0.000161307390534	8.87E-05	0.000147809586638	0.000169009737764	0.000180736709074
b2411	0.000149482891257	0.000265814885337	0.000123953737622	0.000146674628871	0.000278456259949	0.000244398621751	0.000552863721318	0.000503171907049	0.000478886945123	0.000418867809694	0.000479628374303	0.000512400510289	0.000449654953813	0.000471110421328	0.000503679204766	0.00053459618998	0.001183355662732	0.000507814134073	0.000546778341583	0.000527523019029	0.000332528798096	0.000233563818898	0.000301939674671	0.000270285576379
b0684	0.000410432457347	0.000215011301923	0.000496968005992	0.00046650271441	0.000190929546966	0.000318490970255	0.000485958791035	0.000622406205907	0.000484389785881	0.000379494806719	0.000183400247366	0.000590689975617	0.000428677351817	0.000337765090318	0.000600116428126	0.000532653620283	0.000447175389012	0.00038334044707	0.000434609573079	0.000446185265809	0.000602962001677	0.00048030048673	0.00047358919975	0.000637209711682
b4233	0.000175669141009	0.000174140487022	0.000235858542947	0.000241853275923	0.000246488330572	0.000204437504272	0.000357346627602	0.000371207203037	0.000227193515773	0.00018061063696	0.000184217171557	0.000240364150342	0.000304677487792	0.000365266028407	0.00028521919541	0.00031102930205	0.00034674683923	0.000300272953903	0.000337407270131	0.000279663219108	0.000355147789761	0.000276952060043	0.000308045147911	0.000300398399401
b3605	0.00025218764559	0.000342709484042	0.000232127730693	0.000215567037336	0.000388122795288	0.000332730199968	6.01E-05	5.97E-05	6.57E-05	6.63E-05	6.05E-05	6.20E-05	7.46E-05	6.77E-05	6.30E-05	6.30E-05	5.64E-05	5.68E-05	8.03E-05	8.03E-05	6.38E-05	7.16E-05	7.62E-05	6.32E-05
b4015	0.037387629234024	0.0308716571233	0.031608806017837	0.035307771020568	0.057531219247622	0.051678629378534	0.002464062190582	0.00232790003826	0.004541922848937	0.004049825351474	0.004810507437165	0.003180956330109	0.003644417916411	0.002961834679539	0.004649109983145	0.005566510177519	0.002935098660194	0.002345409187381	0.004492007052464	0.005038840709502	0.006174402748689	0.005274640630851	0.003719372703056	0.003421537364164
b0154	0.000778800194835	0.000702844828399	0.000510709409737	0.000575325316367	0.000620996223769	0.000614302067444	0.000788277892958	0.000717386177126	0.000791035402444	0.000740263283991	0.000909494482673	0.000814629622552	0.000663152520816	0.000602620432837	0.000807528227047	0.000981039909794	0.000954426649994	0.000716363866362	0.000728158490465	0.000694917828561	0.000786433531384	0.000748153748336	0.000565161404345	0.000476668672803
b3609	0.000706491963742	0.00035694881257	0.000485444037083	0.000466467744264	0.000393070358953	0.000466401645403	0.000300403834778	0.000289032970572	0.000324978458351	0.000324188011291	0.000286967794337	0.00024074966888	0.000205622777816	0.00015626267624	0.000287925833548	0.000355500510177	0.000227358886039	0.000137889217102	0.000182007819573	0.000305541347114	0.000476581450943	0.000382600905565	0.000395434100885	0.000336055025669
b1333	0.000363333530427	0.000199479788911	0.000597605147452	0.000670404075044	0.000234041605138	0.000359156285845	0.000385614271821	0.000359803076892	0.00039107934109	0.000462965721759	0.000191197882383	0.000250695099928	0.000272665092448	0.000286986714327	0.000242780987017	0.00018563134564	0.00030983901335	0.000379464135533	0.000326428211947	0.000430065332328	0.000297199431024	0.000214639500712	0.000237604014308	0.000295124159221
b2927	4.77E-05	5.47E-05	0.000114868778631	0.000123303317814	6.80E-05	5.89E-05	7.06E-05	8.63E-05	7.24E-05	8.48E-05	9.66E-05	0.00011717678699	0.000111487426139	0.000124452598047	6.55E-05	6.56E-05	9.85E-05	8.67E-05	0.000108850374673	0.000108906626953	6.88E-05	5.29E-05	0.000124316141884	0.00010532225137
b1247	0.000186104885485	0.000132849561774	0.000254000663119	0.000269075968023	8.35E-05	0.000107418234733	0.000450213968068	0.00046086708082	0.000537942630666	0.000556466343364	0.000200909897446	0.000273114793227	0.000380222067463	0.000511293821442	9.74E-05	8.65E-05	0.000292281333866	0.00032039176036	0.000331012415523	0.000331183477892	0.000336966239751	0.000345793580545	0.000391445804221	0.000389493628049
b0167	0.0001342938954	0.000126659199113	0.000142901394524	0.000153319210007	0.000128396688863	0.000131780655665	0.000140581570641	0.00013951899577	0.000142827870839	0.000141252895341	0.000141525042307	0.000144992311839	0.000137385466409	0.000161149313958	0.000132977378442	0.0001330747016	0.00013081691941	0.000131626850197	0.000134689368721	0.000134758974214	0.000203194311071	0.000194482475828	0.000141993611851	0.000147662946103
b3781	0.000156108524706	6.88E-05	0.000295115505538	0.000259485808646	8.88E-05	0.000119270653576	0.000250249147276	0.0002751267475	0.00021565474935	0.000296245924998	0.000325710655213	0.00046365395989	0.000143999009503	0.000115832607557	0.000204884899027	0.000149069362412	0.000120303047716	0.000156717165977	0.0002085667872	0.000168454441292	0.000328036070236	0.000315027085937	0.000205842694754	0.000222360479728
b2167	0.000253702312118	0.000239279168799	0.000104824299186	0.000179546232019	0.000229114432086	0.000235152871542	0.000300630760689	0.000292430814807	0.000204349875073	0.000376296227145	0.000209782745103	0.000278577608876	0.000389028263388	0.000421859818687	0.000146265031999	0.000138205397511	0.000303751290835	0.00026742792604	0.00046542662215	0.000235378203129	0.000372657091746	0.000252567745481	0.000193719558999	0.00026558486819
b2913	0.002199884535094	0.001574624175358	0.002463125775746	0.002385955280809	0.002287085882779	0.002058780485247	0.004900206632975	0.005137841223569	0.005025151173192	0.006626159145471	0.005576026708953	0.005494475744362	0.005927955650078	0.005434741595559	0.004771591124034	0.004961802274857	0.005432422036498	0.005109697503603	0.003963302677514	0.003075638692434	0.004652584744281	0.005890915902049	0.004200885553318	0.004923790889334
b0431	0.002056215973071	0.002806596328576	0.002808395902601	0.002287141535464	0.002550858772498	0.002409767099623	0.000821148921027	0.001075519502344	0.000623243691615	0.000572287367767	0.001347533247834	0.001739843102237	0.001083042516256	0.001342128837476	0.002234423940511	0.001764155729774	0.002209100296979	0.00190569316863	0.001692665964576	0.002089988801839	0.002339644924358	0.001954327889163	0.002157991606171	0.002108061848327
b3670	0.000120643841099	6.90E-05	0.00020854780506	0.000214273349269	9.69E-05	0.000120117097325	5.22E-05	3.78E-05	4.08E-05	4.49E-05	9.96E-05	0.000120132917006	2.90E-05	3.03E-05	2.73E-05	2.98E-05	2.97E-05	3.99E-05	2.59E-05	4.61E-05	5.04E-05	3.26E-05	5.07E-05	5.88E-05
b3255	0.000207392561587	0.000324116937631	0.000200750265348	0.000179715507798	0.000112716012155	0.000112979528716	0.000207549128229	0.000179420761447	0.000382439716976	0.000286499512726	0.000229099705798	0.000203933784957	0.000240287033152	0.000160556266436	0.000260610051584	0.000195190525543	0.000297945243973	0.000227211085375	0.000337934513069	0.000290493344057	0.000441605899236	0.00046145300601	0.000299865803292	0.000320736564877
b3936	6.71E-05	7.11E-05	0.000154065468289	0.000133635878646	0.000138431705285	0.000138249349633	0.00019824741578	0.000261731118831	0.000292845718353	0.000238377948685	0.000215394191467	0.000282770106612	0.000256645684184	0.000217285336731	0.000122925733566	9.03E-05	0.00012721162862	0.000110882080228	7.31E-05	0.000101851860424	0.000176047757501	0.000141764979714	0.000233902247474	0.000280919725998
b2278	0.000442022359984	0.0001232784042	0.000145600781115	0.000229579699214	0.000448069976092	0.000275927467084	0.000114215936606	0.000186385220543	0.000118018367845	0.000116716968918	0.000177489708159	0.000181838088115	0.000139154071235	0.000195885608095	0.000176921103346	0.000186483611057	0.000263845997773	0.00027615567709	0.000331958503542	0.000328456049803	0.00039321455938	0.000339239770381	0.000191239590698	0.00024718490757
b2316	0.000433876528051	0.000324442984042	0.000514641957971	0.000546942412501	0.000379933545615	0.000408327029716	0.000741245340464	0.000744418515726	0.00078402362931	0.000693853890954	0.000755121991462	0.000749037374542	0.000535077892767	0.000401377115005	0.000700059665882	0.000775178395202	0.000790799265485	0.000709307622473	0.000782373956797	0.000867173862476	0.000713403887596	0.000768448492954	0.000632969766168	0.000555265618016
b3190	2.54E-05	1.35E-05	3.31E-05	4.01E-05	1.42E-05	1.46E-05	3.56E-05	3.83E-05	2.41E-05	2.64E-05	4.53E-05	6.05E-05	2.80E-05	1.48E-05	2.16E-05	2.27E-05	2.87E-05	1.86E-05	3.21E-05	2.10E-05	5.35E-05	3.44E-05	3.63E-05	3.51E-05
b3771	0.000657111099605	0.000699511259986	0.00044596316383	0.000490639440871	0.000830746211998	0.000676867955061	0.001390461724861	0.001374699355815	0.00152331503137	0.001519936819011	0.001233858128255	0.001319453992079	0.001085183875772	0.001545027286824	0.000844649603811	0.000770116964832	0.000959359210603	0.000838932516424	0.001222073475897	0.000944389240262	0.001571299390695	0.001467321056995	0.001118043757915	0.000882337030061
b3167	7.08E-05	6.68E-05	0.000124102115647	0.000108570876802	3.19E-05	4.98E-05	0.000142148314754	0.000113830844941	3.27E-05	5.36E-05	0.000145390529838	0.000234428876055	3.74E-05	3.80E-05	6.32E-05	0.000112379747976	3.65E-05	8.34E-05	0.000150094267466	7.09E-05	0.00018397791912	7.43E-05	3.50E-05	6.12E-05
b4064	0.000195334578892	0.000184229679599	0.000149210955482	0.000149005683971	0.000263004200479	0.00020962049321	0.000414540679605	0.00041140740611	0.000375610321303	0.000388711662901	0.000150257426672	0.000153938633821	0.00034955609435	0.000327103172186	0.000216512868703	0.00021467435883	0.000528537341914	0.000440236567656	0.000266798545628	0.000324570423675	0.000575767633011	0.000467832303394	0.000337200907103	0.000350664221596
b0586	0.000708891648065	0.000668590691592	0.00019653306061	0.000196262687444	0.000631426185823	0.000400819170358	0.000240825260816	0.000227623811245	0.00032340933651	0.000252507689447	0.00019791141909	0.0002027601174	0.000360906643757	0.000385869312088	0.000185958196834	0.000186094295463	0.000181412493446	0.000182535678155	0.000188352277909	0.000188449615608	0.000198905661214	0.000190377699283	0.00019856667601	0.00020649478519
b2909	3.10E-05	6.82E-05	0.000130273229666	0.000144277192693	4.00E-05	5.79E-05	0.000108022063802	0.000124708540482	0.000110823269126	0.000109601211186	0.000160531318133	0.00016016946399	5.49E-05	6.21E-05	3.20E-05	3.20E-05	8.59E-05	8.64E-05	8.45E-05	8.45E-05	0.000303840417818	0.000157741384994	4.01E-05	0.000132759840026
b3469	0.00010891036105	0.000102718735387	0.000101038237342	0.000100899237685	0.000306885158647	0.000350709045027	0.000101068563782	0.000100304644901	0.00015575634589	0.000202900579059	0.000473926143098	0.00048553701881	0.000139985149471	0.000134642909042	0.000279257504131	0.00028785413527	0.000120262387022	0.000348203733482	9.68E-05	9.69E-05	0.000130064998023	0.000124488538586	0.000102083725133	0.000106159589899
b4207	0.000368458829662	0.000395604840284	0.000458170301428	0.000523560861503	0.000354204532726	0.000313802358457	0.000562119155557	0.000571098539239	0.000655389639948	0.000545443075155	0.000630144739879	0.000590330279693	0.000546500484082	0.000466203491083	0.000594268130516	0.000604165901438	0.000588729627612	0.000484561985521	0.000646369067422	0.000722626831871	0.00062189938274	0.000481302021816	0.000425370856931	0.000525817619462
b2573	2.62E-05	2.47E-05	3.93E-05	6.70E-05	2.61E-05	2.68E-05	3.53E-05	4.97E-05	2.70E-05	2.67E-05	4.54E-05	4.54E-05	2.70E-05	2.60E-05	2.96E-05	4.43E-05	2.63E-05	2.65E-05	2.73E-05	2.74E-05	9.17E-05	8.78E-05	2.88E-05	3.00E-05
b1480	2.89E-05	1.33E-05	2.93E-05	2.24E-05	4.12E-05	3.36E-05	1.43E-05	1.42E-05	6.50E-06	6.43E-06	9.06E-06	9.28E-06	7.17E-06	1.24E-05	1.05E-05	1.05E-05	9.12E-06	9.17E-06	6.59E-06	6.59E-06	6.96E-06	6.66E-06	6.95E-06	7.23E-06
b0423	0.000172696259291	0.000197976731219	0.000218757064392	0.000275444669723	0.000267054366402	0.000207501874639	0.000441451060433	0.000434337538754	0.000399595622026	0.000260102067419	0.000274565953118	0.000355867893739	0.000352618344493	0.000348390284643	0.000256183158357	0.000262374649618	0.000400341552019	0.000274435983455	0.000280142613827	0.000279071390085	0.000475524312411	0.000542355628818	0.000303022502681	0.0002931359877
b1221	0.000123505163464	0.000137011698883	6.40E-05	6.56E-05	0.000319458305884	0.000167691255036	0.000175577658097	0.000192881131897	0.00010534527573	0.000201404481253	0.000133678669676	0.000181086400151	0.000156087301204	0.000160423787923	6.50E-05	9.77E-05	9.40E-05	8.28E-05	0.000106326891101	0.0001219950943	0.000153902235675	0.000124847295922	0.000176783533186	0.000223278033962
b2837	0.000387255739845	0.000365239996314	0.000180127207855	0.000187997477325	0.0002255427132	0.000167697701082	0.00018403312889	0.000193260857213	0.000258719457023	0.000186702612116	0.000132272886848	0.000211877761121	0.000188567881676	0.000126493056737	5.87E-05	5.87E-05	0.000124010495971	0.000124778285941	0.000105381797964	0.000105436257734	0.000277566326312	0.000143815982521	0.000174642256733	0.00014700037577
b3228	2.34E-05	2.20E-05	8.00E-05	8.44E-05	4.16E-05	4.58E-05	6.76E-05	6.44E-05	0.000206581364392	0.00020430337351	8.17E-05	9.39E-05	3.15E-05	3.31E-05	2.93E-05	9.49E-05	2.35E-05	2.37E-05	2.44E-05	2.44E-05	7.74E-05	6.61E-05	9.09E-05	9.45E-05
b1186	0.000109205850014	0.000153364298572	0.000134790177853	0.000156821062368	0.000304273811305	0.000189584623932	0.00010014119969	0.000113674841753	9.52E-05	9.42E-05	9.88E-05	8.24E-05	0.000158422030626	0.000152376185191	0.000235882493772	9.98E-05	0.000117776111749	0.000103920034575	0.000181227511963	0.000133010683563	0.000227141595819	7.35E-05	7.67E-05	7.97E-05
b1084	0.001774050149174	0.002278091088697	0.001798228195184	0.002178322181723	0.0026168680563	0.001811437956322	0.001971962416125	0.001829835220295	0.001829111783564	0.00174142515743	0.001433295513227	0.001540142988401	0.003210583273823	0.003381981678855	0.002149090543961	0.00168464331133	0.00275849456265	0.001956323344213	0.002670644973306	0.002326910332613	0.002228353363257	0.002169791618905	0.00329482180134	0.001655889347951
b1059	0.000265637851363	0.000190554379406	0.000207110738978	0.000219546308211	0.000158614060375	0.000139790863198	0.000169419298714	0.000175164052334	0.000233126521047	0.000252597479242	0.000146326858861	0.00015769939411	0.000123595441003	0.0001180203497	0.00034372295125	0.000291708256984	0.000341852948335	0.000364125645867	0.000203463200248	0.00015290244734	0.000275502432538	0.000246781337919	0.000145858006244	0.000150194558121
b4135	4.80E-05	4.53E-05	6.55E-05	7.73E-05	3.37E-05	3.46E-05	2.91E-05	2.89E-05	2.75E-05	2.72E-05	4.36E-05	4.46E-05	2.75E-05	2.65E-05	2.75E-05	2.75E-05	2.69E-05	2.70E-05	2.79E-05	2.79E-05	7.37E-05	7.06E-05	2.94E-05	3.06E-05
b2601	0.001622894184933	0.000796284564068	0.001532511723658	0.001643038258384	0.001806965318927	0.002474883631514	0.000428462009622	0.000506980175701	0.000546366998156	0.00037681755978	0.000344799573586	0.000572121505055	0.000499924627349	0.000501203630039	0.000145682773513	9.28E-05	0.00022598985889	0.00020203121003	0.000197745329288	0.000195272499211	0.000426256681549	0.00035638738557	0.000348202209873	0.000306143123659
b1832	7.51E-05	4.00E-05	0.00017913502209	0.000161772056383	5.18E-05	5.64E-05	0.000184625088457	0.00016808152594	0.000138442551108	9.75E-05	0.000174918578304	0.000228803139942	9.69E-05	6.12E-05	0.000111349374927	0.00010094092932	0.00010226031458	8.56E-05	8.07E-05	7.52E-05	0.000191451946205	0.000127359334698	0.000117843227087	0.000171084477732
b0882	0.000909391688405	0.000714883485815	0.001268483801896	0.000947629204365	0.00057056941506	0.000515479959893	0.00068106741119	0.000637350736453	0.000805727451744	0.001399466203391	0.000937006262067	0.000854747219225	0.000662310435572	0.0007006498631	0.00043744998951	0.000430412667834	0.000694824344654	0.000687398953104	0.000706510766048	0.000630507208267	0.000819821542537	0.000733866068999	0.000688889569816	0.000677615449452
b3929	0.000245320150363	0.000179418402573	0.000314972035512	0.000347932218827	0.000235255621158	0.000267366425429	0.000340904836991	0.000359200316484	0.000303837036352	0.000393850741028	0.000275239754123	0.000299542322822	0.000374209491763	0.00035810706837	0.000174305387505	0.000217282792967	0.000250446025971	0.000174072942001	0.00035866403931	0.000328705274733	0.000189076016908	0.000130150622972	0.000254099413249	0.000201128973795
b3990	0.000105846736211	9.98E-05	6.35E-05	6.34E-05	5.93E-05	6.09E-05	8.70E-05	6.50E-05	0.000107638774475	0.000126995168284	0.000115729765457	9.49E-05	5.62E-05	7.27E-05	9.88E-05	7.38E-05	0.000145286121601	0.000187952960573	0.000100083744857	8.53E-05	0.00016435271744	9.15E-05	7.72E-05	0.00011654897194
b1923	0.000317943311597	0.000520419422577	0.000237845336693	0.000128212522735	0.000159998556676	0.000118168520264	0.000584138826119	0.000550355691745	0.001508212128752	0.001357239143779	7.92E-05	8.12E-05	0.000841590856509	0.000797094388261	7.45E-05	7.45E-05	0.003153384600526	0.002534370078727	0.006403437504661	0.006637078697398	7.96E-05	7.62E-05	7.95E-05	8.27E-05
b3803	0.000152235679392	8.23E-05	0.000305754823533	0.000295931680924	0.000105487218328	0.000136612075508	0.000172999127638	0.000161852471184	0.00015123160848	9.77E-05	0.000147212742827	0.000195809538388	7.50E-05	6.67E-05	0.000138321559883	0.000148276620364	0.000111154231858	0.000104938571086	0.000170497439437	0.000173911730658	0.000311452111755	0.000228014370617	0.000260853473861	0.000287409223811
b3572	0.000365618302375	0.000358346373802	0.00028555422356	0.000338427376931	0.000561142723871	0.000507224283457	0.000225817229366	0.000232668322714	0.000265217598121	0.00033176794702	0.000297865564432	0.000322394503257	0.000247647285598	0.000322986401878	0.000211053601964	0.00016325261245	0.000228274278678	0.000234191278623	0.000127023210411	0.000228346640377	0.000338622526178	0.000142480628477	0.000315726809082	0.000403056735558
b3697	4.94E-05	4.66E-05	4.05E-05	5.17E-05	7.67E-05	6.20E-05	0.000155340788929	0.000161313456354	0.000135713449763	9.99E-05	0.000149133755184	0.000181081402225	0.000143305818867	0.000123179992204	7.36E-05	5.71E-05	0.000117082037216	7.04E-05	9.53E-05	6.61E-05	0.000102697579803	0.000103607697397	0.000133348596532	0.000103374242238
b0008	0.003270386736645	0.002453446386156	0.002327284067838	0.002203192785954	0.001526087539289	0.001811996404567	0.002195918652268	0.002005104343478	0.002864031002131	0.002843077407025	0.003446070576853	0.002264815512817	0.001601337480901	0.001400171665264	0.00497875377338	0.004962395706456	0.003751248478971	0.003609217852556	0.003740578970829	0.004172932094328	0.004148329711419	0.003990147827292	0.002106337550776	0.002315067861694
b0865	0.000143826164598	7.22E-05	0.000224087185055	0.000206497836378	0.000116871872058	0.000170069067397	6.16E-05	7.07E-05	6.11E-05	6.24E-05	6.75E-05	6.87E-05	4.81E-05	4.64E-05	2.38E-05	3.11E-05	3.32E-05	3.34E-05	5.56E-05	5.57E-05	4.54E-05	5.45E-05	5.98E-05	7.13E-05
b3671	0.002924184997589	0.00262046807184	0.001595075391569	0.001845597726056	0.002263593219627	0.002327173692304	0.000551609848362	0.000732919773144	0.000440659572117	0.000546541881948	0.000656405242581	0.001184583585651	0.000731867998929	0.000773697388133	0.000793543120569	0.000722830978532	0.000836565831127	0.000683108674973	0.000493079351361	0.000645077874911	0.000648413775452	0.000378175751312	0.000869182758384	0.00071856766959
b3357	0.000773150428075	0.000432753959561	0.000946445562853	0.00095521852081	0.000526376253945	0.000666554497321	0.000604968693258	0.000504029535259	0.000780870215658	0.000527154367222	0.000724903485715	0.000711437530336	0.000410810358803	0.000423409552875	0.000495619173999	0.000489527170644	0.000438954071373	0.000391527851838	0.000524212308448	0.000447876243796	0.000612088322816	0.000562073494678	0.00037164108887	0.000486752146878
b3166	0.000123214370845	0.000116209552817	4.61E-05	4.61E-05	4.22E-05	4.33E-05	8.95E-05	7.67E-05	0.00013306717296	0.000158071059615	0.000108814378831	0.000129016479326	5.32E-05	5.82E-05	0.000123686420647	0.000134506833841	7.92E-05	9.40E-05	8.03E-05	0.000108268877014	0.000138442048677	4.86E-05	8.18E-05	6.93E-05
b0678	0.000280917685537	0.000301778573568	0.000331060808673	0.000381019252358	0.00030998697664	0.00035357917958	0.000181382337043	0.000192625806069	0.000194361148153	0.000157240027093	0.000200237095353	0.000213291793185	0.000126346996785	0.000153390454786	0.000334693802959	0.000400300593106	0.000260892832541	0.00025389605421	0.000241580600783	0.000244339837883	0.000124777624366	0.000127079224872	0.000158915758093	0.000116187680113
b3628	7.25E-05	5.82E-05	5.42E-05	5.41E-05	7.79E-05	7.59E-05	7.49E-05	5.84E-05	5.12E-05	5.06E-05	5.45E-05	5.59E-05	5.12E-05	4.93E-05	9.00E-05	9.01E-05	7.56E-05	7.61E-05	0.000110568579111	0.000110625719334	5.48E-05	5.25E-05	5.47E-05	5.69E-05
b3164	0.004225232837843	0.003340468260649	0.002888481465005	0.002883619654986	0.002798972018928	0.002743488022294	0.003668618520876	0.003319530727303	0.004433127756676	0.003731925040064	0.003166657228917	0.003209373676562	0.003466097406982	0.003570044234563	0.004403358125639	0.004402370467321	0.00665331612254	0.005653783358062	0.0051171660217	0.004603906875344	0.003931404413128	0.004170317339038	0.003258906259563	0.002849881977284
b3859	0.000106043898091	4.45E-05	5.06E-05	5.05E-05	7.67E-05	7.87E-05	5.06E-05	5.02E-05	4.78E-05	4.72E-05	5.09E-05	5.22E-05	8.40E-05	8.08E-05	4.99E-05	5.00E-05	4.83E-05	4.86E-05	9.14E-05	9.15E-05	8.72E-05	6.09E-05	5.11E-05	5.31E-05
b0145	0.000291077784165	0.000189547978097	0.000355220220621	0.000320409193531	0.000215367533705	0.000246257051504	0.000223267405011	0.000234425064715	0.000217380246106	0.000286392349128	0.000257747736002	0.000372524027184	0.000175913159932	0.000167544586677	0.00017656610149	0.000206942196839	0.000210693644375	0.000180264121907	0.000232897938959	0.000365230009926	0.000342730106712	0.00020563435527	0.000322944978797	0.00033732605497
b1763	9.22E-05	8.69E-05	0.000100496849022	0.00010035859416	0.000101072392366	0.000103736211997	0.000100527012966	9.98E-05	0.000666260175789	0.000658913266207	0.000101201670306	0.000103681044008	0.000123800319723	0.000119075739468	9.51E-05	9.52E-05	9.28E-05	9.33E-05	0.000397394850569	0.000397600218408	0.000101710074339	9.73E-05	0.000152731727177	0.000158829798779
b3794	3.37E-05	3.18E-05	3.67E-05	3.67E-05	6.24E-05	6.40E-05	4.16E-05	4.13E-05	5.20E-05	5.42E-05	3.80E-05	3.89E-05	3.47E-05	3.34E-05	3.51E-05	3.51E-05	6.87E-05	6.91E-05	8.30E-05	7.69E-05	0.000101392377116	7.93E-05	7.06E-05	5.45E-05
b1215	0.000491154127432	0.000445083837086	0.000733683182889	0.000740842288359	0.000511410723994	0.000534226533391	0.000705087994159	0.000644328718726	0.000453622931557	0.000463574817963	0.000629956282349	0.000755095050399	0.000579534371274	0.000607562596952	0.000778331627177	0.000502430045726	0.000590242665378	0.000577051252092	0.000641792911331	0.000434107589478	0.000692869743829	0.000626646317962	0.000785111838797	0.000695391184276
b3891	0.000152525498894	0.000100871345232	0.000142679265792	0.000148486476363	0.000154884158804	0.000170992030906	0.000145528423955	0.000140847587802	0.000123825621488	0.000126954137225	0.000112603089519	0.000156296619277	0.000114093774496	0.000118125044029	0.000159651378428	0.000154834763099	0.000158338385378	0.000135123112076	0.000131362750537	0.000154488643353	0.000168333475903	0.000146363462397	0.00011540549184	0.000114117862844
b3347	0.000141138755089	9.59E-05	0.000462391969964	0.000334673188935	0.000114132111272	0.000122450479555	0.000355895423252	0.000398844317353	0.00037455851501	0.000321556602306	0.000497169246191	0.000565371140551	0.000321055109278	0.000223647106845	0.000295352136672	0.000259608014382	0.000218636161036	0.000146350464168	0.000286064579184	0.000186229728658	0.000718818993864	0.000372075077731	0.000405918526541	0.000381173033161
b4069	0.007550906410056	0.007922834040817	0.004403100925826	0.003441236704536	0.010834239251463	0.008060106830934	0.000168856991353	0.000184091112599	0.000183062965227	0.000135200474685	0.000128120711566	0.000131259583899	0.000242230026521	0.000257192143619	0.000652269265368	0.000541724599348	0.000564939661355	0.000499699716065	0.001587512923014	0.00209545179814	0.000340846803643	0.000289985066352	0.00083008080025	0.000732167025048
b1919	0.000215287096742	0.000232856294934	0.000347891033652	0.000398835954272	0.000277085188786	0.000303017614699	0.000455070976351	0.00047216005584	0.000442093014282	0.000505036061479	0.000371154787086	0.00045219791782	0.000470144112985	0.000365892683459	0.000257813069578	0.00026990362395	0.000407208109419	0.000342319766454	0.000411516418602	0.000389568028734	0.000210515869172	0.000212487638256	0.000234327211757	0.000111617093698
b3648	9.36E-05	7.37E-05	7.57E-05	0.000106256523517	6.96E-05	9.24E-05	0.000131206119963	0.000147234134326	9.05E-05	6.51E-05	0.000113452036971	0.000156659897047	7.90E-05	6.19E-05	4.15E-05	4.84E-05	7.31E-05	7.35E-05	9.23E-05	5.17E-05	8.32E-05	9.89E-05	5.25E-05	9.86E-05
b4226	0.000900566335513	0.00062292268581	0.001721366129217	0.001515641509906	0.000755173983451	0.000898893280303	0.001969684780562	0.001486855113094	0.000999799280695	0.000983252899493	0.002236259513257	0.001540260332547	0.000744148482382	0.00072794754016	0.001359294161962	0.001461433727436	0.001034252184433	0.001010048064452	0.001565855548248	0.001241738183255	0.001823572862238	0.001316086152877	0.000943528107115	0.001389297135807
b1004	0.000839205962071	0.000649251768952	0.000997126647026	0.000921799616448	0.000471852575851	0.000591382111599	0.000417538321499	0.000420588578438	0.000451859030369	0.0004369906905	0.000289831558953	0.00030189351348	0.000361119856822	0.000364836632663	0.000175863409978	0.000205589760381	0.000297408009629	0.00028473353371	0.000182966697345	0.000189977923839	0.000387653392937	0.000309776440092	0.000271842353773	0.00022863269587
b1850	0.00032032412592	0.000256096202312	0.000565212727512	0.000534660496403	0.000229657865642	0.000317172991732	0.000588265063283	0.000582287714428	0.000508042774926	0.000409493845621	0.000724995060394	0.000726581243987	0.000367069444942	0.000285488403962	0.000330024559411	0.000436379596079	0.000343547537856	0.000352120143279	0.00033969271174	0.000309307227156	0.000530154448267	0.000511159114789	0.000343311939164	0.000430475551872
b3788	0.000132875514526	7.85E-05	0.000182497726734	0.000138287668277	0.000139081138416	0.000167684376369	6.42E-05	0.000103787372551	6.85E-05	6.77E-05	5.73E-05	5.87E-05	5.38E-05	5.17E-05	7.20E-05	7.21E-05	7.66E-05	8.86E-05	7.95E-05	7.56E-05	0.000161497259701	0.000110599761562	0.000137594661664	0.000122853642781
b3313	0.000833054151776	0.000365102496767	0.000650386765708	0.000753692365662	0.000480346188359	0.000582748606001	0.001499335810769	0.001254409092632	0.001880810361226	0.001477482951519	0.001836339765184	0.001847324568641	0.001161883787715	0.00107008342461	0.001633705663751	0.001730031364999	0.000783706684027	0.000830303216618	0.000406421067058	0.00071692814802	0.001284189248351	0.000799557946122	0.001263836468407	0.00149559880894
b2905	0.000203831536672	0.000184233430584	5.65E-05	5.64E-05	0.000320679814269	0.000329131510767	0.00012784568275	0.000133315281226	0.000138256522828	8.44E-05	0.00011098360921	0.000103670048572	0.000152846909882	0.000185768188612	5.35E-05	5.35E-05	5.21E-05	5.25E-05	5.64E-05	5.64E-05	0.000174810296758	9.60E-05	0.000159072943368	0.000143043277711
b1740	0.00018244487769	0.000111251308997	0.000242064087035	0.000319014442203	0.00014980059449	0.000155405447734	0.00051573358651	0.000471492015472	0.000473109355743	0.000387653919499	0.000462257723993	0.000506394467759	0.000326861093571	0.000276454934876	0.000392543324254	0.000452725575824	0.000432202469069	0.000328538306255	0.000362714168429	0.000255149313904	0.00041343681938	0.000343337452002	0.000296338877108	0.000298145875988
b0407	0.000685496360118	0.000564464618468	0.000663607335365	0.000543436793592	0.00046973492372	0.000381706556608	0.000588236807154	0.00051342000194	0.000538644459678	0.000514768591954	0.000392672641348	0.000618574781231	0.000607778529783	0.00034448918801	0.000653846888902	0.000620570541737	0.000460932502034	0.000388398730613	0.000503005813943	0.00067693714685	0.000555611737469	0.000564197010958	0.000567409382191	0.000436641714587
b0212	0.00015488959042	8.91E-05	9.12E-05	0.000108080557575	0.000140826743522	0.000205736447491	5.48E-05	4.62E-05	9.17E-05	4.96E-05	4.52E-05	5.38E-05	4.78E-05	4.83E-05	5.68E-05	4.38E-05	7.45E-05	5.03E-05	8.90E-05	8.77E-05	0.000195837136795	0.000149952588819	7.49E-05	4.31E-05
b0032	0.000657345536081	0.000798527812853	0.000451596718938	0.000467678245772	0.000686757574574	0.000590144481529	0.000924019542831	0.001109646058416	0.001494058602443	0.001009168534333	0.000986524932849	0.001113242616865	0.001312502580162	0.00116938455836	0.00126018889142	0.001448445258843	0.001104548700505	0.000876593438508	0.000975056743519	0.00107728654827	0.001260873529106	0.000903606277393	0.001227823886166	0.001173413695552
b0822	3.76E-05	3.55E-05	4.10E-05	4.10E-05	3.75E-05	3.85E-05	6.42E-05	5.82E-05	5.40E-05	7.41E-05	7.35E-05	7.53E-05	4.38E-05	4.21E-05	6.01E-05	4.35E-05	5.70E-05	4.17E-05	4.84E-05	4.10E-05	7.24E-05	6.93E-05	4.32E-05	4.50E-05
b2669	0.000144321354008	8.36E-05	0.000365034578022	0.000366477039264	0.000129548869163	0.000132963202323	0.000204530302891	0.000204741816989	0.000141670899175	0.00011397270566	0.000123898310446	0.000103373374106	4.87E-05	9.34E-05	0.000319430032793	0.000388223072326	0.000167657999574	0.000219173296502	0.000193921889429	0.000238156617591	0.000404378847212	0.000234076843341	0.000154357198658	0.000326620415331
b2606	0.001290912852265	0.001361378220764	0.001378172025927	0.001267813764237	0.001138972135139	0.001171973228073	0.00199590356118	0.002275413931483	0.002043510019227	0.002333506880061	0.002491945030233	0.002163701641239	0.002275774890882	0.002228610589256	0.002069255714497	0.002176051398569	0.001730630940892	0.002003173806178	0.001999935048503	0.001879684557699	0.002037023126081	0.002766715423984	0.002385103258644	0.003022746106909
b2346	3.74E-05	9.90E-05	0.00014263993362	0.000145996719461	0.00013208874925	0.000111610219763	0.000151418425105	0.000167613241563	8.80E-05	8.46E-05	0.000108788813652	0.000132810535317	6.15E-05	8.39E-05	7.25E-05	7.99E-05	6.42E-05	7.27E-05	0.000162121079496	0.000121576110187	0.000138142247094	0.000142558918447	0.000138887198231	0.000173658845606
b1127	0.000477067143788	0.000458908621889	0.000559092606904	0.000627143677779	0.000261784062006	0.000333303616883	0.000369039311653	0.000340530156379	0.000394103308702	0.000352476344969	0.000178974707033	0.000192981831253	0.000329808582832	0.000440245865762	0.000162281871461	0.000161419369159	0.000330978645514	0.000258914710858	0.000248791357647	0.000237989313716	0.000197179461553	0.000181698495758	0.000242389634678	0.000207969256256
b3289	8.80E-05	6.27E-05	6.36E-05	7.52E-05	0.000140616704398	0.000116085679413	0.000201376877306	0.000220892131714	0.000124874082105	0.000117244067672	0.000116807475377	0.000153613804376	0.000145567939122	0.000154724116583	0.000135080214388	0.000105608653565	0.000185827867914	0.000175065639078	0.000141094879613	0.000215494778555	0.000226887017791	0.000207435817875	0.000192130889942	0.000173435201457
b0773	3.36E-05	3.17E-05	5.50E-05	5.59E-05	5.62E-05	5.27E-05	3.33E-05	2.78E-05	3.31E-05	3.28E-05	2.58E-05	3.15E-05	2.16E-05	3.66E-05	2.16E-05	2.16E-05	2.11E-05	2.12E-05	2.19E-05	2.19E-05	2.31E-05	2.21E-05	2.65E-05	2.75E-05
b0421	0.000112595511216	0.000115498421883	8.90E-05	0.00010001738183	3.90E-05	4.00E-05	4.27E-05	4.23E-05	5.29E-05	7.14E-05	4.30E-05	4.40E-05	4.03E-05	3.88E-05	4.21E-05	4.53E-05	8.56E-05	4.62E-05	0.000103451750108	0.000103505212458	0.000100613420647	4.74E-05	7.20E-05	7.48E-05
b2097	0.000851331121542	0.000686598433467	0.000847477420415	0.001067107541523	0.000720844062331	0.000882040416765	0.000248427624947	0.000244368046502	0.000267044707512	0.000258349749135	0.000234159624957	0.000261210425359	0.000240288800383	0.000226320369202	0.000212530720945	0.000191459262246	0.000212610137584	0.000199229238326	0.000201786393932	0.000215799635037	0.000353671253539	0.000295928210279	0.00026957557849	0.000254013773927
b2531	2.49E-05	2.35E-05	6.84E-05	6.83E-05	0.000118933515864	9.96E-05	8.92E-05	8.85E-05	3.87E-05	5.27E-05	0.00012767092239	0.000121102336016	2.57E-05	2.47E-05	4.39E-05	3.90E-05	5.35E-05	4.85E-05	6.06E-05	4.31E-05	5.75E-05	6.95E-05	4.63E-05	0.000105894038224
b0584	0.000160667840301	0.000227710202572	0.000195092672631	0.000156994323546	0.000932713504651	0.000641157226388	0.000435774589781	0.000434361172824	0.000736419820707	0.000699096489785	0.000349051942066	0.000394731713252	0.00061086141943	0.000566872953904	0.000224919530494	0.000206252402913	0.000257885740518	0.000270917213843	0.00024869070881	0.000283327004745	0.000276043644321	0.000188982423859	0.000208593600219	0.000167169287199
b2285	7.33E-05	4.10E-05	0.000209706454729	0.000177298639922	6.80E-05	8.55E-05	4.38E-05	5.73E-05	6.12E-05	6.17E-05	2.72E-05	0.000105078404422	5.29E-05	6.28E-05	7.41E-05	5.30E-05	3.27E-05	4.46E-05	4.73E-05	9.93E-05	0.000136934799194	6.71E-05	0.000159882177168	0.000187668514273
b4314	3.93E-05	3.70E-05	0.000105911701104	8.01E-05	0.000129205326845	0.000161013172719	0.000142511756191	0.000201160636946	0.000747057041994	0.000244776552057	0.000209732811117	0.000312716151817	0.000102736297983	0.000126179897091	0.00012452491172	9.79E-05	0.000128615524522	0.000112532022388	0.000284088490427	0.00016645492386	0.00109811912696	0.00082925556532	0.000620517541224	0.000707627151482
b4323	0.000224426914372	0.000347435007161	0.000231136144715	0.000508540561823	0.000271579575658	0.000306552979065	7.17E-05	7.12E-05	6.77E-05	6.70E-05	8.15E-05	7.97E-05	7.01E-05	6.52E-05	8.30E-05	0.000128740854303	6.62E-05	6.66E-05	0.000107203779589	9.19E-05	9.95E-05	9.52E-05	8.12E-05	8.44E-05
b0432	0.000930550341942	0.00132448219323	0.00101031430915	0.000781323284686	0.001077901879397	0.000875608960611	0.000462813698104	0.000484100208205	0.000687489217435	0.000363094314265	0.000681240344287	0.000849563942298	0.000560212893168	0.000708432403882	0.00144440617347	0.00159530953712	0.001324351415681	0.00123568571896	0.001196334964874	0.001291551128506	0.001054706545605	0.001343381743723	0.000920685164017	0.000890174294725
b2290	5.63E-05	5.31E-05	0.000128102324444	0.000174063371572	0.000145333448427	0.000124549305735	0.000142845453119	0.000113621092563	5.70E-05	5.64E-05	7.08E-05	7.04E-05	0.000113707012869	0.000114621089145	7.60E-05	7.61E-05	9.64E-05	8.63E-05	0.000182142382813	0.0001344120125	8.45E-05	8.09E-05	0.000103436196744	0.000112530648659
b4172	3.65E-05	3.20E-05	7.19E-05	4.59E-05	3.69E-05	5.66E-05	3.32E-05	3.85E-05	4.51E-05	4.28E-05	5.65E-05	5.53E-05	3.14E-05	4.39E-05	4.12E-05	5.48E-05	8.14E-05	3.42E-05	4.84E-05	3.84E-05	7.70E-05	6.28E-05	4.20E-05	6.47E-05
b1757	0.000433104793719	0.000314180298421	0.00046450274656	0.000487751316875	0.000172797117664	0.000220645860522	0.000281011130458	0.000263976332646	0.000463577438864	0.000439232848707	7.17E-05	0.000100435391319	0.000339874759427	0.000457463392757	6.26E-05	6.27E-05	9.76E-05	8.47E-05	7.14E-05	7.15E-05	6.70E-05	6.41E-05	0.000150066523114	0.00011865097729
b1116	5.77E-05	5.18E-05	9.28E-05	0.000101660564024	7.29E-05	7.95E-05	0.000132280683606	0.000190728782575	0.000159834975061	0.000187448758739	7.84E-05	0.000116352462511	7.46E-05	7.81E-05	5.85E-05	9.54E-05	9.03E-05	0.000104283329309	8.13E-05	7.90E-05	9.34E-05	0.000162903562166	8.42E-05	8.23E-05
b1819	0.000335934967813	0.000207518868538	0.000317056986673	0.000334092000314	0.000407420208298	0.000481434106536	0.000411440627991	0.000399469440813	0.000555947094942	0.000688605278115	0.000244853721537	0.000399301149754	0.000515641642871	0.000597949154019	0.000463509011643	0.000377299300092	0.000440313899559	0.000435081225541	0.000506090045849	0.000512856440492	0.000267042464252	0.000243833816071	0.000325748827078	0.000314745691475
b2294	0.000196513869255	0.000138567938761	0.000247418141498	0.000263954661565	0.000148841234574	0.000179386805666	0.000348923716547	0.000324140180268	0.000346392634644	0.000335835173615	0.000345592523888	0.000347317538339	0.000226114893281	0.000214410964311	0.000368214805204	0.000373605094187	0.00027455838181	0.000290071176677	0.00029650703149	0.000296444194784	0.000279140045315	0.00022875518122	0.000163009520856	0.000241492052662
b2779	0.008426280904607	0.005806600907831	0.005676761672066	0.005658434538644	0.007027465078276	0.009190769706169	0.01555046208294	0.015305367327206	0.013818362796836	0.016921456434548	0.012724416917016	0.011564937163522	0.013828152581247	0.013314801136836	0.018674028465098	0.020392016594226	0.018315735785537	0.017551207369252	0.011425478557936	0.012872992631689	0.011156954121037	0.01225688130979	0.013876402489918	0.016240263464607
b2507	0.001196648985158	0.00173214872557	0.000965152151602	0.001100354900963	0.001080251626235	0.00107699008718	0.002267366565896	0.002374532326955	0.002956324121794	0.002735892727961	0.002592698409731	0.002245635236699	0.002504786361919	0.00270041797599	0.002695472418661	0.00297238078377	0.002264102174284	0.002720040052423	0.002356551389701	0.002007965309555	0.001806333407359	0.001757079890249	0.001403899293162	0.001366083020977
b3455	9.32E-05	7.52E-05	0.000348544189933	0.000313683890793	0.000138096055768	0.000131589718583	0.000138409967674	0.00013899133995	0.000197650154298	0.000161462432354	0.000332828379601	0.000208378166228	0.000197847171702	0.000163750650115	0.00026867186129	0.000225402457547	0.000272092048271	0.000335597196222	0.000263017896724	0.000282017893677	0.000231960099038	0.000498660183059	7.32E-05	7.61E-05
b3544	0.013179761910268	0.011875304422741	0.004395261597122	0.004794106168536	0.012303846878312	0.012977000836989	0.004788933925888	0.005203570574222	0.006440060322259	0.005826431931107	0.004758744048455	0.003901699069163	0.005435538086197	0.004592303178383	0.004706906638325	0.005276015148764	0.005503412286401	0.004892855991085	0.006753687356427	0.007135280758479	0.004501814875984	0.005355013916478	0.00803057479336	0.007000138460621
b3542	7.18E-05	0.000242695967185	0.000112540948423	0.00011387468227	0.000183845563375	0.000183100074421	0.000141277555223	0.000190522442481	9.79E-05	0.000169925963902	5.74E-05	0.000143403376189	0.000128993936895	0.000137969834189	4.62E-05	4.62E-05	4.92E-05	5.16E-05	8.96E-05	5.29E-05	0.000201021432499	0.000104323446717	0.00018674804011	0.000201643546818
b2113	0.000170242662194	0.000311566370492	0.000486916905824	0.000537769913694	0.000273136870552	0.000311867895642	0.000616547175934	0.00054877762515	0.00038127283906	0.000445078583623	0.00050517631589	0.000560325758763	0.000538060868449	0.00045844083362	0.000364825371287	0.000382540043243	0.000371215143831	0.000353832337907	0.00046797320908	0.000355136698894	0.000317029959783	0.000303883720404	0.000432380728188	0.000388659137488
b1676	0.001551785298866	0.001886136864862	0.001282597546359	0.001487098602648	0.001450826449373	0.001615804301993	0.001534077177699	0.001621231282408	0.00191947061234	0.002418807271605	0.001837809385459	0.001848425528285	0.002268361970609	0.002315395672292	0.001988130871063	0.002013964046158	0.003082402176129	0.002666723936195	0.002268877209866	0.001859914696699	0.005639429423647	0.005954807243936	0.004021214416619	0.004098772191973
b3610	4.71E-05	3.36E-05	3.69E-05	2.90E-05	3.65E-05	4.56E-05	2.08E-05	2.48E-05	3.53E-05	4.46E-05	2.37E-05	3.57E-05	1.60E-05	2.87E-05	1.62E-05	2.42E-05	1.11E-05	2.26E-05	2.79E-05	1.94E-05	2.27E-05	1.86E-05	2.77E-05	3.65E-05
b0662	0.000167647434326	0.000134977557548	0.000148630627159	0.000165742538648	0.000141220393006	0.000140296748045	0.000141737060577	0.000133288177618	9.22E-05	0.000117123453388	0.000117243872163	0.000124716466697	0.000112924631646	9.69E-05	0.000102193496386	7.69E-05	0.000138567460954	0.000114577290754	7.22E-05	0.000114964051365	0.000102288956852	0.000108941504686	9.11E-05	7.18E-05
b3094	4.67E-05	4.41E-05	4.54E-05	6.12E-05	5.97E-05	6.13E-05	4.20E-05	4.17E-05	5.72E-05	5.66E-05	4.12E-05	4.23E-05	3.87E-05	3.73E-05	4.07E-05	4.07E-05	3.78E-05	3.80E-05	5.21E-05	5.25E-05	4.70E-05	4.50E-05	4.14E-05	4.30E-05
b3070	6.35E-05	5.73E-05	9.09E-05	8.45E-05	0.00013569412582	0.000109605196535	7.60E-05	6.15E-05	8.87E-05	8.78E-05	7.55E-05	0.000102040784424	6.74E-05	0.000225387311684	7.28E-05	6.65E-05	5.38E-05	5.07E-05	9.61E-05	4.95E-05	0.000144590327527	9.39E-05	7.20E-05	7.00E-05
b3608	0.000254229688416	0.000298541772594	0.000127920796665	0.000149105422606	0.000220708757392	0.000256807736726	7.34E-05	7.62E-05	6.14E-05	4.47E-05	6.17E-05	6.32E-05	5.16E-05	4.92E-05	5.36E-05	5.36E-05	4.41E-05	4.44E-05	4.58E-05	4.58E-05	9.98E-05	9.55E-05	7.67E-05	6.04E-05
b2231	0.00295379297908	0.001397770528891	0.001155325603659	0.001228567112699	0.001489763626941	0.001433594073978	0.001840349518661	0.001988542814244	0.002432547288547	0.001803770002701	0.001674751133521	0.001973090944745	0.002076390152446	0.002321698505941	0.002101662763088	0.001843742601576	0.002415747334573	0.002716363685829	0.002584262027964	0.002556642276057	0.001832577929618	0.001835261436596	0.001622666479562	0.001581694510722
b3988	0.007096472096222	0.008634074472009	0.00562672722726	0.005231162015845	0.006018592063801	0.005400238867799	0.008012974036226	0.007430065403108	0.011244673912426	0.010858129568322	0.009431033655176	0.008484099570465	0.00843598779228	0.009541818497423	0.009484590964101	0.011345440143426	0.012665733999468	0.012581255322585	0.012079981587968	0.011125229651025	0.009179551387816	0.01013994040397	0.00692355966617	0.006220313829638
b2495	1.76E-05	1.66E-05	6.04E-05	6.05E-05	1.75E-05	1.80E-05	9.26E-05	9.19E-05	1.81E-05	1.79E-05	5.67E-05	7.84E-05	1.81E-05	1.74E-05	1.81E-05	1.81E-05	1.77E-05	1.78E-05	1.84E-05	1.84E-05	4.14E-05	2.38E-05	5.40E-05	5.62E-05
b2926	0.00486457623555	0.004365286438379	0.004228115897751	0.004021959057056	0.003161303027744	0.003334897540406	0.006905069890906	0.006055298511562	0.006333481680123	0.006867670672859	0.006320984375666	0.004645873938383	0.004835809301403	0.004433819383305	0.005937421956155	0.006287109357392	0.005232798726549	0.005797310628337	0.005597059767364	0.00637577801586	0.004406837636381	0.005743157778748	0.006853194503119	0.008698487427116
b3186	0.000757383908684	0.001060991192885	0.000568880008503	0.000549849012161	0.000532889152834	0.00048927619772	0.001222958789384	0.000873938467495	0.001252553321894	0.000951708281937	0.001849167212617	0.001089454753415	0.001012729789204	0.001123202355754	0.001224075779734	0.001362637299475	0.001308902598461	0.001207617236959	0.001526048971704	0.000834913379765	0.000950624896224	0.001315832121086	0.001068000991434	0.001052062458147
b1656	0.001616629493116	0.001553151161594	0.002622392491279	0.002583511702395	0.001281608047684	0.002078304564408	0.001121310519204	0.001350499762118	0.000820880267048	0.000717397721513	0.00072028126425	0.00098390356906	0.00110657875139	0.000909047324904	0.001082010166059	0.000906980279676	0.000825972841963	0.000676397053292	0.000910227539463	0.001200465455456	0.001224373602735	0.001132911711853	0.001011633288997	0.001331395963719
b2301	8.39E-05	4.37E-05	4.80E-05	3.84E-05	4.79E-05	4.37E-05	7.91E-05	7.86E-05	3.08E-05	3.04E-05	9.01E-05	3.73E-05	3.08E-05	2.96E-05	0.000159557945973	6.48E-05	0.000188291294837	0.000142027651061	9.76E-05	0.000161157572441	0.000115860646027	7.94E-05	3.29E-05	3.42E-05
b0688	0.001081518293714	0.001413025536431	0.000958575374093	0.001163631502529	0.00095447325019	0.001054111024794	0.000740021442773	0.000748461705209	0.000857349830828	0.000783108471598	0.000592465337003	0.000646566018853	0.000705408393955	0.000671139713036	0.000833749590935	0.00083754680574	0.000924593390935	0.000780891801025	0.00101479953711	0.000965622797261	0.001230397814486	0.001622359555348	0.000867836078668	0.000886925794986
b4173	0.000112457794065	5.50E-05	0.000157192745084	0.0001898190925	0.000161435267699	0.000170394116851	0.000190695229643	0.000200874726524	0.000154839805152	0.000214072807148	0.000122370044743	0.000192652705972	0.000143923138597	0.000137416469364	0.000209916303839	0.000264962583688	0.000142011674069	0.000119593483443	0.00013729406778	0.00015500332922	0.00027248465329	0.000177107800731	0.000128970273415	0.000152861236469
b1241	0.006099599131516	0.005581178117905	0.003142235915646	0.00354426952427	0.003495744377377	0.004733585203032	0.010453233085658	0.008952101513666	0.014133020227487	0.017590870968107	0.004264065194473	0.003976176247972	0.009329687932721	0.015384391312245	0.007532568599129	0.008314986854364	0.012636650253601	0.013422357601598	0.010664361403482	0.01028926135104	0.005036204042042	0.005560291547918	0.011109384648945	0.012580443584914
b2149	0.000412931230323	0.000503703695594	0.000503650311373	0.000575736803025	0.000932753432317	0.000876795919999	7.75E-05	7.69E-05	7.32E-05	7.24E-05	7.80E-05	7.99E-05	7.32E-05	7.04E-05	7.33E-05	7.33E-05	7.15E-05	7.19E-05	0.000382282026901	0.000316965137038	7.84E-05	7.50E-05	0.000110450624603	0.000110074695599
b0242	0.000177641479072	0.000206895436835	0.00024236768296	0.000271726189057	0.000223073246591	0.000202762332587	0.000342030270897	0.000352861862546	0.000375416119549	0.000375064907384	0.000369730501155	0.000377859110142	0.000411153823288	0.000396282610043	0.000247655670645	0.000246130645962	0.000377164924489	0.000295817590497	0.000287110674895	0.00034600676487	0.000292710964031	0.000296307514961	0.000298584337751	0.000265539276487
b3339	0.023308593033201	0.019688887048204	0.024749982969071	0.021183590659879	0.029678195517163	0.031413511418193	0.030408158244038	0.031505613526873	0.026333074607962	0.029646922837034	0.031885711378578	0.022806868720321	0.040919396748744	0.043148196914981	0.035146757168655	0.032511451131147	0.022519529250046	0.02920680237424	0.024008749954277	0.029138183723536	0.020948926179269	0.024749574467878	0.0376170688829	0.047289526058947
b4219	0.000192109977301	6.58E-05	0.000137688901277	0.000176439763462	0.000124318355442	0.000164915064036	9.47E-05	9.80E-05	0.000134157449073	0.000175145121032	0.000103449303664	0.000106816075949	8.14E-05	8.83E-05	0.000145547486898	0.000142598331308	0.000155145993874	0.000124135931743	0.000131184346189	0.000140535199379	0.000222635186491	8.91E-05	8.53E-05	0.000105957990223
b2557	0.00214479020737	0.003001841494584	0.00271071086559	0.002838910415548	0.00320067973631	0.002922580418856	0.003235230472173	0.003066672759238	0.003467261450986	0.002935247671728	0.002780637469408	0.003653077763138	0.003533961800066	0.003130550671738	0.002805600077749	0.002727346514565	0.003860128597287	0.003914324559029	0.004089075941012	0.003462497210199	0.003585283683823	0.00356427930546	0.003536328842097	0.002968065875938
b2281	0.000275022926101	0.000313682903813	0.000226232541667	0.000226157877345	0.000211880096021	0.000242120636584	0.000137912941318	0.000109825671501	9.89E-05	9.52E-05	0.000149334884958	0.000165702214894	0.000181700926482	0.000154725627505	0.000123952857573	0.000101388239242	0.000197893649381	0.000170296142282	0.000307628280338	0.000239188179195	0.000281948995403	0.000194134411157	0.000300376655435	0.000276528076717
b0795	5.93E-05	4.32E-05	8.86E-05	0.000103186534029	6.49E-05	7.40E-05	6.72E-05	6.42E-05	4.52E-05	4.47E-05	5.63E-05	7.02E-05	4.53E-05	4.36E-05	4.53E-05	4.53E-05	4.42E-05	4.45E-05	4.83E-05	4.83E-05	7.01E-05	5.37E-05	7.21E-05	7.50E-05
b3938	2.04E-05	2.63E-05	8.70E-05	7.05E-05	2.64E-05	4.86E-05	6.57E-05	4.98E-05	1.81E-05	2.26E-05	6.08E-05	5.82E-05	2.34E-05	1.72E-05	2.13E-05	2.51E-05	3.14E-05	2.50E-05	2.82E-05	2.36E-05	8.79E-05	4.23E-05	4.98E-05	6.42E-05
b2566	0.000102994658453	0.000120075022907	0.000117772980877	0.000127346965549	0.000156764299806	0.000141515267102	0.000181393621034	0.00016337532291	0.000158069439178	0.000122073057911	0.000168473365628	0.000149265537969	0.000152694589901	0.000201144373402	0.00011512589707	0.000111517521952	0.000176026947792	0.000165164122078	0.000168558448703	0.000188464214743	0.000190632692444	0.000175281936057	0.00017691139772	0.00016225847179
b0414	7.00E-05	0.000109456302947	9.82E-05	0.000127309438298	0.000118170337885	0.000106451392683	0.000145208768558	0.000133025740958	0.000141112291232	8.65E-05	9.98E-05	0.000109443425779	0.000111330208094	0.000125281150101	0.00010125476269	0.000101328868777	0.000128413498686	0.000136122718952	0.000129758603727	0.00013874838692	0.00013514542197	0.000125745535621	0.000120342389053	9.92E-05
b0740	0.000713098261787	0.000871987466783	0.000721959577254	0.000767019285555	0.000778229012406	0.000736609955263	0.00096979471487	0.000979830005177	0.001158412680949	0.000916312888206	0.000954417786463	0.001088267769957	0.000889352590235	0.000917133151874	0.000854643656926	0.000865809440267	0.001090140654383	0.000861560876176	0.000929655672366	0.000792902909012	0.001216719171721	0.001326810012884	0.00101863134339	0.000859917013143
b2661	0.000314559933343	0.000409156272039	0.000280978427061	0.000220422496966	0.000705793418693	0.000472674729987	8.29E-05	7.34E-05	6.48E-05	6.41E-05	6.91E-05	7.08E-05	7.67E-05	8.52E-05	6.49E-05	6.50E-05	0.00010297344715	7.92E-05	0.000164085130188	7.32E-05	0.000135845768367	0.000107484408454	0.000116929622638	8.71E-05
b0526	0.000432340526999	0.00052805919187	0.000423890179441	0.00046599850388	0.000411469889483	0.000384486781795	0.000681198423175	0.000658715031759	0.000600753777096	0.000626198686866	0.00063483755887	0.000681450383146	0.000571740547415	0.000615648906578	0.000620993283162	0.000622017909775	0.000621931218989	0.000529593713398	0.000567820481676	0.000465922699034	0.000666667900279	0.000580342308944	0.000501278012913	0.000450437107097
b0337	0.000498856376867	0.000512750503341	0.00045890697802	0.000431963175826	0.000513038295373	0.000513176958442	0.000512307083721	0.000617424100293	0.000520201036228	0.000431883654752	0.000364283108668	0.000648441478421	0.000638050203268	0.000643661312873	0.000762991831957	0.000540046772118	0.000357729421511	0.000404809813915	0.000396139929248	0.000405819022631	0.000678337106648	0.000554072454137	0.000784775745727	0.000707679178378
b0712	5.78E-05	5.45E-05	5.08E-05	6.77E-05	8.88E-05	0.000131281498068	4.56E-05	4.53E-05	4.31E-05	4.26E-05	4.59E-05	4.71E-05	4.76E-05	5.09E-05	7.32E-05	7.32E-05	8.24E-05	8.29E-05	4.37E-05	4.37E-05	4.74E-05	4.53E-05	4.61E-05	4.79E-05
b2150	0.004123508593657	0.004509713316313	0.004987607848592	0.004381806235819	0.003947763630642	0.00451261071312	6.80E-05	5.60E-05	5.22E-05	5.16E-05	0.000119052088768	0.000119418915778	0.00059606813083	0.00052872884781	0.000911263768202	0.000763712709118	0.000315214359228	0.000275463797309	0.002568438704199	0.002290512333395	0.000364370196362	0.000371093453124	0.000620954042682	0.000564811941358
b3252	0.000129547339483	0.000122182488023	0.000141268394244	0.000141074049421	0.000502339883256	0.000511613337967	0.001388568956472	0.001315930090122	0.001884621903046	0.001863840011497	0.001427702720964	0.001266318251785	0.001377673386983	0.000776436260196	0.000698751076741	0.000750525705518	0.000130399697463	0.000131207045091	0.001058783034883	0.00105933019845	0.000142973824753	0.000136843907047	0.001940104589719	0.001375855945506
b3288	0.000143839999777	0.000146911007808	0.000164342226703	0.000181039385836	0.000151223111117	0.000166664559933	0.000277533942011	0.000278174935737	0.000242407468666	0.000207696179695	0.000132157733199	0.000206955899486	0.000191957429418	0.000202915699045	0.000234927236687	0.000209350217433	0.000298667415802	0.000262448692741	0.000223599113906	0.000248277932418	0.000260059207292	0.000213023623437	0.000191924712459	0.000168531463549
b1237	0.00070121130433	0.000524612794619	0.001589714820192	0.00130954488569	0.000631447661828	0.000995328814926	0.000757712398908	0.000913379197034	0.001322657801308	0.001271728078711	0.002213304236209	0.003221917540873	0.00078234958738	0.000824236482287	0.000597837837449	0.000691453589898	0.000536400474932	0.000647932173798	0.000736604901113	0.000736469952836	0.001187495836715	0.000800261148042	0.000651230900675	0.00172189537237
b0180	0.000400144404467	0.000420556024938	0.000372497217553	0.000363940793722	0.000328466857777	0.000438813583975	0.000543584680692	0.000812724747276	0.000396680743054	0.000320711030541	0.000323868429138	0.00066765977447	0.000703476985763	0.000780108578	0.000872956287106	0.000553624205327	0.000711252595905	0.000888274951869	0.000935409005322	0.000708701137313	0.000623551431647	0.000457699288529	0.000588347141399	0.000506974987886
b3863	0.000573716405212	0.000619282035409	0.000687473359297	0.000775609893112	0.000598736038836	0.000584403660831	0.000706715819509	0.00071672410253	0.000632686147091	0.000506791322101	0.000497062920137	0.000496969772928	0.000445459069058	0.000491213159512	0.000590836133047	0.00059915213345	0.00087392201063	0.000762235675818	0.000726110515997	0.000709378559295	0.000702995279061	0.000570313550353	0.000541970096818	0.000482379463842
b0151	3.48E-05	3.29E-05	3.80E-05	3.79E-05	3.47E-05	3.56E-05	3.80E-05	5.03E-05	0.00011584590191	0.000114568458957	4.46E-05	4.57E-05	3.59E-05	3.46E-05	3.59E-05	3.60E-05	7.87E-05	7.92E-05	3.64E-05	3.64E-05	9.48E-05	0.000132971519982	5.18E-05	5.39E-05
b0905	0.000156939925892	0.000148017787876	0.000142363731803	0.00012477500116	8.79E-05	0.000103668777268	0.000488575361698	0.000435266618806	0.000435007745265	0.000406860615189	0.000414072682068	0.000510935618384	0.000425414750119	0.000389202899983	0.000315263650335	0.000230884527001	0.000434074915855	0.000422695994681	0.00048914393207	0.000424047004841	0.000382431438175	0.000249402549137	0.000345820470715	0.00033098500287
b3869	0.000791987341812	0.000746962340492	5.43E-05	5.42E-05	4.96E-05	5.09E-05	5.43E-05	5.39E-05	0.00033572540036	0.000596727781387	0.000392753762296	0.000402375968596	0.000624171609079	0.000600351405169	5.13E-05	5.14E-05	0.000984798431677	0.000990895644271	5.20E-05	5.20E-05	0.000419481646722	0.000401496620594	0.000412925577599	0.000429412327179
b2033	6.49E-05	0.000115466997405	5.75E-05	5.79E-05	7.24E-05	6.49E-05	3.23E-05	4.39E-05	5.72E-05	6.10E-05	3.10E-05	4.80E-05	4.63E-05	4.12E-05	5.68E-05	5.52E-05	7.52E-05	8.08E-05	9.13E-05	8.77E-05	0.000103740429839	0.0001002613291	0.000117961500616	5.99E-05
b0123	0.000455838182578	0.000409047932412	0.000454026789725	0.000540043687327	0.000249713503871	0.00035294063164	0.000388909751088	0.000367837378458	0.000465340751562	0.000463257142509	0.000426993074779	0.000466393394144	0.00036400624573	0.000449214973752	0.000577733827391	0.000525653115165	0.000441977208347	0.000388367084804	0.000323219863056	0.000339024562678	0.000572404268292	0.000516899366241	0.000382929760538	0.000315970571598
b2463	0.003257743921465	0.004218677494618	0.002974513325191	0.003112819197844	0.003988986506393	0.003501349315918	0.000565793110045	0.000581334839996	0.000611658990265	0.000526746115194	0.000340796863419	0.000431528962054	0.0005790029913	0.00072207604337	0.001329427011519	0.001406011355403	0.001249545054772	0.00119017930396	0.001802071018807	0.001507667244033	0.001030413056685	0.00101478118588	0.001072838319326	0.000912914326133
b3732	0.007682763039794	0.009110080184349	0.005428524913873	0.005203101583721	0.005971866103991	0.005842416768789	0.003586038580648	0.003275993940788	0.004202696793034	0.004277306800354	0.003419545908382	0.003225452145042	0.003431716639387	0.003519887246381	0.006767655612113	0.007079854955267	0.005679561120452	0.005521179280167	0.009443825704749	0.008869293842502	0.007322867003814	0.008881880359137	0.006373789483155	0.006351384158944
b2094	0.001947115473504	0.001052636062824	0.002469819984588	0.002288426964772	0.001155739004539	0.001263182327839	0.000188632670645	0.000201339381056	0.000211152690607	0.000220850821174	7.27E-05	0.000132182022411	0.000209703247158	0.000200990773454	0.000394684980342	0.000437628800449	0.000332294672156	0.000309538244464	0.000710944786746	0.000618377870907	0.00028025926409	0.000180591978146	0.000840133013015	0.001005220000839
b3928	4.33E-05	4.09E-05	7.10E-05	4.57E-05	2.13E-05	4.18E-05	4.49E-05	5.81E-05	2.16E-05	7.63E-05	5.88E-05	9.59E-05	2.87E-05	2.38E-05	4.21E-05	5.41E-05	2.86E-05	5.53E-05	3.90E-05	4.61E-05	7.40E-05	4.66E-05	5.49E-05	5.71E-05
b1662	0.000145567821146	0.000138695522139	0.00017388205477	0.00016311085087	0.000176152611746	0.000155945379819	0.000268610739396	0.0002716812	0.000181918003121	0.000187239852774	0.000159034692387	0.000183855286465	0.000180053278752	0.00017145994264	0.000229261700424	0.000173864536842	0.000202190331674	0.000183097942962	0.000169754130362	0.000172694162803	0.000231813501878	0.000182843560594	0.000205735632097	0.000144906356845
b2029	0.002021305627438	0.002382477765509	0.001986262530718	0.002104498648644	0.001743581155353	0.001692652151418	0.003957086004311	0.003264001390406	0.003100297031026	0.003347974381084	0.004398630526337	0.003534174454753	0.003202790148129	0.002321630199659	0.004890902578988	0.005087899909348	0.004190343185879	0.004525683584512	0.004653393566787	0.004241291681089	0.00424344195629	0.00476728073044	0.003482679426384	0.003087050186507
b3304	0.000288650598721	0.000120259778882	0.000411244274736	0.000383613746921	0.000199025347564	0.000206480598109	0.000470450248807	0.0005062287405	0.000121075312701	0.000379177314488	0.000688978079429	0.00088699477333	0.000207844175412	0.000237027310722	0.000185081169376	0.000312134645538	0.000214139401298	0.000303566539058	0.000279360824949	0.000311000726811	0.000674550643704	0.000414487124399	0.00021191670297	0.000602943850501
b3959	0.000345598967379	0.000220823293925	0.000345853673266	0.000351009038783	0.000196909887293	0.000251449449939	0.000544945705414	0.000629461411132	0.000466182292498	0.000456065336668	0.000606964963162	0.000695524612182	0.000264285148111	0.00022541660679	0.000494127048637	0.000584962024573	0.000258518967744	0.000271176079554	0.000269309095742	0.000430155990744	0.000466705217269	0.000497677061255	0.000338354356611	0.000461142261976
b1095	0.00103583658416	0.000949035776075	0.00061815260874	0.00052160797006	0.00120161150917	0.000978151248029	0.001162177720393	0.001181488972916	0.000835960872428	0.000898189554732	0.001073479202282	0.001175590211772	0.001013356785065	0.001063661333019	0.001426759772025	0.001589060741153	0.001787403224634	0.001169927550828	0.00139706838736	0.001546805489822	0.001793429997183	0.001601588881008	0.001825990387499	0.001627625255158
b3731	0.000247675854047	0.00030409480695	0.000459005158504	0.000478333174678	0.000286445144184	0.000302468911232	0.000263733366854	0.000221366095597	0.000225789509015	0.000147296607539	0.000250801766406	0.000276669960289	0.000207769035397	0.00017707338648	0.000294855452754	0.000186949771865	0.000270642391786	0.000139145311432	0.000386098270452	0.00034680143339	0.00048670953102	0.000489917114046	0.000463403493708	0.000463827349094
b1614	0.000617222067442	0.000797636215635	0.000688836536261	0.000699227722541	0.000714036822041	0.000628753486723	0.000637932935403	0.000638120950664	0.000872542336523	0.0013497872159	0.000390029218139	0.000497853870213	0.000623439637555	0.000668506395689	0.000957961998869	0.001035117239373	0.000752876317005	0.001111992582136	0.000950949639057	0.001009507409843	0.000728434836053	0.000447896807729	0.000550653021664	0.000486477845281
b0109	9.32E-05	0.000147402366922	0.000128482174033	0.000158117560947	0.000100809759159	9.21E-05	0.000177283017621	0.000156060349019	0.000137460077676	0.000124645027367	0.000153737763927	0.000148147549679	0.000135095332281	0.000147471248524	0.000150888492443	0.000110207745729	0.000156618072831	0.000131966576625	0.000182528109396	0.000106892101168	0.000151832937021	0.00013214526862	0.00014661078946	0.000117524697405
b3655	0.000277960003476	0.000293219144501	0.000147244888984	0.000151345999941	0.000283482256345	0.000270074976205	9.41E-05	0.000121218965364	0.00015540813408	0.000142955959109	0.000119345362369	0.000122269244475	0.00013925949416	0.000175108515879	0.000123690818881	0.000109498882482	0.000139231415271	0.000115410312553	0.000102567057328	0.000102620062481	0.000105406136868	0.000100886911437	9.65E-05	0.000100371746215
b1208	6.15E-05	5.80E-05	7.13E-05	7.94E-05	4.63E-05	5.99E-05	4.82E-05	4.78E-05	6.54E-05	6.47E-05	4.42E-05	6.92E-05	3.91E-05	3.76E-05	3.92E-05	3.92E-05	6.49E-05	6.53E-05	5.44E-05	5.44E-05	7.87E-05	5.87E-05	4.97E-05	5.85E-05
b1767	8.52E-05	6.22E-05	5.61E-05	6.33E-05	0.000131846643647	7.91E-05	0.000188908863061	0.000184930248066	9.47E-05	8.36E-05	0.000151365103953	0.000157282471942	0.000177395298907	0.000166729821789	9.32E-05	7.70E-05	0.000122144373473	0.00010341151622	0.000196997134239	0.000190118352034	0.000103584038522	9.13E-05	0.000132828887566	9.76E-05
b1602	0.000894150334645	0.000727634581024	0.000775544390764	0.00083340509708	0.001212214090674	0.001217814459254	0.001133309255558	0.001187228960427	0.001107627614391	0.000890089277926	0.001154497448635	0.00126917132934	0.001541381552561	0.001847062714502	0.001794655361499	0.002259993961106	0.001700985323643	0.001631656346586	0.001021177335028	0.00098236726404	0.001787654071386	0.001549870808262	0.001493891895288	0.001384662379252
b1464	3.93E-05	3.71E-05	4.29E-05	4.28E-05	3.92E-05	4.02E-05	4.29E-05	4.26E-05	4.30E-05	4.25E-05	4.32E-05	4.42E-05	4.05E-05	3.90E-05	4.06E-05	4.06E-05	4.20E-05	4.22E-05	4.11E-05	4.11E-05	6.11E-05	4.33E-05	4.33E-05	4.50E-05
b0738	1.87E-05	1.76E-05	5.71E-05	5.37E-05	6.10E-05	6.26E-05	2.04E-05	3.96E-05	3.76E-05	2.77E-05	5.02E-05	6.46E-05	3.14E-05	9.31E-05	2.60E-05	2.27E-05	1.88E-05	1.90E-05	2.19E-05	2.19E-05	7.76E-05	8.49E-05	6.08E-05	6.51E-05
b3733	0.001091849629127	0.001006151289984	0.001053325769678	0.001107889493046	0.000669163520691	0.000724367063921	0.000494759935016	0.000526816363448	0.000562988619524	0.000553377190724	0.000495879720461	0.000534707452773	0.000329655968313	0.000312105504927	0.00087155130789	0.000960477207265	0.000643148062819	0.000567972440401	0.001353653420104	0.001114075804304	0.001641453719938	0.001364681621167	0.000800376687268	0.001018699147869
b2478	0.000443540929556	0.000418637286255	0.00064309151283	0.000648690102409	0.000477139930383	0.001304441717975	0.000927946060272	0.001099246506231	0.000969858165256	0.000740099418424	0.001385642554567	0.000768773967344	0.000775704801399	0.000647015151325	0.00138317696422	0.00150816182141	0.000773063600973	0.000705156772302	0.001036306740053	0.000661254988338	0.000938136611197	0.000873457745062	0.000704772018438	0.000610885677954
b0463	0.000606566017835	0.000567030841049	0.000619102048162	0.000679492120257	0.00066788367513	0.000694613769058	0.000857363160339	0.000899201010391	0.000635528554589	0.000600778302401	0.000641088680617	0.000790363314854	0.000792210481629	0.000568051735665	0.001050461460617	0.000922649276672	0.000986146026519	0.000828609180299	0.000900725924412	0.000915659005342	0.00102064898303	0.000826489807599	0.000759264638523	0.000748157315094
b0754	0.001273679285594	0.00135294525776	0.001470025866548	0.001495148244164	0.001129926711538	0.001059398729537	0.003159771964985	0.00278117018523	0.004128233007334	0.003649695856134	0.003289144332211	0.003515370724708	0.003199812332324	0.002939706277113	0.002855281304061	0.00291299904834	0.003083336839744	0.002986375919548	0.00207774850531	0.001810193858718	0.002778535904413	0.003018270751772	0.002166062734415	0.002134161074481
b1062	0.000677633430097	0.000674357382465	0.000799402698209	0.0008367646039	0.000560945424929	0.000553892890636	0.000707358949323	0.000647327486105	0.000522148993165	0.000535222332205	0.000900618138824	0.000904663343642	0.000454053219164	0.000472983199112	0.001004705205024	0.000968971574179	0.000706068490505	0.000904271982875	0.00051761869864	0.000570276010633	0.000922819344174	0.000970451487453	0.000728943181771	0.000805101933986
b1192	4.30E-05	4.05E-05	6.93E-05	6.92E-05	6.01E-05	6.53E-05	7.51E-05	7.42E-05	8.56E-05	8.47E-05	4.76E-05	9.79E-05	8.20E-05	0.000100377655446	6.34E-05	5.94E-05	7.54E-05	6.44E-05	5.86E-05	5.87E-05	5.33E-05	5.10E-05	5.63E-05	5.86E-05
b1658	0.000415500416745	0.000461190866955	0.000453533972601	0.000487208081689	0.000411532368008	0.000544178796229	0.000639102247652	0.000667056186923	0.000572457077546	0.000512657049823	0.000445629462775	0.00056330188048	0.000541377916113	0.000514308531269	0.000471627081634	0.000439451198473	0.000602761250891	0.000547193410684	0.000584885815412	0.00052818923728	0.000565071468507	0.000549375033579	0.000399057787844	0.000462180436682
b1637	0.000788751845546	0.000602619889654	0.000754862577234	0.00084250929122	0.000582464466391	0.000525851594283	0.001208032964926	0.001169514617562	0.001428499566574	0.001176094262389	0.001121189737766	0.001230664754388	0.001125066707682	0.001138481484767	0.000910831780884	0.000833117841193	0.001215454017368	0.001045794950787	0.00103761517494	0.000905688537183	0.000985900097757	0.000720068978502	0.000735534043793	0.000670440755121
b1276	0.001862795080814	0.002883332897076	0.001407175627428	0.001318607682366	0.001485278735249	0.00138814501333	0.000330205132634	0.000296392372851	0.000408760560797	0.000315822751661	0.000169046961819	0.000240604157855	0.00034523551077	0.000365881278094	0.000392295560723	0.000315773019616	0.000647896282172	0.000505411527326	0.000482645930368	0.000427799911561	0.000798170059446	0.00053039887217	0.000470117768546	0.000385901918041
b3945	0.000911481403366	0.000590101165985	0.000607264748327	0.000827151764609	9.46E-05	0.000244515061574	0.000234492414929	0.000226514154984	0.000829420131181	0.000877434542828	9.26E-05	0.00010318916486	0.000211995901226	0.000212435433313	0.000367990855435	0.000333167648207	0.000520976113751	0.000770543246812	0.000389417813923	0.000485953442152	0.000578895027433	6.01E-05	0.001034009489254	0.000187191243552
b2312	0.000515039464194	0.000610298306065	0.000511469108914	0.000527031890377	0.000554780810362	0.0004881464524	0.000666087035903	0.000780067786117	0.000687014403954	0.000569851758951	0.000782754244292	0.000931665253852	0.000724056077323	0.000700572900492	0.000728080431241	0.000558953130438	0.000663371546411	0.000594860889425	0.000881697700679	0.000624754496557	0.0010016570512	0.000827433119617	0.000938728548905	0.000790688108565
b1727	9.34E-05	8.81E-05	0.000103552843464	0.000109856018147	9.08E-05	9.53E-05	0.000124076137396	0.000123416911037	8.41E-05	8.47E-05	4.97E-05	9.87E-05	7.06E-05	5.36E-05	0.000133562136172	0.00013738004321	0.00012874300043	0.000119114329055	0.000138509050139	0.000135620654975	0.000151950093344	0.000131299553703	8.53E-05	0.000106737666517
b3037	2.83E-05	2.67E-05	6.31E-05	6.33E-05	3.04E-05	3.89E-05	3.09E-05	3.06E-05	3.10E-05	3.06E-05	3.11E-05	3.19E-05	5.20E-05	2.91E-05	2.92E-05	2.92E-05	3.77E-05	3.80E-05	2.96E-05	2.96E-05	4.93E-05	4.51E-05	4.24E-05	4.41E-05
b0481	2.15E-05	2.03E-05	2.35E-05	2.34E-05	2.79E-05	2.87E-05	3.35E-05	5.72E-05	2.40E-05	3.45E-05	7.94E-05	8.14E-05	3.34E-05	3.52E-05	2.44E-05	2.45E-05	2.35E-05	2.36E-05	3.42E-05	3.42E-05	3.87E-05	3.71E-05	3.51E-05	3.65E-05
b1680	0.000217137298097	0.000204792899876	0.000159393039858	0.000159173760718	8.85E-05	0.000100921074332	0.000224037508571	0.000155691776603	7.46E-05	7.38E-05	7.48E-05	7.67E-05	0.000115848776013	0.000111427649792	7.03E-05	7.04E-05	6.86E-05	6.90E-05	7.12E-05	7.13E-05	0.000411333118605	0.000393697455774	7.51E-05	7.81E-05
b4390	7.96E-05	8.55E-05	7.43E-05	7.42E-05	6.14E-05	8.76E-05	7.10E-05	8.95E-05	8.72E-05	8.11E-05	0.000100088336395	0.000102540434156	9.40E-05	0.000104323523646	5.89E-05	5.89E-05	5.75E-05	6.04E-05	9.63E-05	7.70E-05	0.000127120680785	0.000100510377685	0.000109247821622	7.80E-05
b4000	0.000112251694321	9.83E-05	0.000312563545515	0.000230201237117	0.000148003765213	0.00020233306484	0.000140486787422	0.000188884202901	0.000201589485668	0.000349610809982	0.000400255800661	0.000435704847638	0.000229666633495	0.000141765386599	0.000174200506546	0.000270135502965	0.000156237199564	0.000208073813187	0.000191410322325	0.000163457776753	0.000234970862449	0.000145208006571	0.000180011401798	0.000270166955542
b3460	0.003948452537246	0.002493308774616	0.002834106640016	0.003885234264036	0.004169216545311	0.004143857940767	0.003031979610055	0.002441703310118	0.003933140627457	0.003509468338482	0.004870108219915	0.00421752686977	0.003695364155528	0.002566634886701	0.005080477182611	0.004365929627799	0.003930747204826	0.00320869147125	0.003825829033637	0.004144160926531	0.004958892308964	0.004599585022104	0.003420362725107	0.003581078148707
b2893	0.000123310899779	9.79E-05	0.000152790771411	0.00016409052177	0.000109889641317	0.000106412197261	0.000219942850429	0.000207425085556	0.000316364967559	0.000235278621808	0.000183622958287	0.000200927282994	0.000170498671697	0.000151356501457	0.000227899775879	0.000166782424641	0.00018168220193	0.000163318616537	0.000230833825304	0.000252206471155	0.000282949703716	0.000225300299696	0.000192890059393	0.000188481505716
b0878	7.26E-05	6.85E-05	5.48E-05	5.47E-05	5.69E-05	6.50E-05	6.09E-05	5.49E-05	8.10E-05	6.09E-05	7.41E-05	7.69E-05	5.18E-05	4.99E-05	5.45E-05	5.72E-05	5.06E-05	5.09E-05	6.96E-05	5.75E-05	6.12E-05	6.04E-05	5.54E-05	5.76E-05
b3067	0.001164589120102	0.001199317602115	0.0012537488744	0.001287634326928	0.001115067044171	0.001275163299881	0.001689461464222	0.002618020691361	0.001104173700224	0.001372191510385	0.002201083023837	0.002660524939256	0.001134400847301	0.001227497413203	0.001518326393492	0.0013229850814	0.001381715765548	0.001535545027656	0.001860982612876	0.00187826355311	0.001291030484205	0.001406035496264	0.001025987481408	0.001252582633642
b1067	3.45E-05	3.26E-05	0.000140827458678	0.000145924890136	3.64E-05	6.64E-05	0.000119669531124	0.000113228187589	3.61E-05	3.57E-05	7.72E-05	8.57E-05	3.32E-05	3.20E-05	4.41E-05	4.99E-05	3.40E-05	4.09E-05	8.07E-05	8.34E-05	0.000125593597844	0.000119128318068	3.83E-05	0.000127748533815
b3812	0.000146882046814	0.000165859249375	8.13E-05	8.06E-05	7.72E-05	0.000148135875778	5.04E-05	5.00E-05	8.81E-05	0.000125110951367	8.57E-05	6.04E-05	7.19E-05	4.13E-05	7.13E-05	8.89E-05	9.30E-05	5.03E-05	0.000113329330849	7.38E-05	0.000128227688967	9.58E-05	9.99E-05	9.17E-05
b3982	0.000476697444108	0.000405558917585	0.000435755254019	0.000432790802613	0.000465177858742	0.000398827179824	0.000921993743339	0.000798413321269	0.000807091637335	0.00098363249337	0.00104670819746	0.001104603036598	0.000765563910233	0.000768016320025	0.001110768197631	0.001183339458654	0.000812985056102	0.001083066192346	0.000874271551987	0.000931494089793	0.000782323697845	0.000633620091749	0.000613737877405	0.000683031336582
b3500	0.000472038701385	0.000513808041752	0.000438238452075	0.000495500083824	0.000490317240428	0.000493744735441	0.000526156533098	0.000517153291961	0.000537904814724	0.000526190972622	0.000352936281158	0.000443998369177	0.000543761560725	0.000609496042466	0.000526440173656	0.000383533198834	0.000527072843584	0.000518318656912	0.000451267171244	0.000483865998112	0.000720236414939	0.000720418629755	0.000726397975987	0.000649006183112
b3087	0.000186927570932	0.0001459537883	0.000257724208724	0.000294077157413	0.000152646133559	0.000191919779906	4.76E-05	4.73E-05	4.66E-05	4.61E-05	4.80E-05	4.91E-05	5.73E-05	5.62E-05	4.51E-05	4.51E-05	0.000104489082771	9.62E-05	4.56E-05	4.57E-05	4.82E-05	4.61E-05	6.41E-05	5.44E-05
b0598	0.003725793119898	0.003471272118876	0.003838523061099	0.003874766982906	0.003936624138471	0.003488824940011	0.000110051624625	0.000109219807977	0.000103948450731	0.000102802202018	0.000116024386427	0.000118866906829	0.000149113984926	0.000143423361586	0.00061065847061	0.000633252841782	0.000388624564565	0.000398271976357	0.0011614897404	0.000806568528829	0.000300723973241	0.000133425852087	0.000630181498901	0.000509710877881
b1761	0.004427404311677	0.005148871124148	0.003656849383744	0.003452608152842	0.003880475765813	0.003836678765078	0.005210024085552	0.00504993125177	0.005380109195007	0.005628656688488	0.00384783047187	0.003167438715253	0.004355226289859	0.004093187643059	0.001967572151299	0.002164268567609	0.00422119054543	0.004166656856091	0.003895586161748	0.003778317974136	0.001205120473941	0.001218587743528	0.002005865941969	0.001753896566893
b1886	0.000311318016623	0.00016624478282	0.000164556950374	0.000164330567173	0.000150339117437	0.00015948799058	0.000487594415954	0.000570394830204	0.000890403841281	0.000675782980666	0.000165711048658	0.000169770859281	0.000697077495714	0.000755385050987	0.000155702626689	0.000155816581945	0.000845642354209	0.000689692813541	0.001182803914238	0.001679322479304	0.000166543526672	0.000159403072013	0.000166259694674	0.000172897893177
b3066	7.91E-05	7.46E-05	8.62E-05	8.61E-05	8.22E-05	8.44E-05	9.08E-05	9.83E-05	8.15E-05	8.06E-05	0.000112710031182	0.000115471352081	8.80E-05	8.53E-05	0.000156707377546	0.000317224548829	0.00026386937847	8.01E-05	9.93E-05	0.000189988165354	0.000258698461581	0.000247606918895	8.71E-05	9.06E-05
b3775	2.82E-05	4.13E-05	6.31E-05	4.03E-05	3.40E-05	4.17E-05	8.29E-05	0.00010228303647	2.13E-05	1.73E-05	4.85E-05	8.27E-05	3.76E-05	3.21E-05	4.68E-05	4.67E-05	3.60E-05	2.73E-05	3.12E-05	2.44E-05	4.96E-05	2.37E-05	4.29E-05	5.96E-05
b0002	0.001630791068261	0.002146198826239	0.001544997254602	0.001787185476397	0.001697003156577	0.001531603092825	0.003835375559146	0.003798222340263	0.004902752542273	0.005412512896046	0.006791629789685	0.006374738526513	0.004722922577938	0.005419799412727	0.005858161003431	0.005273575586245	0.004443492631625	0.004968418446239	0.004822327340034	0.004579389408836	0.004172851407688	0.00493791143557	0.003096003591598	0.003141853449633
b4200	0.000318240302545	0.000372052094753	0.000808900125963	0.000530506086835	0.000222232700197	0.000268850411275	0.000654416527548	0.000708087910803	0.00043347421618	0.000607754078155	0.001373611971778	0.001407077689792	0.000377376859384	0.000401035541624	0.000452438777299	0.000387769984815	0.000324346704257	0.000387924879094	0.000501659783591	0.0004539848979	0.001156873548282	0.000998318012962	0.00034897765956	0.001150201980286
b1246	0.000133739218951	0.00013726570842	0.000212325216134	0.000330685993336	0.000109726158125	0.000139968151101	0.000358701329597	0.000344066999638	0.000374472769814	0.000472147787223	0.000162844449919	0.000197368641184	0.000327787449521	0.000394097658909	7.83E-05	6.01E-05	0.000282304291932	0.000194812751913	0.000251995107975	0.000233205652769	0.000244408495348	0.000174096826801	0.000313332483915	0.000280323967749
b0871	0.000191526392944	0.000318590978206	0.00029110971411	0.000317137342445	0.000350253790801	0.000407773945967	0.000116621930455	9.02E-05	0.000176382174219	0.000183793976735	9.15E-05	9.37E-05	0.000173852122124	0.00012882898469	8.59E-05	8.60E-05	8.98E-05	8.64E-05	8.77E-05	8.78E-05	0.000142606736497	0.000136492557482	0.000185723200974	0.000193138512768
b2794	5.41E-05	4.78E-05	6.54E-05	7.92E-05	7.18E-05	5.60E-05	0.000127462165501	0.000129483973934	9.52E-05	5.83E-05	8.52E-05	0.000127583371846	0.00014717572599	0.000150449255529	5.94E-05	4.70E-05	8.01E-05	6.46E-05	8.14E-05	6.27E-05	7.46E-05	6.19E-05	8.58E-05	6.24E-05
b1914	2.98E-05	2.81E-05	4.02E-05	3.94E-05	3.95E-05	3.72E-05	4.41E-05	4.32E-05	4.43E-05	4.30E-05	3.27E-05	3.36E-05	5.53E-05	6.52E-05	4.56E-05	4.57E-05	3.74E-05	4.25E-05	7.50E-05	8.54E-05	0.00010849890737	4.78E-05	6.24E-05	6.80E-05
b3996	3.61E-05	3.41E-05	3.94E-05	3.93E-05	5.35E-05	5.49E-05	4.35E-05	4.59E-05	4.66E-05	5.28E-05	4.41E-05	5.37E-05	3.72E-05	3.58E-05	4.54E-05	3.73E-05	4.52E-05	4.55E-05	5.22E-05	4.70E-05	4.12E-05	4.51E-05	3.98E-05	4.14E-05
b0172	0.00051345573812	0.000356404540622	0.000515394886478	0.000509455786753	0.00025881231189	0.000309161626939	0.000541029398947	0.000665739514982	0.000668696437889	0.000641080361927	0.000989114716805	0.000999593746343	0.000397835321111	0.000257917061088	0.000802785665052	0.000983027651721	0.000619453706154	0.000566686617866	0.000730759386866	0.000810117180378	0.001451612778237	0.00089911635263	0.000564502724858	0.000928961199822
b2813	5.94E-05	5.60E-05	6.06E-05	7.17E-05	0.000106460604035	0.000117133616186	7.74E-05	0.00010642809063	6.21E-05	6.14E-05	8.54E-05	0.000160615159929	7.45E-05	8.27E-05	7.50E-05	6.27E-05	8.26E-05	8.18E-05	7.37E-05	7.02E-05	9.20E-05	9.44E-05	0.000100309831969	9.40E-05
b1642	7.82E-05	7.37E-05	7.32E-05	5.99E-05	2.86E-05	2.94E-05	4.26E-05	4.18E-05	4.74E-05	4.69E-05	3.74E-05	4.63E-05	2.09E-05	2.01E-05	6.48E-05	6.48E-05	2.98E-05	5.08E-05	6.35E-05	5.01E-05	9.62E-05	3.31E-05	3.28E-05	3.41E-05
b0945	8.91E-05	0.000116664120352	0.000182395739911	0.000187651519376	0.000118583271515	9.82E-05	0.000263068142109	0.000243814810007	0.000187561623805	0.000201743852405	0.000245611849301	0.000288826532988	0.000186545068405	0.000172866307082	0.000228770909922	0.000218093894425	0.000194596129913	0.000157586268711	0.000159762204583	0.000145609228273	0.00020048165657	0.00014915345459	0.000221139684164	0.000212141999919
b3346	0.000122840027706	5.99E-05	7.61E-05	8.28E-05	3.36E-05	3.45E-05	9.10E-05	7.13E-05	9.06E-05	7.98E-05	9.72E-05	9.89E-05	3.48E-05	7.99E-05	5.47E-05	3.49E-05	4.23E-05	4.25E-05	9.72E-05	9.28E-05	0.000122421248361	7.76E-05	6.03E-05	7.18E-05
b2432	3.40E-05	2.84E-05	5.95E-05	5.73E-05	2.84E-05	2.92E-05	3.98E-05	3.40E-05	3.23E-05	3.20E-05	3.13E-05	4.25E-05	2.99E-05	3.14E-05	3.51E-05	3.51E-05	2.56E-05	2.57E-05	3.42E-05	2.91E-05	5.83E-05	5.25E-05	3.34E-05	3.47E-05
b3149	2.57E-05	2.42E-05	5.77E-05	6.35E-05	2.62E-05	2.63E-05	9.03E-05	3.96E-05	2.65E-05	2.62E-05	3.55E-05	4.60E-05	2.65E-05	2.55E-05	2.90E-05	2.88E-05	3.91E-05	3.93E-05	4.20E-05	2.71E-05	4.14E-05	7.99E-05	3.91E-05	3.63E-05
b2027	0.000385211845982	0.000416045315556	0.000477250638088	0.000494650065086	0.000308092261881	0.000310692292544	0.000630496415945	0.000650359357215	0.000356762245477	0.000427872946905	0.000398874979019	0.000500180642436	0.000248550853004	0.000294528609244	0.000562574152395	0.00052396706388	0.000467313920606	0.000486609792836	0.000617771786732	0.000589464516383	0.000648129943364	0.00061015886588	0.00034114338137	0.000473166073852
b3414	0.000304059391997	0.000120867977195	0.000326725803502	0.000340304511244	0.000363771829575	0.00034905909512	0.000486722871851	0.000492421175933	0.000586276526707	0.000443345406699	0.000560475644087	0.000567960113454	0.000364211113541	0.000297875155397	0.000515395532011	0.000632274539729	0.000426114150325	0.000340572444335	0.000489534522518	0.000453558558919	0.000479704549477	0.000418784078407	0.00045564007009	0.00039647189752
b2344	0.000584301459618	0.000717667664579	0.000477035626058	0.000452895872091	0.000758591787454	0.000572782282995	0.000318119204948	0.000287367100656	0.000288309941303	0.000280945317116	0.000280786224744	0.000310193306225	0.000253647927039	0.000212389664957	0.000339585359216	0.000284166875579	0.000289938345218	0.000286013185634	0.000601522797423	0.000610423609645	0.000297496629393	0.000235386421024	0.000311131983294	0.000282374794534
b3592	6.22E-05	3.62E-05	4.55E-05	4.23E-05	6.03E-05	8.92E-05	5.10E-05	5.71E-05	2.97E-05	2.94E-05	3.35E-05	3.43E-05	2.98E-05	2.86E-05	2.98E-05	2.98E-05	3.02E-05	3.04E-05	3.02E-05	3.02E-05	6.11E-05	5.84E-05	4.26E-05	6.58E-05
b2019	0.000431991918563	0.000418417604219	0.000675441647801	0.000687579911022	0.000287268851198	0.000312884045619	0.001004034498003	0.001053374412458	0.000544721383491	0.000553818843133	0.001430894593334	0.001071271563395	0.000807704684317	0.000462137011406	0.000481053347871	0.000460997620227	0.000801103882065	0.000659864186121	0.000815520189098	0.000606697445886	0.001179446137358	0.001333179667876	0.001019563197553	0.001190884067765
b1541	2.77E-05	2.21E-05	2.49E-05	4.48E-05	2.09E-05	2.31E-05	9.35E-05	8.09E-05	0.0001233015492	0.000182167855631	5.25E-05	6.28E-05	0.000100406390264	6.51E-05	1.13E-05	1.13E-05	1.74E-05	1.27E-05	1.62E-05	1.47E-05	2.66E-05	1.85E-05	2.70E-05	2.35E-05
b3636	5.80E-05	6.10E-05	0.000122151931964	0.000116259010402	0.000116163901533	8.21E-05	0.000161668304341	0.000186494253305	0.000211311517563	0.000194078653554	0.000213007720953	0.000301482850618	0.000150352420659	0.000141739627471	9.69E-05	0.000107173517457	5.36E-05	5.07E-05	5.47E-05	8.56E-05	8.90E-05	4.36E-05	0.000127574310149	0.000169348526979
b2620	8.17E-05	0.000113542991382	8.56E-05	0.000100375756715	0.000100685234158	9.52E-05	0.000158299156072	0.00016379678572	9.64E-05	0.000117745903279	8.62E-05	0.000111525097365	0.000116985225102	0.000126513936844	0.000150334751537	0.000124306494427	0.000149577491067	0.000195517647827	0.000168022296048	0.000155783818883	8.89E-05	6.53E-05	9.58E-05	9.83E-05
b1424	0.000217067043311	0.000179057549812	0.000228744010442	0.000251561407709	0.000256596152548	0.000245711127625	0.00014843859761	0.000140849076382	0.000121056415628	9.13E-05	0.000110800436622	0.000115008591798	0.000145138654879	0.000171865719728	0.000221230438253	0.000182323113283	0.00022918613653	0.000207073970628	0.000270559330066	0.000223500324808	0.000234435919394	0.000231396638111	0.000217946380464	0.000150591794922
b1079	5.44E-05	5.16E-05	0.000190793101018	0.000225121005606	5.19E-05	4.55E-05	8.63E-05	9.13E-05	0.000135467983977	7.00E-05	3.66E-05	3.75E-05	0.000102037914744	0.000106150323223	3.44E-05	3.44E-05	9.36E-05	7.20E-05	0.000191830549185	0.000163888893633	3.68E-05	3.52E-05	3.67E-05	3.82E-05
b0924	0.000936303153286	0.00106648131843	0.001237001431533	0.001062749876621	0.000864634294345	0.000961067213697	0.001003646757911	0.001040893252856	0.000975814557565	0.000959550053373	0.000784974221725	0.000905490904873	0.000934076018699	0.000955585475638	0.00101995663176	0.001115522530184	0.001092895254036	0.001081425216855	0.001533636799682	0.001466650885891	0.001581809746391	0.001207768878581	0.000981986687086	0.000802514198848
b4162	0.00013783155494	4.38E-05	0.00011068576174	0.000114130024231	7.41E-05	8.51E-05	0.000147225026271	0.000112980751235	8.21E-05	9.58E-05	8.58E-05	0.000139706577444	6.95E-05	4.63E-05	8.45E-05	9.55E-05	8.69E-05	8.43E-05	0.000123796500431	6.03E-05	0.000125386869932	7.86E-05	6.55E-05	7.42E-05
b3870	0.002348651889502	0.00282250369829	0.002183384109048	0.002279026618647	0.002311424118848	0.001811535934063	0.003311092433969	0.003784710980222	0.003934647685382	0.003547222473808	0.005110598937657	0.004890539779229	0.004525165229535	0.005436777479511	0.003827612900166	0.004544117297732	0.004613817563883	0.004000156303896	0.00451146837019	0.003721602989216	0.004256496072737	0.004910258975643	0.006145522854537	0.005115230668817
b3012	0.000126030549063	5.15E-05	0.000151427940478	0.000175945101764	0.000118346803627	0.000180348261589	4.34E-05	5.13E-05	5.26E-05	5.90E-05	4.41E-05	5.48E-05	5.29E-05	5.09E-05	3.87E-05	3.87E-05	3.78E-05	4.13E-05	4.78E-05	6.12E-05	7.74E-05	5.28E-05	5.11E-05	5.32E-05
b3299	4.96E-05	7.71E-05	7.18E-05	7.56E-05	7.54E-05	5.44E-05	0.000143701928824	0.000137518779328	1.00E-04	0.000149663109146	0.000139901577965	0.00011071651635	0.000143104027346	0.000130179098752	9.70E-05	7.76E-05	0.000104867624356	8.29E-05	9.14E-05	7.71E-05	0.000114164657661	0.000159735941257	0.000110715257108	0.000122592865996
b1123	0.000947608599547	0.000727009024428	0.00106965817162	0.001250396166601	0.001040313074604	0.001323734355954	0.000588802483559	0.000975997014645	0.000804361794928	0.000615364816817	0.000678981037597	0.001005960091687	0.000632598243205	0.000560334563261	0.000406368271723	0.000433408833915	0.000366640022557	0.000209437625392	0.000589043391725	0.000664144676964	0.000788562050248	0.000720445970351	0.001753802443958	0.001284026232668
b1525	0.000517996617387	0.000556994511426	0.000190390505669	0.000198146053262	0.000368837974931	0.000382322986823	0.000115874775626	0.000112721738309	6.18E-05	6.11E-05	8.26E-05	8.05E-05	0.000101964651048	8.56E-05	6.19E-05	6.19E-05	6.35E-05	6.39E-05	6.27E-05	6.27E-05	6.67E-05	6.39E-05	6.61E-05	6.87E-05
b3169	0.00096634934398	0.001322504975091	0.001070870086969	0.001080773439157	0.001132730594744	0.00110798620356	0.001782153718218	0.001964715147994	0.00196795972811	0.0020024407506	0.00159781317563	0.001957559511089	0.002004638932645	0.001989739711915	0.001801332851682	0.001826622632373	0.00240285029265	0.002427132344335	0.00195493352173	0.001853989549297	0.001555877749948	0.001838012725142	0.001517416895221	0.00130602467782
b1611	0.000372759941466	0.000467414579466	0.00046122782994	0.000595514586031	0.000518209112545	0.000348935203408	0.000314567909061	0.000305252710379	0.000198081866324	0.000221473120175	0.000159512404639	0.000161017112121	0.000171842072183	8.79E-05	0.000197266372351	0.000148885200387	0.000337583756462	0.000247183039855	0.00035328833018	0.000422713230083	0.000213948119848	0.000173184553678	0.000243591097482	0.00020191925422
b0914	8.73E-05	0.00016783983941	0.00021636329224	0.000249477850476	0.000253369999235	0.000214731083098	0.000293777155144	0.000269413119306	0.000310502254166	0.000253582774318	0.000338426421959	0.000328307858072	0.00041840044937	0.000539057408202	0.000127335317616	0.000145029134608	0.000233346388833	0.000220289309388	0.000332056333548	0.000240259258003	0.000365711307065	0.00020454524536	0.000239635978937	0.000242954222936
b2960	7.71E-05	7.27E-05	0.000122522865492	0.000128330483626	9.27E-05	0.000283230329192	0.00031632359657	0.000542190521093	0.000100883267012	0.000143917198151	0.000159540432252	0.000317474628893	0.00046738532465	0.000346688167638	0.000128447164919	0.000139576029553	0.000117457427305	0.000120524935061	9.99E-05	0.000118691531259	0.000107744663927	0.000133940686574	0.000274630702616	0.000128071347796
b3699	0.000865804030527	0.001037328980436	0.000645334830772	0.000779138537489	0.001433185080837	0.001302653480908	0.001464374198328	0.001356487449347	0.001433157727782	0.001141057359616	0.001076136052727	0.00129088913543	0.001379636343509	0.001551610249677	0.001040591551197	0.001126822686696	0.001346516306339	0.001106238465764	0.001440782305429	0.00126941911641	0.001629663598345	0.001569842951722	0.001229598944702	0.001095555173535
b3850	2.78E-05	2.63E-05	2.79E-05	3.37E-05	2.86E-05	2.94E-05	3.80E-05	4.81E-05	3.40E-05	3.64E-05	3.08E-05	3.16E-05	2.71E-05	2.61E-05	3.27E-05	5.75E-05	4.14E-05	4.16E-05	5.54E-05	4.34E-05	8.18E-05	5.98E-05	3.07E-05	3.19E-05
b0775	4.91E-05	4.63E-05	5.35E-05	5.34E-05	0.000201595829378	0.000206909000614	0.000213146795547	0.000159758165033	5.31E-05	7.66E-05	0.000255427751214	0.000240070058138	0.000102028271339	4.91E-05	9.41E-05	0.000132962317112	4.94E-05	4.97E-05	0.000119622773876	0.000135927502248	7.62E-05	7.60E-05	9.32E-05	0.000100700704532
b3495	7.95E-05	5.53E-05	0.000545555730455	0.000582741705671	0.000199435457068	0.000545265301124	5.30E-05	0.000214135947867	8.54E-05	5.77E-05	7.02E-05	9.14E-05	0.000214695029174	0.000234484722165	5.23E-05	3.28E-05	5.66E-05	5.65E-05	2.63E-05	0.000151035793096	0.000131658818978	2.78E-05	0.000542775554815	0.00050876145066
b0529	0.000288631411401	0.000314341141865	0.000351985478181	0.000402277622505	0.000362138430801	0.000327362893042	0.000573446482893	0.000568756659327	0.000471951457751	0.000451356260156	0.00046226870041	0.000548955264515	0.000477840357368	0.00056383807746	0.000477038677194	0.000465859980426	0.000551313782613	0.000545082611712	0.000514408481583	0.000460769138034	0.000450095168276	0.000422473014205	0.000521321885752	0.000435289366751
b2784	0.000137513853533	0.000129696100508	0.00027765989902	0.000331380927079	0.000215663603303	0.00020683294592	0.000216775210246	0.000201690685944	0.000199268959967	0.000150967696345	0.000138342253067	0.000141731546377	0.000216852381034	0.000205936452562	0.000166602825098	0.000152067636385	0.000139311650671	0.000157246670838	0.000254975949592	0.000130800684209	0.000284928426851	0.000179933882064	0.0001466200192	0.000126045231665
b1905	0.000246134522009	4.36E-05	0.000440021306777	0.000423307028041	5.22E-05	0.000126258405687	0.000117209886397	0.000112765296451	3.49E-05	4.04E-05	5.66E-05	9.50E-05	2.90E-05	2.79E-05	7.08E-05	8.38E-05	4.98E-05	7.45E-05	0.000242630797615	0.000172507271755	0.000431274978557	0.000246325028174	8.15E-05	0.000371225146533
b0679	0.000602201039967	0.000985246301082	0.001002767203492	0.001065942549582	0.001068095111391	0.001041543970869	0.00033277890951	0.000357655158959	0.000236860164206	0.000243087844309	0.000362003765661	0.000445697794676	0.000321347454989	0.000335617786333	0.000472913788743	0.000535963108637	0.000379124899833	0.000234301535447	0.000701126279853	0.000656133744514	0.000219410410838	0.000191675757492	0.000449223908873	0.000297358891933
b2103	0.000106005184975	0.000124544920373	0.000181981471788	0.000171176860165	0.000107720796628	0.000112417987234	0.000211439382291	0.000205250957163	0.000135430723831	0.00011665508283	0.000169954124934	0.000207851099306	0.000125882455206	0.000103652737069	0.00014281423017	0.000123216605171	0.00016706585892	0.000141412775365	0.000174089878884	0.000170062867806	0.000176824636068	0.000212114110071	0.000175188512855	0.000185653365843
b2450	4.85E-05	5.40E-05	9.81E-05	0.000122681837503	3.61E-05	3.70E-05	4.19E-05	4.16E-05	3.96E-05	3.91E-05	4.84E-05	5.77E-05	3.73E-05	3.59E-05	3.73E-05	3.74E-05	3.64E-05	3.67E-05	3.78E-05	3.78E-05	3.99E-05	3.82E-05	3.99E-05	4.15E-05
b0126	0.000216349782353	0.00018402069186	0.000387031908535	0.000390546578353	0.000282450522924	0.000310523873361	0.000524980898122	0.000518426485915	0.000443353636501	0.000361915988913	0.000555031387719	0.000745728640896	0.000375350849826	0.000396576012281	0.000579028654316	0.000680322108413	0.000643967547752	0.000538259351247	0.000535436450143	0.000568466602694	0.000510651107374	0.000411083259287	0.00040946251376	0.000396916677184
b1678	0.000205710476698	0.00019401570079	5.12E-05	4.86E-05	4.37E-05	4.49E-05	8.83E-05	9.87E-05	0.000202115290732	8.91E-05	5.11E-05	7.47E-05	6.97E-05	6.40E-05	4.49E-05	4.49E-05	4.38E-05	4.41E-05	5.74E-05	5.63E-05	8.30E-05	8.99E-05	9.33E-05	8.40E-05
b4261	7.43E-05	7.01E-05	7.96E-05	9.48E-05	9.14E-05	9.86E-05	9.50E-05	0.000107212755517	5.63E-05	6.61E-05	7.78E-05	7.97E-05	8.67E-05	0.000114333384343	5.15E-05	5.16E-05	7.86E-05	7.00E-05	5.53E-05	8.08E-05	5.98E-05	5.73E-05	9.17E-05	8.46E-05
b0571	4.89E-05	4.61E-05	5.92E-05	9.04E-05	5.62E-05	5.16E-05	0.000116029197854	0.00010613776027	8.25E-05	5.58E-05	3.98E-05	7.59E-05	9.95E-05	7.57E-05	0.000427094637316	0.0003980073707	0.000583208024611	0.000267156290593	9.68E-05	0.000312324602913	0.000309791564461	9.45E-05	8.52E-05	9.39E-05
b3180	6.08E-05	6.95E-05	0.000119659863984	0.000100862931393	6.49E-05	6.08E-05	8.83E-05	0.000103973055734	0.000110002150978	0.000116576404939	0.000112482511546	0.000124991162191	8.68E-05	9.23E-05	0.000103217357187	3.77E-05	7.97E-05	7.51E-05	0.000107764848496	8.93E-05	0.000136085124012	6.70E-05	0.000106571243536	0.000123111268625
b3390	0.000104983454879	7.04E-05	0.000194484258137	0.000183189335665	8.54E-05	6.49E-05	0.000281331639654	0.000268019109907	0.000214414931347	0.000221315926062	0.000345400965084	0.000421055190802	0.000159426253797	0.000127716735976	0.000172931545165	0.000222564252287	0.000130012542497	0.000174772170808	0.000225480722091	0.000214144513411	0.000336644515133	0.000240566810363	0.000181241427851	0.00026874660796
b3802	0.000230193317615	0.00023741811149	0.000224405037451	0.000241294410142	0.000256031970095	0.000258375705038	0.000167571250929	0.000164750427343	0.000187369819603	0.000211636303774	0.00014399583958	0.000161522235771	0.000134744602516	0.000146692777251	0.000203442212869	0.000161588087873	0.000159449703153	0.000211330792477	0.000247573755434	0.000257709847336	0.000240318425226	0.00020979382418	0.000140781684014	0.000207266644725
b2314	2.77E-05	2.61E-05	4.58E-05	4.60E-05	3.92E-05	3.65E-05	3.84E-05	5.38E-05	0.000120239198952	0.000118913310726	4.48E-05	5.68E-05	3.73E-05	3.13E-05	2.85E-05	2.86E-05	3.35E-05	3.37E-05	3.37E-05	3.37E-05	4.77E-05	4.25E-05	4.28E-05	3.59E-05
b2989	0.000618432085018	0.000400051513565	0.000493179764154	0.000632416429388	0.000420189442632	0.000578054608077	0.000309451068995	0.000302661207047	0.000250987916825	0.000241587079718	0.00017833841169	0.000237828226846	0.000202827946709	0.000192368453625	0.000241452513058	0.000230662160803	0.000328666767248	0.000246724946964	0.000234177046953	0.000335683926681	0.000240113495049	0.00024538130275	0.00019818070505	0.000176258930012
b3933	7.08E-05	6.50E-05	0.000264223613737	0.000119561615865	8.64E-05	9.83E-05	0.00013999795292	0.000134431418535	0.000141205665005	0.000103772009405	0.00014135325267	0.000158446084149	0.000139394120019	0.000122432117108	8.91E-05	6.72E-05	6.25E-05	6.63E-05	6.84E-05	0.000110447399748	0.000156269701607	0.00011917588199	0.000131810341435	0.000108443901466
b3649	5.32E-05	5.01E-05	0.000111110699147	9.59E-05	5.95E-05	5.90E-05	9.69E-05	9.38E-05	6.50E-05	9.86E-05	0.000132460589386	0.00019795502872	4.80E-05	4.55E-05	5.54E-05	6.33E-05	3.38E-05	5.29E-05	6.52E-05	4.23E-05	0.000137906136712	5.79E-05	3.24E-05	7.28E-05
b2159	7.13E-05	0.000103634933482	7.23E-05	7.51E-05	6.70E-05	4.90E-05	0.000118043471061	0.00013661637921	0.000129336624824	0.000104160473405	8.34E-05	0.00010001990903	9.34E-05	6.47E-05	5.43E-05	5.57E-05	0.000120994897037	9.71E-05	0.000105092199036	0.00010375384015	7.94E-05	7.56E-05	8.03E-05	8.20E-05
b3779	7.25E-05	6.57E-05	8.48E-05	0.000116925781429	0.000107548693529	9.61E-05	8.04E-05	7.67E-05	6.82E-05	6.74E-05	7.27E-05	7.44E-05	7.66E-05	8.35E-05	6.83E-05	6.83E-05	6.66E-05	6.70E-05	6.91E-05	6.92E-05	9.74E-05	9.99E-05	0.000104230490485	0.000108392068475
b0522	0.000197009481758	0.000303514870714	0.000172504667472	0.000180903444577	0.000238271461365	0.000236442210585	0.000263615254156	0.000274726468329	0.000259316916214	0.000219456088513	0.000224132964223	0.000305226272866	0.000276794335165	0.000351110322638	0.000176573370035	0.000160756267914	0.000378125289836	0.000198688002877	0.000201965826324	0.000168464572207	0.000338118728307	0.000288790828667	0.000398704820198	0.000294110295242
b2900	2.24E-05	3.55E-05	8.53E-05	6.65E-05	7.18E-05	7.35E-05	8.23E-05	8.60E-05	6.15E-05	3.22E-05	4.18E-05	6.45E-05	7.38E-05	5.06E-05	3.59E-05	2.04E-05	2.48E-05	1.75E-05	1.74E-05	4.90E-05	2.97E-05	2.87E-05	6.31E-05	6.91E-05
b2299	3.13E-05	2.91E-05	3.55E-05	3.54E-05	3.59E-05	3.09E-05	4.68E-05	7.05E-05	3.71E-05	4.55E-05	4.59E-05	7.32E-05	4.65E-05	4.83E-05	5.05E-05	3.58E-05	4.90E-05	3.91E-05	6.26E-05	4.42E-05	6.68E-05	6.40E-05	6.39E-05	4.89E-05
b3407	0.000574419714641	0.000724332806201	0.000551774319906	0.000557878415683	0.000557919215542	0.000495291700025	0.00087014018057	0.000912297113856	0.001003700926898	0.000880709526178	0.000961007260619	0.001097997540529	0.000950844961702	0.001136052456715	0.000820286531887	0.000734428806494	0.001079365432058	0.000972063238844	0.001089604748843	0.001058159458426	0.000908202913839	0.000842634714526	0.000935422064348	0.000754077558925
b0015	0.000342566651508	0.00030423084002	0.000348435755402	0.000325232723898	0.000491138745045	0.000436516303931	0.000570468063013	0.000586863517847	0.000517779802423	0.000415503327549	0.000674547866041	0.000676401360012	0.000469425461142	0.000490753881082	0.000522565831737	0.00046998013337	0.000550925254191	0.000472000335173	0.000488858202125	0.000574568864147	0.000513370229053	0.000467939833389	0.000369762976554	0.000352150460217
b1187	0.000109825355066	4.44E-05	9.67E-05	0.000155631766407	4.75E-05	6.01E-05	7.93E-05	8.62E-05	5.79E-05	5.73E-05	3.60E-05	9.24E-05	3.38E-05	3.25E-05	5.30E-05	0.000243885610179	0.000323316867575	0.000325318629168	0.000270992667252	4.24E-05	0.000134430495237	0.000138309349591	6.16E-05	6.41E-05
b2937	0.000305252073289	0.000194498729923	0.000245395129858	0.000301103818493	0.000256725535468	0.000296155939033	0.000451058571353	0.000495680318862	0.000343029456942	0.000256424317937	0.000257250277814	0.00043326472961	0.000337514306987	0.000309141494939	0.000747113455005	0.000508335670362	0.000570218290359	0.000596396675278	0.000417315449778	0.000422727055022	0.000231121432068	0.000211838838201	0.000274526669924	0.000247666601729
b3291	7.25E-05	6.83E-05	8.80E-05	8.96E-05	0.000110802392611	0.000104340128662	8.99E-05	8.14E-05	2.71E-05	2.80E-05	3.09E-05	5.70E-05	4.16E-05	3.97E-05	5.42E-05	5.51E-05	6.18E-05	6.31E-05	5.84E-05	3.82E-05	0.000110173953284	6.90E-05	6.19E-05	5.76E-05
b0416	3.97E-05	1.96E-05	9.92E-05	0.000114933876848	5.29E-05	5.18E-05	0.000246907066741	0.000205697771636	4.86E-05	3.82E-05	0.00027772119097	0.000331012556745	3.53E-05	4.43E-05	5.79E-05	5.79E-05	2.51E-05	3.43E-05	0.000136315933525	4.77E-05	6.34E-05	9.40E-05	3.73E-05	4.47E-05
b4203	0.001466789044981	0.001948465579851	0.001416523062347	0.001433101115064	0.001144248867584	0.000992770610609	0.003128275276286	0.002412164603513	0.002401432266004	0.002592153977733	0.003921293272911	0.003144797780461	0.002867079441493	0.001877600270793	0.002516598281247	0.00235878793168	0.002148174574982	0.002304052561979	0.002132909529057	0.002677804589248	0.002479204440769	0.002682297461962	0.002714611934659	0.002502514949596
b1677	0.000672589830345	0.000531643986509	0.000717699660776	0.000946029573595	0.000884514826207	0.00084022355178	0.000842849201562	0.000612420124003	0.001026131763544	0.000849313426612	0.000822983857946	0.000725979469982	0.001008541802442	0.001100348102025	0.000998276504263	0.000902924269987	0.001052918051488	0.00092774298458	0.000552486562193	0.000540897375042	0.000716842301937	0.000691408760068	0.000881868080887	0.000697189196463
b4202	0.000200456451064	8.92E-05	0.000331361924711	0.000335563798844	0.000215330820063	0.000179992560968	0.000398023223949	0.000291296402315	0.000248152396842	0.000144499080427	0.000783018932747	0.000871280320409	0.000233303637116	0.000187345790924	0.000173487228715	0.000420933467679	0.000158817966499	0.000256548410017	0.000237009452262	0.000171339252479	0.000360013489375	0.000223995861642	0.000245883172975	0.000365364176764
b0605	0.004391270176752	0.003432885473753	0.004952133643379	0.007260869405188	0.005485344257466	0.007985347457241	0.00530861348261	0.005084726363486	0.004427991054881	0.005815688055631	0.005225597662127	0.004682380486429	0.005098250781034	0.003662026439371	0.005249631518068	0.005559807190948	0.004635456793431	0.005048925435718	0.003018115524322	0.004824683764706	0.003398312488357	0.004704016255797	0.00522862426142	0.00496663724962
b2890	0.001068689972898	0.001282616439471	0.001075021557382	0.001085485631768	0.001203696884066	0.001216107803608	0.001579785672656	0.001813871985728	0.001883266610196	0.002054337128929	0.002021271333066	0.00175684795997	0.001836130107737	0.002147434711084	0.001398148006281	0.001343808387064	0.001690857457045	0.001531008375017	0.001677218661773	0.001800406001406	0.001655534483454	0.001675302670039	0.001443942218662	0.001506480683174
b4359	0.000117559040397	0.000104905499922	0.00014101497279	0.000127034307565	0.000227031175285	0.000181233662819	0.000115410516688	0.000114538195271	0.000133234631106	0.000369496097087	0.00013703878903	0.000168882323362	0.000124041044854	0.000165056685116	0.000109167850977	0.000109247748476	0.000128345273044	0.000129139901051	0.000110573310325	0.000110630452993	0.00011676873594	0.000111762345832	0.000116569732686	0.000121223975716
b2508	0.001684881160832	0.002603686283622	0.001569106030704	0.001681397467599	0.001487257467765	0.001249633798475	0.004340195506978	0.004017888088141	0.005065555186053	0.00585015971704	0.004114934679946	0.003852983053708	0.004211978375057	0.004472626815796	0.00333669106166	0.003278907126627	0.003159859861297	0.002850056490937	0.002794233897255	0.003010862839387	0.002031366317773	0.001713517460345	0.001981829402323	0.001911539454396
b2021	0.000550381196637	0.000448413524825	0.000665098958977	0.000705440452322	0.000389466404984	0.000380148873851	0.000843771177491	0.000853167966764	0.000911076934089	0.00069995300101	0.000828403780353	0.000845888860729	0.000878064744778	0.000669036425158	0.000698471827095	0.000724775754417	0.00098019039004	0.00127172183127	0.000857571870337	0.000948996859974	0.001835135897148	0.001293373994538	0.001215070144716	0.001170568067952
b2795	0.000317558697847	0.000313234720934	0.000387445519199	0.000449147293601	0.000319056384239	0.000354478424667	0.000179372309755	0.00019727734386	0.000164425372717	0.000104379478163	0.000112490038232	0.000149819760285	0.000185718975504	0.000220347714061	8.18E-05	8.18E-05	0.000185602110031	0.000166001096926	0.000104239475112	0.00010654833578	0.000220160031532	0.000186801142609	0.000187708119566	0.000223000532947
b4177	0.005438523248236	0.003600928664447	0.002585210600796	0.002377695783863	0.002965030539432	0.003844038213955	0.003447435804408	0.003534141543651	0.005453741607573	0.00518439012536	0.002926147195004	0.003084035610756	0.005604824830617	0.005606029041228	0.003634542464658	0.003659954411167	0.004695502853946	0.00462972773836	0.004761555671436	0.003925155719616	0.002603708167286	0.00245293040781	0.003065495337487	0.002926249291887
b3064	0.000201479894691	8.73E-05	0.000100509686766	0.000118206004377	9.98E-05	8.92E-05	0.000156210683124	0.000149669897835	0.000131851090728	0.000122635421604	0.000117526041579	0.000168824585425	0.000130411299242	0.000145836409535	0.000552139206358	6.02E-05	0.000111562212255	8.83E-05	0.000118616219176	0.000107526610541	0.0001172757674	8.65E-05	0.000143512393594	0.000110404441652
b3029	4.12E-05	3.89E-05	0.000144586495513	0.000123001752139	5.30E-05	7.13E-05	6.20E-05	8.02E-05	0.000122282109867	0.000103533162731	6.04E-05	6.53E-05	6.52E-05	6.51E-05	5.26E-05	3.67E-05	3.97E-05	4.30E-05	5.76E-05	4.07E-05	3.08E-05	2.02E-05	6.33E-05	5.34E-05
b3669	4.53E-05	6.11E-05	3.11E-05	3.10E-05	0.000119527214652	6.78E-05	8.31E-05	8.25E-05	2.73E-05	2.70E-05	2.91E-05	2.98E-05	0.000108240402249	0.000104109633698	2.74E-05	2.74E-05	2.67E-05	2.69E-05	2.77E-05	2.77E-05	2.93E-05	2.80E-05	9.91E-05	7.97E-05
b3310	0.000843326179965	0.00105690776661	0.000802800086678	0.000847863351875	0.000738289143552	0.000661966988947	0.001526715388722	0.001534557427469	0.001261570440653	0.001375066443608	0.001786096465036	0.001549156615776	0.001460620305362	0.001454606494375	0.001252755112389	0.001440162522077	0.001311084903371	0.00143452729078	0.001273823073346	0.001360894497883	0.001408424341817	0.001563785741533	0.001635469481254	0.001412930871244
b4006	0.001151532963078	0.001652263913265	0.000824582993413	0.000894765723973	0.001229989657897	0.001103055778503	0.001371189740787	0.001397587041026	0.001673132705044	0.001425449404216	0.001400368805987	0.001468787156737	0.001363980526519	0.001373884186704	0.00204094633551	0.001905943451101	0.001692580622974	0.001425460563203	0.001358713718659	0.000904797790872	0.001586089874515	0.001505276351859	0.001167831261477	0.001047713964649
b2277	0.000258286294103	0.000243602548393	0.00021841322508	0.000250015810192	6.79E-05	6.97E-05	7.70E-05	7.64E-05	7.02E-05	6.95E-05	9.78E-05	0.000154706612642	7.03E-05	6.76E-05	7.03E-05	7.04E-05	0.000108327371369	0.000108998061931	7.12E-05	7.13E-05	7.52E-05	7.20E-05	0.000341878847169	0.000355528936303
b0052	4.38E-05	4.13E-05	6.60E-05	0.000100710633874	5.96E-05	6.76E-05	4.78E-05	4.74E-05	4.52E-05	4.47E-05	4.81E-05	4.93E-05	4.52E-05	4.35E-05	4.52E-05	4.53E-05	6.28E-05	6.32E-05	9.63E-05	9.63E-05	4.84E-05	4.63E-05	4.83E-05	5.02E-05
b3960	0.000579067657885	0.000463823609667	0.00066164003469	0.000745929177559	0.000413057153836	0.000515915846734	0.001173312158397	0.001345937974253	0.001120855718119	0.001030402295811	0.00098364021431	0.001396343883627	0.000772317020887	0.000749706668962	0.001346533303308	0.001247499052943	0.001000213742952	0.000939025143698	0.000945029928764	0.000775781353213	0.001467306647507	0.001102490801486	0.000827984810124	0.001084231828126
b3008	0.00028018306714	0.000287964093998	0.000314006378778	0.000312081184585	0.000306001080665	0.00027714447197	0.000601278343524	0.000561107739682	0.000520369813028	0.000455483939392	0.00045875345931	0.000572835637181	0.000406811574774	0.000386752435721	0.000291451372609	0.000244941696715	0.00038278315919	0.000422187047811	0.000389305723949	0.00038568353072	0.000381356579108	0.000309965533778	0.000373656528535	0.00034982259294
b3772	0.000323350560782	0.000262922666226	0.000236583304543	0.000231079579831	0.000344643411018	0.000284440011975	0.000645126145242	0.000697518603242	0.000710396992666	0.000836413820053	0.000463430713858	0.000623906901133	0.000565818984077	0.000785383113558	0.000508423327425	0.000328354108092	0.000484028936752	0.000444283042367	0.000541680215425	0.00048105178259	0.000903309746227	0.000746540787242	0.000552064158064	0.000451521285553
b0910	8.93E-05	4.42E-05	8.99E-05	0.000105463555877	6.91E-05	9.37E-05	0.000102214361947	0.000106542207465	7.71E-05	7.07E-05	0.000120721073299	0.000127801281389	6.64E-05	3.82E-05	7.26E-05	9.05E-05	6.48E-05	3.13E-05	7.60E-05	6.05E-05	0.000121038661331	8.18E-05	9.69E-05	9.36E-05
b4108	5.67E-05	4.36E-05	9.28E-05	6.00E-05	2.68E-05	2.27E-05	3.43E-05	3.51E-05	7.53E-05	2.82E-05	4.24E-05	4.42E-05	2.21E-05	1.88E-05	1.55E-05	1.55E-05	2.29E-05	2.30E-05	1.57E-05	1.57E-05	3.76E-05	3.06E-05	1.97E-05	2.86E-05
b2416	0.001583980691561	0.002045593930646	0.001895185194839	0.002542716930788	0.001365727641977	0.001878816412343	0.006302557115658	0.005896830304184	0.004447111634348	0.004222013013722	0.006997502258829	0.00526211127325	0.004023724733112	0.004785856174161	0.002414764817947	0.00205762747303	0.002609514461183	0.00223004978237	0.003128809071595	0.002412670561969	0.002000426145339	0.002394744200296	0.001961461719427	0.001830252525987
b1435	0.000238388387132	9.79E-05	0.003040658954422	0.000898548984647	8.73E-05	8.96E-05	9.56E-05	9.49E-05	0.000125976324185	0.000142609215947	0.000103867638727	0.000106412326884	9.04E-05	8.70E-05	0.000109496114191	0.000127044929784	0.000112237888862	0.00011293279073	0.000228240921117	9.33E-05	0.000113725076304	0.000194141450215	9.66E-05	0.000100442666642
b0578	0.000393690018381	0.00042591968442	0.000441993440349	0.000370069841649	0.000332263674281	0.000354465002615	0.000460053862288	0.000471084110191	0.000497064294732	0.000421246544096	0.000380953219654	0.000468798728993	0.000405245219639	0.000353661284223	0.000579442797683	0.000555847179237	0.000527864710334	0.000543169175884	0.000453191426679	0.000525867974822	0.00056704500856	0.000360308666157	0.000399486586198	0.000466424815794
b0224	3.38E-05	3.19E-05	3.68E-05	3.68E-05	3.37E-05	3.45E-05	6.43E-05	5.52E-05	3.48E-05	3.44E-05	4.17E-05	4.27E-05	3.79E-05	4.20E-05	3.49E-05	3.49E-05	9.13E-05	5.55E-05	5.95E-05	5.95E-05	3.73E-05	3.57E-05	3.72E-05	3.87E-05
b1245	0.000169054127224	9.65E-05	0.000128359148535	0.000176108387926	0.000168421703017	0.00013000256355	0.000267082404697	0.000296069705953	0.000237875811047	0.000185070229115	0.000261203669604	0.000162290797683	0.000237032231267	0.00023422310176	6.99E-05	7.10E-05	0.00021552069373	0.000105774324667	0.000198212945666	0.000120157936945	0.000154194344351	0.000108104806468	0.000190490303595	0.000195694786965
b1888	9.74E-05	9.19E-05	9.80E-05	9.78E-05	8.95E-05	9.19E-05	9.80E-05	9.73E-05	0.001726979315401	0.001056304415298	9.87E-05	0.000101082539347	0.00022426388316	0.000254652115236	9.27E-05	9.28E-05	0.000718960411247	0.000185823521213	0.000509741559143	0.000415267217797	9.92E-05	9.49E-05	9.90E-05	0.00010294439319
b3705	0.000907190509286	0.000874029678722	0.000721727390559	0.000732782176533	0.001584561875006	0.001535824690732	0.000822036548856	0.00077637065714	0.001068119654092	0.001007270931397	0.001011215947304	0.000973025299055	0.000873200781512	0.000878610654159	0.000838004843908	0.000773437101863	0.001056618419523	0.000920131289267	0.001082075773628	0.001050652671711	0.001238947377708	0.00139618386496	0.001117812851254	0.001054326482498
b0220	2.80E-05	2.64E-05	0.000106839652011	8.82E-05	3.59E-05	4.71E-05	3.04E-05	3.73E-05	4.43E-05	2.75E-05	2.51E-05	5.88E-05	5.04E-05	3.93E-05	2.10E-05	2.10E-05	2.05E-05	2.06E-05	2.13E-05	2.13E-05	4.63E-05	2.15E-05	3.79E-05	4.19E-05
b0444	5.32E-05	5.01E-05	6.86E-05	7.41E-05	5.14E-05	3.97E-05	0.000107741625467	9.23E-05	4.34E-05	5.47E-05	9.81E-05	0.000109907566441	8.52E-05	6.64E-05	4.93E-05	6.07E-05	6.00E-05	5.82E-05	6.06E-05	8.30E-05	4.50E-05	4.48E-05	6.48E-05	5.97E-05
b0161	0.000483926198287	0.000500234423319	0.000857885174571	0.000947093882385	0.000458712169129	0.00046813284145	0.000671936527754	0.000581522561389	0.000526563192506	0.000505330844901	0.000517079932316	0.000542081427456	0.000533010407841	0.000490401731245	0.000855354446427	0.000767040425821	0.000579592821512	0.000488011164351	0.000527567026505	0.000553494747398	0.000819846103807	0.000591141095815	0.000548124935184	0.000475506557015
b0287	0.000135554991019	6.97E-05	7.87E-05	7.80E-05	0.000152231397968	0.000105569960747	0.000307652449245	0.000277976508018	9.74E-05	0.000105201769895	0.000104572893845	0.00012599278212	6.71E-05	8.48E-05	9.70E-05	8.40E-05	0.000239393354832	0.000255884105155	0.00021199204235	0.000144025874667	0.000406183225021	0.000353099184476	0.000148278552265	0.000244936759118
b2421	0.000214209190319	0.000276000765544	0.000241878879794	0.000262991807665	0.000216849904949	0.000216206102883	0.000385916378189	0.000361680153413	0.000451371433573	0.000391474970519	0.000443519446971	0.000430286239828	0.000376280249338	0.000296459337196	0.00035006937339	0.000338196182359	0.000468796529395	0.000406612939356	0.000388517379908	0.000419425449591	0.000551750808585	0.000532109363327	0.000425955034234	0.000376458327519
b4043	9.03E-05	9.06E-05	0.000102122559585	0.00010532996439	0.000103194459829	0.000102528822104	0.000108602277865	0.000112901673283	8.48E-05	9.54E-05	8.91E-05	0.000115468400925	0.000114876712069	8.23E-05	5.69E-05	5.49E-05	9.47E-05	7.59E-05	9.22E-05	9.12E-05	0.000144593175887	0.000105169318058	0.000119333597079	9.48E-05
b2465	0.000439610353044	0.000499144951653	0.000443999796372	0.000490504317425	0.000543416252186	0.00063041807002	0.00014158321524	0.000128803647057	0.000135323422457	0.000213342676326	0.000152714366945	0.000147763780415	0.000148207330322	0.000197732458872	0.000137910701549	0.000138011635295	0.000132984137595	0.000132242486506	9.45E-05	9.45E-05	0.000236191057928	0.000172200761488	0.000271539858356	0.000146944628339
b0750	8.49E-05	0.000115973919117	0.00014114736419	0.000146679409046	0.000116459897367	9.60E-05	0.000187076391338	0.000173839548172	0.000148362686231	0.00010056547582	0.000119039974056	0.000170647911872	0.000169368800632	0.000137225558027	0.000115606505061	0.000115691114867	9.32E-05	5.00E-05	0.00011117670591	8.21E-05	0.000153118773193	7.61E-05	0.000111858055122	0.000126983363971
b0854	0.000252707797555	0.000211451417417	0.000418304226643	0.00043748620126	0.000500942678387	0.000425804186348	0.000307225469015	0.000289938748621	0.000216750518037	0.000204676759377	0.000267543020835	0.000508344217917	0.000295377492809	0.00030938737657	0.00025539572172	0.000218561070953	0.000225237460376	0.000150942148802	0.000233402277516	0.000356382137825	0.000559704644278	0.000639746262363	0.000423108545019	0.000377144457201
b0199	0.000264999148413	0.000164360670918	0.000192650317748	0.000175410113819	0.000289094511854	0.000228870117889	0.000510109786022	0.000507552248459	0.000347569614975	0.000349846002985	0.000226920242378	0.000311621641876	0.000331839381366	0.000320761390316	0.000369930050892	0.000332231482145	0.000373359332668	0.000310495256982	0.000366756006869	0.000327659799711	0.000462737264753	0.000348744979461	0.000339966018443	0.000303164902007
b1126	0.00015792746998	9.14E-05	0.0002054684074	0.000180900472806	0.000190436315417	0.000180563533578	0.000176736009414	0.000182297923288	0.000265876325677	0.000165557638099	0.000240894556965	0.000259084926728	0.000159590933481	0.000169753471241	8.55E-05	9.30E-05	0.000114987335393	9.77E-05	0.00013603354196	0.000154663456934	0.000191373242745	0.000156245864442	0.000213110276211	0.000231005282283
b1908	0.000132158338186	7.99E-05	6.90E-05	7.24E-05	5.75E-05	5.90E-05	8.96E-05	9.40E-05	0.000121156132017	6.29E-05	5.76E-05	5.90E-05	5.76E-05	3.99E-05	7.41E-05	9.05E-05	0.000110101227417	6.97E-05	8.61E-05	5.95E-05	0.000111949158749	0.000138203149196	6.45E-05	6.13E-05
b0951	7.68E-05	7.24E-05	7.96E-05	7.95E-05	0.000100126236294	8.71E-05	0.00011172305141	0.00011226458393	0.000122675352073	0.000121322600171	0.000153947210225	0.000113067826006	0.000101010957572	0.000130811461734	9.71E-05	9.72E-05	8.05E-05	9.60E-05	0.000115068427797	0.000113119848822	0.000223956288632	0.000177163487503	0.000117782208248	0.000112216669434
b0643	0.000101399487683	5.44E-05	0.000106237581416	0.000119948268651	4.75E-05	7.38E-05	2.71E-05	2.69E-05	2.46E-05	2.43E-05	2.62E-05	2.68E-05	2.46E-05	2.37E-05	2.46E-05	2.46E-05	5.08E-05	5.11E-05	2.49E-05	2.49E-05	2.63E-05	5.61E-05	2.63E-05	2.73E-05
b2701	5.02E-05	6.51E-05	5.39E-05	5.38E-05	5.09E-05	6.40E-05	7.39E-05	5.58E-05	8.16E-05	6.46E-05	6.31E-05	7.28E-05	5.84E-05	4.90E-05	5.71E-05	5.72E-05	6.30E-05	6.64E-05	7.21E-05	7.21E-05	7.89E-05	5.71E-05	7.13E-05	7.42E-05
b4256	2.25E-05	2.12E-05	2.45E-05	2.45E-05	2.24E-05	2.30E-05	3.93E-05	3.69E-05	2.31E-05	2.29E-05	2.64E-05	3.57E-05	2.32E-05	2.23E-05	2.89E-05	3.70E-05	3.15E-05	2.45E-05	3.05E-05	2.86E-05	3.46E-05	3.31E-05	2.60E-05	2.71E-05
b3170	0.00011148619005	6.49E-05	8.66E-05	9.67E-05	7.54E-05	8.16E-05	0.000137171036199	0.00017121645259	0.000104703592592	6.80E-05	0.00016420137898	0.000161289165855	0.000175830340102	0.000168770721165	0.000136475131144	9.13E-05	0.000127465994852	0.000100963047691	0.000198052990841	0.000100735104019	0.000162110614376	9.60E-05	9.86E-05	7.83E-05
b4154	0.001129055292331	0.00106684217119	0.001052386780388	0.001145166355511	0.00064027803032	0.000839814314365	0.000605132761107	0.000558255391324	0.000895824925499	0.000789957187948	0.000222987967124	0.000262993447108	0.000614604391418	0.000839653514443	0.000254160243667	0.000206070905788	0.000735413267594	0.0006283000743	0.000562267318863	0.000580069420041	0.000481332013767	0.000432684922388	0.000631200173224	0.000606831967174
b2183	9.99E-05	6.12E-05	0.000112771105069	0.0001441961025	5.94E-05	8.78E-05	0.000400487426116	0.000368139525853	0.000275110869757	0.000252005929285	0.000233733449596	0.0003521105011	0.000294289609827	0.00029852783189	0.000234860008102	0.000198873143504	0.000217277429486	0.000252150349734	0.000305360282316	0.000307520547416	0.000284123519953	0.000164725695022	0.000339402608056	0.000308442777889
b3368	7.19E-05	6.78E-05	9.68E-05	9.67E-05	7.53E-05	7.73E-05	0.000115841489005	0.000105814394884	0.000140990353891	0.000108749032634	8.59E-05	0.000126608907311	0.000105711942931	8.28E-05	0.000133562190741	0.000108564605878	0.000169120570806	0.000137525429575	9.94E-05	0.000144190911252	0.000140529114561	8.54E-05	9.55E-05	9.93E-05
b3098	3.17E-05	2.99E-05	3.10E-05	3.77E-05	4.54E-05	5.61E-05	1.52E-05	1.51E-05	1.43E-05	1.42E-05	2.23E-05	1.75E-05	2.63E-05	2.53E-05	1.92E-05	1.45E-05	1.40E-05	1.41E-05	1.45E-05	1.45E-05	2.44E-05	1.85E-05	1.53E-05	1.59E-05
b0947	0.000144878315165	0.000109475696339	9.09E-05	0.00011048520433	9.34E-05	0.000108138093706	0.000128021519179	0.000140550444326	0.000197992808146	0.000166459998056	0.000124159793091	0.000153319069581	0.000203510708505	0.000225596196702	0.00012198386763	8.92E-05	0.000236705799009	0.000187227913757	0.000203078380113	0.000244539226675	0.000122411220732	0.000112621714287	0.000131202017639	0.000106886584871
b3386	0.000146220306388	9.68E-05	0.000231669631997	0.000191755408832	9.44E-05	0.000108615728431	0.00024165465725	0.000172068950925	0.000234407664136	0.000170956105375	0.000130336855965	0.000272027244683	0.000246426958522	0.000207137132205	0.000130236220172	0.000128454333928	0.000332009951475	0.000242263273679	0.000177241022093	3.10E-05	0.000307844651906	0.000201643209237	0.000278705481481	0.000198181679848
b2935	0.003286682578567	0.004408778753013	0.003510754862756	0.003592429508514	0.003385486598553	0.003248220130147	0.003036068937722	0.003373637176348	0.003224191189822	0.003727211663212	0.003618414401342	0.003406304666088	0.003722898781975	0.003313359120816	0.004917758816461	0.005144554218513	0.004776786775367	0.004802493453519	0.004423893954854	0.005033961302561	0.00402014554166	0.004197142664927	0.004540096923951	0.003699207099785
b2592	0.002490182630756	0.002909306394798	0.002169743481019	0.002440906338388	0.00182413726077	0.002128596044276	0.001536260087732	0.001567334162068	0.001789609817147	0.001921314350469	0.001217937944662	0.00123867705933	0.00143582603133	0.001651821074112	0.001210099262364	0.000983403260558	0.001278216774403	0.001157107977502	0.001578589300909	0.001211511537003	0.002140146127156	0.001754693705365	0.00184799347084	0.001875441914428
b1175	0.000536263052108	0.000572838752856	0.000597420932166	0.000612972268024	0.00076050473258	0.000744035130018	0.000524138810082	0.00051237788141	0.000318859577369	0.000282787780862	0.000314736387042	0.000316808798145	0.000336299281602	0.000366655951076	0.000665467240794	0.000715116520647	0.000453084253449	0.000493007795346	0.000637370320715	0.000695017345998	0.000366790041771	0.00044040185313	0.000641565148326	0.000502449169082
b1918	3.07E-05	2.89E-05	3.35E-05	3.34E-05	6.19E-05	6.36E-05	6.47E-05	6.42E-05	4.46E-05	5.32E-05	4.06E-05	4.16E-05	3.17E-05	3.04E-05	3.17E-05	3.17E-05	4.44E-05	4.46E-05	3.21E-05	3.21E-05	3.39E-05	3.24E-05	3.38E-05	3.52E-05
b0904	9.41E-05	6.15E-05	0.000140482327517	0.000179912692887	8.98E-05	0.000137425272367	6.04E-05	6.00E-05	0.000105374525871	0.000136277952226	4.25E-05	4.35E-05	0.000171742365485	0.000225020115578	3.99E-05	4.37E-05	0.000118125523285	0.000241033779397	8.39E-05	9.87E-05	6.58E-05	7.58E-05	0.00011123734343	0.000106289178437
b3042	1.53E-05	1.44E-05	5.64E-05	5.86E-05	1.52E-05	1.56E-05	4.01E-05	3.98E-05	1.57E-05	1.56E-05	2.36E-05	5.05E-05	1.57E-05	1.51E-05	2.63E-05	2.64E-05	1.54E-05	1.55E-05	2.37E-05	2.37E-05	5.21E-05	3.11E-05	2.58E-05	2.68E-05
b2081	0.000127249324688	0.000267097472886	0.000142895811893	0.000163927212571	0.00030317697545	0.000221471441144	0.000281152157274	0.000272578985519	0.000230970423857	0.000174352231121	0.000269957391194	0.00036246661881	0.000251305059631	0.000255680255938	8.77E-05	6.99E-05	0.000123726169228	9.71E-05	0.000177692477175	0.000129091789103	0.000207967228854	0.000224790079703	0.000295311311003	0.000212179641554
b3162	0.000326831229538	0.000387776514152	0.000221327231533	0.000221022748694	0.00042373717752	0.000207533618173	0.001492779327252	0.001626091599274	0.001300054177412	0.001234015912112	0.001101286845478	0.001335620400244	0.001400625148872	0.001424154546526	0.000968559483109	0.000754303429807	0.000826960644495	0.000767841890352	0.001520672942001	0.001156308690666	0.001441171028331	0.001080647017128	0.001244693928658	0.001140499891351
b2585	0.0004367512625	0.000389797995912	0.00052620826952	0.000538864746491	0.000344977985681	0.000414604635185	0.000289379571449	0.000915387726623	0.000329723912268	0.000316413504062	0.000358785619582	0.000514605880526	0.000332356612589	0.000387264071808	0.000282370755161	0.000219141669533	0.000361481831828	0.000302628520452	0.000372391590082	0.000305425472011	0.00036736832893	0.00023303517445	0.000232598266961	0.000266841548587
b1179	2.47E-05	2.94E-05	3.98E-05	5.16E-05	4.59E-05	3.89E-05	0.000114593661868	0.000119840368494	6.83E-05	5.97E-05	8.75E-05	0.000115234307624	7.90E-05	6.44E-05	3.77E-05	3.96E-05	4.90E-05	3.51E-05	4.94E-05	5.48E-05	5.48E-05	2.22E-05	8.17E-05	5.22E-05
b1267	4.35E-05	7.73E-05	8.78E-05	0.000132614165245	7.75E-05	8.33E-05	8.57E-05	8.19E-05	0.000106244706661	0.000114579754084	5.42E-05	6.24E-05	4.76E-05	6.31E-05	4.74E-05	5.25E-05	6.72E-05	5.22E-05	7.29E-05	8.16E-05	8.81E-05	6.85E-05	6.92E-05	7.90E-05
b0961	2.75E-05	2.60E-05	4.77E-05	4.76E-05	2.11E-05	2.17E-05	2.44E-05	2.42E-05	4.75E-05	4.70E-05	4.50E-05	4.61E-05	3.00E-05	2.60E-05	2.52E-05	2.84E-05	3.41E-05	3.17E-05	3.13E-05	3.22E-05	3.97E-05	3.80E-05	2.33E-05	2.43E-05
b1415	0.006064317214011	0.007251655428792	0.005534949467287	0.004810828579022	0.004985116641533	0.004616159156981	0.000201440958377	0.000226254935947	0.000390223523819	0.000276623303491	0.000348512297269	0.000388152587189	0.000394033921435	0.000387223570695	0.001779369174528	0.001592270820022	0.001224405396224	0.001165906840561	0.003134194320532	0.002712617885546	0.001304638548339	0.000914625263884	0.001250635282664	0.00102309738989
b3459	1.75E-05	1.65E-05	1.91E-05	1.90E-05	2.77E-05	2.84E-05	1.91E-05	1.89E-05	2.56E-05	2.53E-05	1.92E-05	1.97E-05	1.80E-05	1.74E-05	1.80E-05	1.81E-05	1.76E-05	1.77E-05	1.91E-05	1.91E-05	2.13E-05	2.04E-05	1.93E-05	2.00E-05
b3197	7.41E-05	0.000133775257045	0.000146958744547	0.000156486288876	0.000112379024339	0.000144651874287	0.000138475064074	0.000160400315558	0.00014690532303	0.000160458793474	7.77E-05	0.000152871541071	0.000144748075162	0.000121867221008	0.000159409672018	0.000111091837034	0.000180619849469	0.000130082269081	0.00017507923319	0.000162323932725	0.000146678549098	0.000106177154777	5.99E-05	6.23E-05
b1376	0.000623964580653	0.000381249360902	0.000794222478106	0.000808442667419	0.000299084711077	0.000463569062314	5.08E-05	4.14E-05	1.99E-05	1.97E-05	2.66E-05	2.73E-05	1.99E-05	1.92E-05	9.88E-05	0.000101286306839	0.000111698567716	7.09E-05	0.000138103470144	9.41E-05	7.98E-05	3.31E-05	7.34E-05	0.000111225104427
b3340	0.010227159084493	0.009961509947596	0.008518051347159	0.007892418595691	0.00878110983906	0.008035853679138	0.010881028589837	0.012553276850654	0.013628213167652	0.015151909913012	0.015484900755603	0.013624587093193	0.014667535010758	0.015870946361048	0.014730008559497	0.016299854017395	0.014100660761803	0.013018583936147	0.015316715330233	0.014095056545098	0.011580548204513	0.014768894812867	0.014642007587141	0.013952637106008
b3409	0.000314516016169	0.000277253135715	0.000112050668858	0.000214062906394	0.000454876267981	0.00033438847782	0.002369364651343	0.000888929682201	0.000136248027691	0.000103790536432	0.002238087870716	0.001539000355579	0.001452303588598	0.000236654070927	0.000705273810212	0.000190055865048	0.000891295764089	0.001291376063551	0.000983286878	0.000863273128455	0.000249487425073	0.000702214842979	0.000869256736151	0.000159703591279
b1000	0.000149057078714	0.000117209858775	0.00011684042776	0.000159938485012	0.000118726954209	0.000174026864105	0.00011608042579	0.000118753819575	0.000116777209392	0.00010880521727	6.04E-05	5.21E-05	7.55E-05	6.98E-05	4.70E-05	4.70E-05	6.16E-05	5.43E-05	7.85E-05	8.73E-05	0.000193062787279	0.000164766923792	0.000146156434515	0.00013445444073
b3770	0.000483597200265	0.000616642239648	0.00046167845437	0.000506597852727	0.000648851066111	0.000529147827638	0.001306383598267	0.001040018380018	0.001175600822183	0.001176968233639	0.00114803455754	0.001153440739634	0.001037672477856	0.001199474913107	0.00107609226067	0.00102549344658	0.001115489908747	0.000854672074392	0.00081067574665	0.001050162118656	0.001486131880224	0.00150583983406	0.000897549666119	0.000856946547656
b3993	0.000108816698579	4.04E-05	6.66E-05	5.09E-05	0.000138240455031	8.86E-05	0.000201016054955	0.00024008122227	0.000141962245398	0.000142133171599	0.000126712106231	0.000249499584297	0.000150137887625	0.000147064527109	0.00014945181975	0.000116883963167	0.000179858997279	0.000199710867386	0.000197424712167	0.000144326882286	0.000228367861573	0.000145289235068	0.000160121486155	0.000153126497287
b1538	0.000536223873588	0.000765568504176	0.000792170434478	0.000954475393691	0.000881377822552	0.000717649321115	0.000473119570398	0.000502384952038	0.000585423346743	0.000522992587048	0.000801327689215	0.000511024343458	0.000406737831089	0.000627083525099	0.000474599720148	0.000511351211573	0.000486106890926	0.000376179613463	0.000341038366247	0.00044666535615	0.000496785348358	0.000395805262664	0.000318882261525	0.000330674756299
b1207	0.001129601951145	0.001183835121263	0.000978023922171	0.001027522476648	0.001009629363969	0.001096562609027	0.000935284139021	0.000919986706089	0.001012068515985	0.000924199085707	0.001239649146477	0.001249660321466	0.000947007082901	0.000915533966456	0.001064321277458	0.001171983972714	0.001045226227862	0.000987180743496	0.00073910815543	0.000837130059329	0.001120450224121	0.001165698013949	0.001000904508296	0.000956270920838
b3785	5.18E-05	5.55E-05	8.20E-05	9.10E-05	6.16E-05	8.46E-05	0.000117093596675	9.99E-05	6.02E-05	5.96E-05	0.000106871239411	0.000101031096416	5.13E-05	4.93E-05	5.86E-05	5.48E-05	8.32E-05	0.000102375774844	7.55E-05	8.34E-05	0.000143825472775	8.60E-05	9.16E-05	9.52E-05
b0098	0.00136618288001	0.001470697812271	0.003476179022812	0.001470114215549	0.001577166426114	0.001656250192436	0.001241865139835	0.003025705754238	0.001772278040721	0.001513025925572	0.001198058526807	0.001732457275331	0.001325525202167	0.00155112263096	0.001488684818964	0.001498688486218	0.001985634957199	0.002005579391101	0.001790925008466	0.002617816898549	0.002278337928713	0.00186261952981	0.002444474449111	0.001467627474992
b0891	9.71E-05	5.50E-05	0.000122738073606	0.000145372797229	7.42E-05	7.32E-05	9.84E-05	0.00011051233057	0.000179710739981	0.000151057572362	0.000100865048569	0.00014215416856	0.000110927999565	8.99E-05	6.24E-05	5.11E-05	7.76E-05	4.39E-05	0.000114644796232	0.00012092443577	0.000230056122011	0.000184247919755	0.000135019389301	0.000128414049066
b2032	0.000156687465605	0.000171906974836	0.000223667553454	0.000255197335334	0.000226187604546	0.000186373065236	0.000103645467409	0.000116708888479	0.000143551713743	0.000113109533759	0.00013744927218	0.000168568882047	0.000152646285606	0.000175822510638	0.000154128910271	0.000174524263275	0.000154959469994	0.000188768252578	0.000222473261868	0.000200138346652	0.00031862896382	0.000271672386463	0.000258193176012	0.00021825599031
b1849	0.000364008788712	0.000435175659474	0.000398901008605	0.000421324695328	0.000471307013664	0.000462158135264	0.000541003577298	0.000609312862041	0.00051423805065	0.000501707329275	0.000593429658793	0.000744811652502	0.000530026515818	0.000495106260847	0.000432547803278	0.00035593130646	0.000393963135885	0.000352761672587	0.000416070001939	0.000300363487403	0.00049684392652	0.000366020392663	0.000482645311434	0.000369237193155
b0611	3.67E-05	3.46E-05	7.93E-05	9.28E-05	7.68E-05	7.88E-05	0.000141133355506	0.00015125837304	6.49E-05	5.46E-05	0.000126255580206	0.000123709575147	0.000136347229508	0.000166571300851	4.75E-05	3.82E-05	6.12E-05	4.92E-05	7.76E-05	5.54E-05	6.98E-05	3.87E-05	0.000114247846996	0.000100144466364
b0903	0.012837641400978	0.01063978648114	0.011775080260681	0.011567160237064	0.006543671063765	0.01037746435201	0.013793584874381	0.014724383356975	0.018840629005973	0.021454389338697	0.006621850555662	0.006688602582772	0.0197309609694	0.027256986430353	0.00849306328217	0.007843910813872	0.012414092321248	0.012600682249261	0.010255516661567	0.009936065352759	0.008675864637832	0.009398743155795	0.012860811716672	0.012565367613326
b3729	0.001042945687309	0.001274612116314	0.00156090546887	0.001480165264402	0.001229371005635	0.001365954758578	0.001355300392697	0.001631532038681	0.001640998221372	0.001865869577732	0.001357403172303	0.001670064020806	0.002097259004324	0.002156195007504	0.000916959317226	0.001004571517794	0.001395232970893	0.001073506501496	0.001042641702798	0.000965496868662	0.001711720279242	0.001469415746655	0.001575497728365	0.001698393103918
b4375	0.000402656452022	0.000580048206329	0.00056689713644	0.000614837641955	0.000558094627506	0.00049870633081	0.000870190531631	0.001047796187794	0.000776485571601	0.000570163711397	0.000539042499887	0.000874807284893	0.000816252526443	0.000839484018332	0.000912845189715	0.00068513496046	0.000839788406729	0.00069437065105	0.000958841779155	0.000614081290189	0.000602949499243	0.000760811382898	0.002539596759124	0.002622223019362
b2610	0.000529247801821	0.000269198573297	0.000330774479686	0.000898055947056	0.000349413360323	0.000318775418271	0.00149180409273	0.001930900930365	0.00146333026153	0.000955137301507	0.00081423056612	0.002256074141472	0.002098607466507	0.000988363614385	0.000468377998304	0.000411626033398	0.000485552908933	0.000524294347504	0.000574022716185	0.001350724253834	0.000392887068001	0.000412756454608	0.002957296664646	0.000450716631985
b4136	8.95E-05	8.45E-05	0.000118319132888	0.000101785297789	0.000162144418456	0.00014168907241	9.48E-05	0.00011250693621	7.88E-05	9.39E-05	0.000114842359893	0.000114714523393	0.000117295330387	0.000168580114111	7.76E-05	7.76E-05	7.57E-05	7.61E-05	8.95E-05	8.95E-05	9.02E-05	0.000107708987932	0.000151949786371	0.000121320830817
b2942	0.001175470329845	0.001562313441825	0.001205368814579	0.001281509609955	0.001751525485834	0.001792243133852	0.004534921729052	0.005341783650178	0.002678227634368	0.003211169157659	0.002942703383558	0.003981290172736	0.004101434191735	0.003412291253748	0.003154606213595	0.00281464859785	0.003329409291165	0.003437660870144	0.002757442010405	0.003300339906692	0.002660709469609	0.003337387798712	0.00288693412368	0.003373852345035
b1766	8.25E-05	7.78E-05	8.99E-05	8.98E-05	0.000139542851451	9.52E-05	0.000218708187949	0.000190115636459	0.000191928199034	0.000121711376727	0.000198314538167	0.000227169936953	0.000163521570056	0.000172797633562	0.00012177927882	0.000124070847419	0.000200389613376	0.000158423800627	0.000135979033512	0.000136049305485	0.000102794155556	8.71E-05	0.00017860400624	0.000123823381457
b0336	8.13E-05	0.000102767019346	8.31E-05	8.80E-05	0.000128332829888	6.47E-05	0.00014655516332	9.45E-05	0.000248313425188	0.0002455752512	7.86E-05	7.69E-05	1.00E-04	0.00014381147977	0.000122430784932	0.000155414968496	8.55E-05	8.70E-05	0.000139930072441	0.000156899225973	9.73E-05	0.00013070525607	9.61E-05	8.68E-05
b2133	0.000779786786961	0.000453133341658	0.000883876173899	0.00087372941886	0.000661122189901	0.000785464669819	0.000478599344237	0.000548966606111	0.000417554652682	0.000366989505724	0.000335466761788	0.00038597339656	0.000429248330841	0.000456255284412	0.000403350384878	0.00035424840063	0.000544145192595	0.000473450943023	0.00045211165976	0.000485217159112	0.00064941365494	0.000519058234236	0.000436722412032	0.000429102226036
b2379	0.00019064876872	0.000248968053439	0.000122606570352	0.000139472736951	0.000240585042527	0.000270918586289	7.36E-05	8.47E-05	7.66E-05	7.57E-05	0.000116487916452	7.26E-05	7.56E-05	7.27E-05	7.82E-05	7.82E-05	6.35E-05	0.000114369450427	6.90E-05	6.13E-05	0.00011545459127	8.31E-05	6.46E-05	6.72E-05
b3319	0.001585826270612	0.001208787732489	0.001502061655569	0.001388309714212	0.001462355997643	0.001331051927161	0.002803194956354	0.003562486706785	0.002087620375843	0.002097926878822	0.002931552981644	0.003153713626998	0.002710130331881	0.00295339919995	0.002236476616947	0.002324231842276	0.002089153783608	0.002304157708765	0.00213147276552	0.002323602124392	0.002234913475299	0.002337010805344	0.003572907619964	0.003644628765422
b0078	0.000162577475808	0.000199245621686	0.00019574143432	0.000191537859047	0.000111010524396	0.00012365779374	0.000179621780572	0.000189174052335	0.000177301025326	0.000123032766506	0.000172683768189	0.000186327022321	0.000182184351243	0.000153351286222	0.000149501466315	0.000156286434295	0.00019561098634	0.000150794214827	0.000178849833791	0.000142954983879	0.000273652796153	0.000247056531577	0.000192948386224	0.000158604542802
b1098	2.92E-05	2.75E-05	3.18E-05	3.18E-05	2.91E-05	2.98E-05	5.71E-05	5.66E-05	0.000122854318471	0.000121499593091	4.75E-05	4.87E-05	3.09E-05	2.97E-05	3.01E-05	3.01E-05	2.94E-05	2.96E-05	3.92E-05	3.92E-05	6.69E-05	3.40E-05	4.66E-05	4.84E-05
b3955	0.000152184432111	0.000129578084138	0.000159038888827	0.000175699527484	0.000176884302825	0.000136880062312	0.000343534883832	0.000336361949075	0.000286009925575	0.000229012908625	0.000386846103672	0.000403457400632	0.000310274044385	0.00030751886924	0.000257345132429	0.00024080107647	0.000373035622864	0.000370350121362	0.000427803545033	0.000313098910063	0.000575408447788	0.000512037633952	0.000397441942329	0.000402816270227
b1109	0.000280021498057	0.000290087091784	0.000182449443898	0.000283116746544	0.00025452006144	0.000276082226272	0.001245290673447	0.001008658853766	0.001067329486168	0.00118469760347	0.00099400705105	0.000983982179285	0.000819893773599	0.000719533045605	0.001077143340317	0.000745862513786	0.001439573239454	0.001738690686492	0.000424049304704	0.000396507672236	0.000823194199449	0.001006967194346	0.00067001652217	0.000649130705905
b3041	0.00019859841189	0.000124639004261	0.000107744776416	0.000100333783325	0.000176937908535	0.000167962172843	0.00013768526545	0.000130226832624	0.000117070092229	0.000155546771116	0.000147560584901	0.000152287307403	0.000150050038825	0.000154124962416	0.000249261266073	0.000155328435717	0.000103433480475	0.000102322628313	0.000162376111822	0.000123201004968	0.000203915086281	0.000249705798471	0.000222618004218	0.000204053932413
b3314	0.002775797052872	0.003741912916067	0.002315461428176	0.002327240267552	0.002143058108023	0.001937067396614	0.005251373521607	0.005354491669378	0.005850690168142	0.005412321493216	0.006318769822558	0.004744567790732	0.005284531921228	0.003434283012132	0.00441917800499	0.005614567979855	0.004073795444449	0.004598660242899	0.003839300048706	0.004625806152897	0.003894265636923	0.005334752624147	0.005204801928664	0.003657110978726
b2080	3.80E-05	1.94E-05	4.73E-05	7.59E-05	6.87E-05	7.85E-05	2.71E-05	2.55E-05	3.20E-05	2.88E-05	2.60E-05	2.66E-05	2.78E-05	2.21E-05	1.67E-05	1.67E-05	1.63E-05	1.64E-05	1.85E-05	1.85E-05	2.64E-05	2.03E-05	3.73E-05	3.69E-05
b0661	0.000324106767558	0.000389729999328	0.000305151438021	0.00033810995029	0.000229023101107	0.000211843416596	0.00048913183092	0.000465771585612	0.000435689075203	0.000425679374991	0.000579677822821	0.000915085362567	0.000412121949144	0.000427925531957	0.00036428274056	0.000334072556308	0.000476503535568	0.000409317809636	0.00061337249845	0.000530004551233	0.000541244842164	0.000516840126421	0.000711049302362	0.000505966274485
b2041	0.000430283316247	0.00038963712254	0.000508510153055	0.000513883760538	0.000408158854314	0.000359697602315	0.000322418267168	0.000367815942905	0.000311167792951	0.000309485021264	0.000306680602959	0.000394311149738	0.000363243478582	0.000377042157353	0.00049177206184	0.000383163061779	0.000534591814011	0.000557888301163	0.000585529149958	0.000566094685662	0.00078452018045	0.000794840760336	0.00070614100336	0.000766775369357
b3728	0.000159779310825	0.000108589585934	0.000184911868569	0.000204701135704	0.000158011130488	0.000143355223957	0.000176423842064	0.000151773238522	0.000164218921649	0.000145249473501	0.000187068809846	0.000187246081284	0.000109049891912	7.69E-05	0.000147081477333	0.000141123637128	0.000152552535777	9.48E-05	0.000163708843925	0.000247737587465	0.000234254371453	0.000168364977527	0.000194160174217	0.000153902077357
b2171	0.000192459029986	0.000221258148835	0.000184290097285	0.00018378853921	0.000216018431588	0.000142994742879	0.000315523817729	0.000243853879508	0.000238185890874	0.000210959102695	0.000249861197815	0.000235995999332	0.000202953441879	0.000244462056061	0.000345457907136	0.000349473578009	0.000354207826378	0.000268050343594	0.000263500215239	0.000336987795332	0.000210897572784	0.00024468058126	0.000245167786523	0.000233296962207
b1244	0.000118502381722	5.30E-05	0.000103379297462	0.00013058719837	6.41E-05	8.25E-05	0.00024772175245	0.000203725643554	0.000178950192728	0.000213741950452	7.92E-05	9.79E-05	0.000181317513865	0.000203873613334	5.99E-05	6.39E-05	0.000130320111527	0.000165162654416	0.000202958098949	0.000131676543827	0.000186221014439	0.000118077274939	0.000176939739549	0.000171845478638
b4057	4.79E-05	2.35E-05	5.43E-05	5.15E-05	3.16E-05	3.48E-05	2.64E-05	2.76E-05	1.75E-05	1.73E-05	2.25E-05	3.99E-05	1.75E-05	1.69E-05	1.76E-05	1.76E-05	1.81E-05	1.82E-05	1.78E-05	1.78E-05	4.29E-05	2.08E-05	2.30E-05	3.33E-05
b1693	5.29E-05	5.23E-05	0.000107083234654	0.000131929816997	7.53E-05	7.75E-05	0.000164159066578	0.000167321479876	0.000143381193268	0.000145056486336	0.000170046315222	0.000197092006019	0.000152513099712	0.00013919960958	0.000149883730672	0.000121494676039	0.000126333958117	0.000123879380012	0.000106572991603	0.000102678879299	0.000100039359333	0.000102808741938	0.000112672568054	9.99E-05
b0033	0.002662431214113	0.002986010501314	0.001404086875401	0.001579969715363	0.002104840186947	0.001576583452362	0.002894673950532	0.002806675973554	0.003206742565405	0.003238695598358	0.003791479068624	0.00312572411485	0.002896272591771	0.003239522904799	0.00408849899276	0.00415713017081	0.003349935882716	0.004134443951639	0.00335433281678	0.003129287438735	0.003454235137689	0.003944717655904	0.00316132922319	0.003584601240899
b2594	6.13E-05	5.78E-05	0.000100193783677	0.00011074568354	0.000104054848871	9.76E-05	0.000183315430124	0.000181079715191	0.000124602722751	9.44E-05	0.000123317919331	0.000155494309469	0.000124726926575	0.000131262576986	9.36E-05	9.08E-05	9.84E-05	9.58E-05	0.000492016154745	0.000141645784331	0.000138237900632	0.000106595408915	0.000160497982647	0.000127766421469
b2042	0.000435096678732	0.000399226047413	0.000469918982765	0.000516161945754	0.000340063868944	0.000401220631418	0.000481802059404	0.000460116607471	0.000277986766704	0.00021830951454	0.000404958910769	0.000607865809995	0.000142176002346	0.000248699269966	0.000654590146754	0.000615270275217	0.000465572165106	0.000526132279049	0.000704025187458	0.000476733391649	0.000669124564245	0.000616960920164	0.000320984393157	0.000633782808046
b1855	7.91E-05	4.48E-05	7.29E-05	6.64E-05	8.79E-05	7.12E-05	8.42E-05	0.000106235147756	4.73E-05	4.68E-05	5.56E-05	6.63E-05	7.30E-05	7.03E-05	6.49E-05	6.50E-05	5.18E-05	7.01E-05	9.55E-05	7.20E-05	0.00014760786163	0.000101152607953	5.06E-05	5.26E-05
b3006	6.17E-05	0.000131906598005	0.000175251771716	0.000147759878281	0.00017977737784	0.00012424233982	0.000276301529406	0.000274815130446	0.000157847632876	0.000159790139184	0.000254340087019	0.000330953640726	0.000186394253842	0.000143148908833	0.000249593654677	0.000220205106385	0.000232017468738	0.000173471221706	0.000141804384829	0.000229388277596	0.000205598957443	0.000110140312174	0.000132952055654	0.000199426277595
b2790	7.64E-05	5.08E-05	6.25E-05	6.95E-05	6.23E-05	6.21E-05	4.83E-05	4.86E-05	7.68E-05	4.40E-05	3.46E-05	4.45E-05	3.98E-05	3.59E-05	3.84E-05	4.94E-05	3.55E-05	2.68E-05	2.73E-05	4.64E-05	5.68E-05	2.16E-05	3.81E-05	3.96E-05
b0473	0.00195212507764	0.002583588823979	0.001738257440173	0.001804148980469	0.002236846657174	0.001993761714787	0.001733010713222	0.001296272154109	0.001474224119018	0.001526478346699	0.001320717524276	0.001680293810004	0.00119754017924	0.00134443616283	0.001806081667245	0.002109287465788	0.00122962656365	0.001257898505188	0.001552999303574	0.001782093045595	0.001319014735836	0.001223359934527	0.001777052544466	0.001182376561437
b0676	0.000126732874797	0.000117750659066	0.000122786725542	0.000156991835551	0.00015301249018	0.000136330666652	0.000123337485943	0.000119855139788	0.000114070481572	0.000102731488917	9.67E-05	0.000113956445224	0.000135077463619	0.000147214360244	7.05E-05	6.76E-05	0.000105278106786	9.40E-05	0.000103889398447	0.000122662695046	0.000167425234233	0.000123917693307	0.000120423778582	9.99E-05
b0441	0.000888083111451	0.000806321163043	0.000757768325084	0.000923927727214	0.000822999928641	0.000703908794748	0.001211692404831	0.001071433533361	0.001416322004974	0.001188431688477	0.001037760988934	0.001005606369474	0.000936730245907	0.000963907615064	0.001465228470762	0.001497562074734	0.001530268253647	0.00148352634671	0.001242268087559	0.001478829329433	0.001097072191161	0.001171105999505	0.000858530752341	0.000741667453711
b3804	0.000160245962533	6.96E-05	5.39E-05	0.000101180381071	3.34E-05	3.43E-05	3.66E-05	3.63E-05	3.45E-05	3.42E-05	5.42E-05	5.56E-05	3.79E-05	3.65E-05	3.46E-05	3.46E-05	3.76E-05	3.78E-05	8.82E-05	8.82E-05	3.70E-05	3.54E-05	3.69E-05	3.84E-05
b2804	7.43E-05	3.50E-05	4.10E-05	6.51E-05	5.36E-05	5.59E-05	9.25E-05	2.98E-05	1.94E-05	1.92E-05	5.03E-05	6.22E-05	1.94E-05	1.87E-05	4.90E-05	4.31E-05	2.87E-05	4.18E-05	3.57E-05	2.98E-05	3.20E-05	3.06E-05	2.45E-05	2.55E-05
b4411	4.60E-05	2.85E-05	1.85E-05	1.96E-05	4.30E-05	6.99E-05	8.10E-06	8.21E-06	1.13E-05	1.59E-05	1.10E-05	9.90E-06	7.56E-06	7.27E-06	1.08E-05	1.55E-05	6.50E-06	6.96E-06	6.27E-06	6.28E-06	1.17E-05	1.29E-05	6.61E-06	6.88E-06
b3317	0.002774020903573	0.003970497078246	0.002826277945993	0.003199694404897	0.002680258974595	0.00251998856414	0.006421152694643	0.00623140785802	0.004639742338068	0.004718918577463	0.006644598767539	0.006659214960521	0.007607928247386	0.005907708143047	0.004790169219817	0.00478421748381	0.004714404007903	0.004485124392766	0.004230299491956	0.005130105498453	0.004272819044378	0.005434483029485	0.005994996977035	0.006242318552435
b1830	0.000365712155238	0.000543767090972	0.000391726624299	0.000476842819855	0.00046774988961	0.000731310072251	0.000716464564925	0.000750551957842	0.0006867569722	0.000620519727523	0.000593937071255	0.000761750513822	0.000715039548264	0.000618574209672	0.000347221948117	0.000285516483311	0.00064318684965	0.000647990312526	0.00070423182433	0.00039342049713	0.000805440382085	0.000728079404454	0.00082372269783	0.000802724609041
b4053	5.55E-05	6.48E-05	0.000168900214148	0.00037972816747	0.000156370049668	0.000200719952573	5.69E-05	5.65E-05	5.50E-05	5.61E-05	5.32E-05	5.45E-05	5.00E-05	4.81E-05	5.00E-05	5.00E-05	4.88E-05	4.91E-05	5.41E-05	5.41E-05	7.40E-05	6.61E-05	6.02E-05	6.26E-05
b1646	4.11E-05	3.88E-05	5.26E-05	5.44E-05	3.13E-05	5.22E-05	2.39E-05	2.67E-05	2.52E-05	2.50E-05	2.48E-05	2.55E-05	2.26E-05	2.17E-05	2.26E-05	2.26E-05	2.20E-05	2.22E-05	2.29E-05	2.29E-05	2.77E-05	2.65E-05	2.41E-05	2.51E-05
b0931	0.000113599704058	0.000129577096511	0.000280048676794	0.000324599874834	0.000336622281161	0.000272027003415	0.000362742763759	0.000345811180315	0.000295108528426	0.000276024952746	0.000315598401657	0.000363746646978	0.000266363105513	0.000270163590533	0.000268987344525	0.000223066989932	0.000323494884544	0.000328447878948	0.000305935887546	0.000267514980292	0.000289323119757	0.000256918889065	0.000247645016201	0.000282006606993
b2574	7.28E-05	6.86E-05	0.000100216621713	0.000100078752363	7.25E-05	7.44E-05	0.000122523746335	0.000121597660125	0.000127564811712	0.000185985716425	9.88E-05	0.000101237939124	8.36E-05	0.000134847523605	7.51E-05	7.51E-05	0.000109851237081	7.76E-05	7.60E-05	7.61E-05	0.000122556977393	9.44E-05	8.02E-05	8.34E-05
b2954	6.34E-05	5.98E-05	6.33E-05	6.88E-05	3.21E-05	3.30E-05	3.91E-05	3.71E-05	8.78E-05	3.61E-05	3.79E-05	5.81E-05	2.94E-05	2.83E-05	3.26E-05	3.98E-05	3.70E-05	3.81E-05	8.91E-05	3.26E-05	0.000111502865067	8.72E-05	3.24E-05	7.70E-05
b4042	1.74E-05	1.64E-05	1.89E-05	2.67E-05	4.84E-05	4.97E-05	2.96E-05	2.94E-05	1.79E-05	1.77E-05	2.35E-05	2.41E-05	1.97E-05	1.89E-05	1.79E-05	1.79E-05	1.75E-05	1.76E-05	1.82E-05	1.82E-05	3.20E-05	3.06E-05	2.86E-05	3.13E-05
b1817	0.000774053141783	0.000672706799323	0.000641554743727	0.000790041206151	0.00089525174339	0.00099427996965	0.000748907378218	0.000711542447037	0.001392596675231	0.001231432712196	0.00063546982372	0.000807854839613	0.00103535679525	0.001607399043603	0.001039647120534	0.00128806952546	0.001130657316487	0.001107620425565	0.000906583708864	0.001115984331521	0.00061820538644	0.000577211179407	0.000861806960553	0.000739909179747
b4139	0.001242700161691	0.001034163388324	0.001210201619718	0.001251354148178	0.000984813513348	0.001131947833994	0.000222903409759	0.000220619103235	0.000163754711888	9.65E-05	7.36E-05	7.54E-05	0.000161633371736	0.00013129373976	0.000174276793529	0.000212716116466	0.000493884401188	0.000453193340665	0.000479209709414	0.000473666810172	0.000159518863427	9.01E-05	0.000486893136277	0.000422578807124
b2291	2.86E-05	2.70E-05	3.40E-05	3.64E-05	2.85E-05	2.92E-05	5.95E-05	5.30E-05	3.12E-05	3.08E-05	4.06E-05	5.22E-05	2.95E-05	2.84E-05	3.02E-05	3.03E-05	2.88E-05	2.89E-05	2.99E-05	2.99E-05	5.91E-05	5.66E-05	3.15E-05	3.27E-05
b2283	0.002170597385907	0.002376390056141	0.00189613436897	0.002076062183784	0.001688972964225	0.001833287035689	0.001039194468703	0.00110484285722	0.001563068784395	0.001114512937543	0.000999568772502	0.001411958128145	0.001391751994554	0.001834313866325	0.001116529076252	0.00097493936524	0.001345526566063	0.00124425920473	0.002188631091107	0.002606859694766	0.003298287662664	0.001896142497286	0.002165889641823	0.001913235170048
b2599	0.000176928121158	0.000158698189597	0.00031426696307	0.000333697572544	0.000265762244322	0.000264373740288	0.000498401918195	0.000293720257185	0.000196385685096	0.000407025903425	0.000352524694559	0.00051763035122	0.000239848170958	0.000263263554325	0.00017079218096	0.000155379254475	0.000363987452605	0.000337606790742	0.000289748028173	0.000375722762138	0.000280819573894	0.000150285368678	0.00026878571316	0.000271158035789
b3541	0.000641495878687	0.000743410117573	0.000262946344697	0.000317083297674	0.000410577676331	0.000421011010162	0.000506199571525	0.000469949067915	0.000465627019334	0.000586046255444	0.000428827356019	0.000433361820258	0.000505583778803	0.000474630324838	0.000210852374584	0.000188692441341	0.000401092289609	0.000319097346107	0.000484586977191	0.000430526100935	0.000493745961262	0.000506217964046	0.000677952537271	0.000615970231442
b0911	0.006880320142123	0.007217035072123	0.005637704432837	0.005921590047137	0.008019782621848	0.007811785898175	0.014535982174207	0.016840736282707	0.01245551099737	0.011068417850391	0.01035145089236	0.01519582344815	0.01629009870587	0.015604251029859	0.014262327741271	0.013299562158309	0.011663979004339	0.012343544095934	0.010528881988367	0.009663114207607	0.010708303211458	0.011277595145009	0.015195142488315	0.013659840692875
b0436	0.00450113157944	0.004568800561548	0.003235195278666	0.002861595927027	0.003412227059628	0.003211310728883	0.006066977780077	0.005836254761127	0.005110776437733	0.005884443327514	0.00772208282881	0.006433389822468	0.006332408223285	0.00635520834582	0.00723938857877	0.007321534083331	0.006133184226581	0.005999750116429	0.00730382282589	0.006395080439103	0.005749630529742	0.005058345945869	0.005643231807699	0.005446278266357
b3752	9.50E-05	0.000122733743187	0.000179896278406	0.000176673243323	0.000185109928931	0.000172526417047	6.52E-05	5.32E-05	9.82E-05	7.24E-05	4.61E-05	5.42E-05	5.74E-05	6.06E-05	8.11E-05	9.10E-05	9.32E-05	4.46E-05	7.03E-05	6.21E-05	5.43E-05	5.81E-05	8.02E-05	5.36E-05
b3499	4.29E-05	4.05E-05	6.71E-05	6.70E-05	5.02E-05	6.22E-05	0.000134148980271	0.000146667981536	7.14E-05	4.37E-05	6.01E-05	0.00011859248503	7.91E-05	0.000102891651896	7.91E-05	8.69E-05	6.63E-05	5.51E-05	5.97E-05	5.05E-05	0.000157354670019	0.000145968593575	0.000141452296903	0.000174584495336
b0492	0.000122736602338	6.63E-05	0.000291517661402	0.000328101243418	6.06E-05	0.000200800225318	0.000187801058949	0.000272655864953	0.000143433296444	0.000167549406614	0.000345627927188	0.000333288683324	7.59E-05	0.000127089252014	0.000209909853823	0.000217007729476	8.73E-05	0.000104555832499	0.000121241722311	0.00020393199823	0.000379651310224	0.000332826417363	9.34E-05	0.000352912212501
b0237	0.001698131898861	0.002071934256767	0.001083965139706	0.001212907145006	0.001009268444844	0.001079935605865	0.001470752134029	0.001603236078842	0.002233426922347	0.001989230560375	0.00123538876347	0.001578605474512	0.001237026802477	0.001228683067562	0.001358857732756	0.001767287794804	0.002224800446051	0.001800950246627	0.002670228305911	0.001549123113556	0.001527594187025	0.001622912702423	0.001052632133578	0.00085738766738
b0125	6.00E-05	5.34E-05	0.000115542812106	0.000116542330784	6.36E-05	8.70E-05	0.000164082905406	0.000190251864434	5.15E-05	9.13E-05	0.000108876648219	0.000198433520568	0.000123320276698	7.28E-05	7.55E-05	6.06E-05	5.48E-05	8.94E-05	5.65E-05	5.03E-05	7.07E-05	4.09E-05	0.000101267032957	0.000127249933642
b2300	5.94E-05	3.19E-05	5.38E-05	6.58E-05	4.22E-05	4.20E-05	8.87E-05	8.71E-05	7.08E-05	4.58E-05	3.18E-05	7.57E-05	4.21E-05	4.56E-05	6.79E-05	5.98E-05	7.65E-05	4.53E-05	4.98E-05	5.74E-05	9.61E-05	9.85E-05	4.50E-05	4.24E-05
b4054	0.000706432836332	0.000672352371122	0.000803995023447	0.000809909847034	0.000545047353724	0.000576835158886	0.000580697820286	0.00065308334417	0.000923804080115	0.000842292190126	0.000918360314715	0.000892158653547	0.000853957585164	0.000751017310177	0.000873347828135	0.000751305483485	0.000929411369091	0.000811098796183	0.000746945654429	0.000638506306569	0.000851819483878	0.000654768148997	0.000669233346071	0.000616280381061
b2582	1.89E-05	1.78E-05	2.06E-05	2.06E-05	1.89E-05	1.93E-05	2.40E-05	2.39E-05	1.95E-05	1.93E-05	2.42E-05	2.48E-05	1.95E-05	1.88E-05	2.24E-05	2.24E-05	1.94E-05	1.95E-05	3.15E-05	1.98E-05	3.99E-05	3.56E-05	2.08E-05	2.17E-05
b2743	5.78E-05	3.39E-05	3.68E-05	4.66E-05	2.99E-05	3.07E-05	3.11E-05	3.09E-05	3.78E-05	3.73E-05	3.51E-05	3.87E-05	2.94E-05	2.83E-05	3.50E-05	3.15E-05	2.87E-05	2.89E-05	3.96E-05	3.96E-05	7.38E-05	5.95E-05	3.28E-05	3.41E-05
b4232	0.000741420713972	0.000577274771743	0.000773663989968	0.000750961768581	0.000706430743909	0.001220632149381	0.000438158696379	0.000435690451893	0.000413859566526	0.000359672246371	0.00031574322067	0.000380460066167	0.000468115419855	0.000480396319375	0.000572040854007	0.000563206834161	0.000426680610541	0.000411170835609	0.000393327963225	0.000420418456207	0.000407196412421	0.000446943596337	0.00033610498032	0.000291940035646
b3774	0.006980124427303	0.009726346687008	0.007941576734497	0.008677380710662	0.010742965818604	0.008738427623161	0.008379399707824	0.00652184523515	0.007098599877612	0.008869954035345	0.009501394474313	0.008377860921486	0.011981206238553	0.012109442671038	0.00912286166563	0.008010490913669	0.007681162485596	0.007390446452418	0.005457521976669	0.007369159862707	0.006414685125816	0.007480198922639	0.008531616072755	0.007997479689198
b3602	3.40E-05	1.83E-05	4.01E-05	3.85E-05	3.77E-05	3.98E-05	9.04E-05	8.77E-05	5.79E-05	4.58E-05	7.37E-05	8.90E-05	2.12E-05	2.96E-05	4.77E-05	4.16E-05	4.20E-05	4.92E-05	5.80E-05	6.29E-05	4.60E-05	2.02E-05	3.43E-05	4.61E-05
b1778	4.85E-05	2.67E-05	0.000195682724421	0.000135970792442	5.75E-05	5.23E-05	3.81E-05	5.22E-05	4.41E-05	2.76E-05	2.60E-05	6.49E-05	2.73E-05	2.25E-05	3.63E-05	2.72E-05	3.08E-05	3.10E-05	4.03E-05	4.37E-05	6.57E-05	2.71E-05	5.15E-05	5.75E-05
b3250	5.44E-05	5.13E-05	7.30E-05	9.74E-05	5.46E-05	5.69E-05	0.000101252015174	8.60E-05	9.13E-05	0.000102251079564	9.64E-05	0.0001048991931	9.06E-05	7.13E-05	9.15E-05	8.59E-05	0.000118686425794	9.10E-05	9.09E-05	6.86E-05	0.000115825882024	0.000153260521622	0.000108718416768	0.000103477896102
b3994	0.000855071718197	0.00104677278408	0.00066520853541	0.000583500958681	0.001473045832004	0.000886584987548	0.001782868890201	0.001806711915765	0.001343490353155	0.001016360447952	0.001501867129933	0.001768828831795	0.001446851094003	0.001397582206636	0.001609108012085	0.001770463066155	0.002133262938871	0.00248878265303	0.001921955048546	0.001978583709898	0.00193287445852	0.001823880329664	0.001491977621502	0.001330020383747
b4180	7.28E-05	6.91E-05	8.36E-05	9.39E-05	8.28E-05	6.58E-05	0.000169138306563	0.000160561631832	9.70E-05	8.24E-05	0.00012647120582	0.000146002892334	0.000139348477479	0.000138210280696	0.000101442588008	5.16E-05	7.38E-05	0.000101282569652	8.37E-05	5.79E-05	9.21E-05	6.85E-05	0.00010429733618	0.000114254783381
b0082	0.000175235554111	0.000112385842366	0.000121895523111	0.000146635834585	0.000139296467508	0.000179181159485	0.000180282459415	0.000179319183035	0.000156980993924	0.000150363148369	0.000111407147908	0.000122852430958	8.37E-05	0.000119668262364	0.000160633930756	0.000151228302284	0.000152993830473	0.000168513157031	0.000161930880276	0.000244950590482	0.000254062895462	0.000210825359062	0.000138195783465	0.000167383939045
b3248	2.71E-05	2.55E-05	3.95E-05	3.15E-05	2.70E-05	2.77E-05	3.40E-05	3.38E-05	2.79E-05	2.76E-05	3.87E-05	3.97E-05	2.79E-05	2.69E-05	2.79E-05	2.80E-05	2.73E-05	2.74E-05	4.71E-05	4.71E-05	2.99E-05	2.86E-05	3.43E-05	3.57E-05
b0194	0.002106670576154	0.00201740430895	0.001143862628453	0.001349911215416	0.001351091618014	0.00147556495188	0.00184968939823	0.001768610851003	0.001678392194222	0.001861020120464	0.001984171775389	0.001823592503458	0.001599466551258	0.003519267012748	0.002341887230344	0.00291958867839	0.002244630333273	0.002475509989721	0.00232134379625	0.001923829576822	0.002725770242097	0.002244540283578	0.00167231158641	0.001667295126843
b2965	0.000105001394072	9.90E-05	0.000163966298797	0.000162825975492	0.00011297727545	0.000107365606442	0.000273053759039	0.000355560577993	0.00027348942678	0.000233668678172	0.000195556681455	0.000404475525614	0.000325742174971	0.000316644000949	0.000229682097359	0.00023418699269	0.000273954316575	0.000311382925115	0.000247563110202	0.00030829630342	0.000272558932453	0.000385985754047	0.000310039564279	0.000220399454783
b1243	0.005578985634418	0.00510993415163	0.004218801024335	0.00463808478909	0.003018747539572	0.004284544144651	0.010245924278753	0.008258491532272	0.009241013940651	0.010881739843976	0.004758393767177	0.00401911558997	0.007250571652974	0.00670932947507	0.003591024691778	0.004216206851708	0.006590220509973	0.006625803520469	0.007899908629487	0.007593489274601	0.007296790628195	0.008659166499947	0.005813857822165	0.006929414252404
b3178	0.000961803969338	0.001120150973794	0.000968083517269	0.001074259063071	0.000975343332722	0.001068346469076	0.001297148101386	0.001485707990418	0.001579675431957	0.00150967295411	0.001318172900435	0.001535578038132	0.001364503092159	0.001513485900992	0.001511737031691	0.00118309144826	0.001672775798668	0.001852051745493	0.001463979999835	0.001667281555189	0.001291778272142	0.001180302048677	0.001217063815246	0.001095131905108
b0163	0.000247337717191	0.000136893642608	0.000323345889591	0.000314206899504	0.000135216637721	0.000209476690137	9.56E-05	9.73E-05	7.80E-05	6.52E-05	0.00012379279746	0.000142993213119	4.76E-05	4.77E-05	8.06E-05	9.48E-05	0.000103025574607	9.43E-05	9.16E-05	9.20E-05	0.000173933853994	0.000112671054734	7.41E-05	0.000115074622064
b1623	7.82E-05	7.37E-05	6.84E-05	8.80E-05	5.10E-05	5.63E-05	0.000112544498284	0.000118778896424	0.000100353277128	0.000131413578491	9.39E-05	9.36E-05	8.70E-05	0.000108840394592	8.54E-05	9.30E-05	0.000131755767276	9.63E-05	9.66E-05	7.69E-05	0.0001325638971	8.87E-05	8.14E-05	9.62E-05
b2665	4.49E-05	3.91E-05	0.000105792851045	9.73E-05	2.74E-05	5.56E-05	3.30E-05	2.46E-05	5.48E-05	3.70E-05	2.99E-05	3.96E-05	2.02E-05	1.94E-05	2.02E-05	2.02E-05	2.75E-05	2.77E-05	5.79E-05	5.79E-05	3.94E-05	2.12E-05	2.15E-05	2.43E-05
b1002	0.001813469367001	0.000885948314586	0.00183580401871	0.002224770782774	0.000648442589964	0.000948643432885	6.17E-05	6.12E-05	6.72E-05	6.65E-05	6.21E-05	6.36E-05	6.13E-05	5.90E-05	0.000161537325789	0.000158162993123	0.000234437338996	0.00018254466625	0.000277239925673	0.000237973564346	0.000100790941193	0.000114334328335	0.000165569107321	0.000188788710417
b3385	4.58E-05	4.32E-05	0.000128577251774	0.000102846485067	6.23E-05	0.00030333553673	0.000303369066926	0.000257482768668	8.36E-05	4.52E-05	0.000207420922163	0.000239554307947	0.000154769034661	0.000124722717391	6.37E-05	3.80E-05	5.07E-05	4.43E-05	6.57E-05	6.82E-05	0.000200789454575	0.000115675659992	0.000115225255522	0.000215752857958
b3165	0.000215934272152	0.000147314178865	0.000534074623233	0.000506252989035	0.000284490690724	0.000230236733779	0.000560893354125	0.00047951722525	0.000259410191905	0.000383828384917	0.00065328048316	0.000869447831099	0.00034659843806	0.000287362986459	0.000255302540281	0.000328838846744	0.000175808280776	0.000347522941518	0.000428749820973	0.000282460114747	0.00042819804914	0.00032894997446	0.000291401257365	0.00046382544641
b0121	0.0001870032519	0.000114786891907	0.000159186494049	0.000142959062383	0.00023534889109	0.000249941280604	0.000175269575137	0.00020392253689	0.000220145724861	0.000209706130347	0.000276682101777	0.000323460501224	0.000275015726942	0.000293007131403	0.000186953638278	0.000119314296833	0.000202342561735	0.000163430266034	0.000203651896092	0.000214123731763	0.00032863061873	0.00035245901006	0.000272324922357	0.000241677921867
b4036	0.003129081991138	0.002062896387538	0.001620604070624	0.001583879921353	0.002665574951023	0.00342734212877	7.89E-05	7.83E-05	0.000110963613132	7.48E-05	7.94E-05	8.14E-05	0.000136664850976	0.000223620959494	0.000169954562986	0.000166263075061	0.00027261356772	0.000239545869345	0.00083147086874	0.000819204002714	7.98E-05	7.64E-05	0.000166354788968	0.000102225372524
b0912	7.58E-05	3.29E-05	0.000122975335419	0.000139613792421	5.98E-05	8.87E-05	7.77E-05	8.17E-05	9.39E-05	0.000127077262734	0.000129033798462	0.000128899670672	5.68E-05	4.25E-05	5.88E-05	5.70E-05	2.46E-05	5.36E-05	6.37E-05	3.45E-05	7.67E-05	4.84E-05	2.78E-05	5.56E-05
b0092	0.000110460578066	4.91E-05	6.86E-05	7.72E-05	0.000113507958286	7.07E-05	0.000136025861077	0.000127100917609	0.00017536571003	0.000179448963298	0.000123588183109	0.000121926529597	0.000123594851926	8.75E-05	9.61E-05	9.58E-05	0.000121327081811	0.000108709457303	0.000152105873491	0.000150731644452	0.000148360809302	0.000156676922962	0.00015652753947	0.00012775420551
b0884	6.89E-05	7.05E-05	0.00010467432942	8.95E-05	0.000137446959846	0.000105467483753	0.000151728146436	0.000146991553033	0.000180985246209	0.000215534308238	0.000155908678519	0.000214410995257	0.000149666408032	0.000139280286539	0.000240762372337	0.000178946904147	0.000215552783631	0.000290420458982	8.44E-05	0.00014544388201	0.000164781722509	6.14E-05	9.05E-05	7.48E-05
b0174	3.82E-05	3.60E-05	5.91E-05	6.85E-05	3.99E-05	4.12E-05	6.56E-05	6.68E-05	3.94E-05	3.89E-05	5.52E-05	6.26E-05	5.99E-05	4.09E-05	3.94E-05	3.95E-05	3.85E-05	3.87E-05	3.99E-05	4.00E-05	4.22E-05	4.04E-05	7.23E-05	4.93E-05
b1033	0.000176450320919	4.13E-05	0.000149610828722	0.000172202501372	0.000186218461726	0.000215590527094	0.000179015987155	0.000200326058825	0.000103995039536	7.62E-05	7.55E-05	0.000207764254404	0.000115665224054	0.000148705640622	0.000222177029835	0.000177562903922	5.95E-05	0.000133275946041	0.000228553612349	0.000234144211247	0.000228569488119	0.000244437633192	8.90E-05	0.000167473922669
b3637	0.000269394292895	0.000275911160892	0.000351420825055	0.000363385636896	0.000410646530216	0.000266985784233	0.000433407097649	0.000509640016308	0.000601936053838	0.00052570298648	0.000649504839635	0.000985747803495	0.000710212489567	0.000602220479095	0.000397087823851	0.000484526290284	0.00038632635698	0.000339995792148	0.000418427428747	0.000306487404239	0.000468890983504	0.000314855668109	0.000401761367582	0.000530984461005
b3038	0.000160974509528	0.000121727910512	0.000220722115866	0.000232865625898	0.000234390300433	0.000220601635885	0.000175072186055	0.000153641475168	0.000140828551789	9.27E-05	0.000125517244838	0.000162883623023	0.000179772223679	0.000194171214847	0.0001818186185	0.000164740041353	0.00016538936921	0.000144224902866	0.00017420484296	0.000205667945976	0.000212348800625	0.000130297817501	0.000181028421293	0.000181708241363
b3924	5.31E-05	7.14E-05	7.27E-05	9.81E-05	4.94E-05	5.28E-05	6.60E-05	5.18E-05	9.71E-05	6.07E-05	6.38E-05	5.55E-05	6.18E-05	6.46E-05	4.30E-05	4.30E-05	5.05E-05	4.58E-05	6.07E-05	6.14E-05	9.43E-05	9.80E-05	4.85E-05	4.71E-05
b1584	4.14E-05	3.91E-05	5.91E-05	7.21E-05	5.65E-05	5.66E-05	7.00E-05	6.42E-05	3.24E-05	3.21E-05	4.75E-05	3.85E-05	4.37E-05	3.70E-05	5.04E-05	5.81E-05	5.01E-05	5.04E-05	3.90E-05	3.90E-05	3.65E-05	2.81E-05	3.39E-05	3.53E-05
b1118	5.47E-05	5.16E-05	7.06E-05	9.66E-05	6.98E-05	7.16E-05	5.96E-05	5.92E-05	8.05E-05	7.97E-05	6.00E-05	6.15E-05	5.64E-05	5.42E-05	5.64E-05	5.65E-05	6.13E-05	5.83E-05	6.22E-05	6.22E-05	7.30E-05	5.78E-05	9.67E-05	6.37E-05
b0729	0.005909314657449	0.005676741749201	0.006163022526484	0.004645061805464	0.009027554574817	0.006763124702678	0.000951322532713	0.000970045373954	0.001250981170417	0.001254837660112	0.00061841105465	0.000682815114248	0.001310373111269	0.00121662446958	0.001577769068561	0.001736653574537	0.001999217460275	0.002105061406401	0.003378848408502	0.003170480634429	0.001427266151057	0.001180092742838	0.00227605563615	0.002494678145454
b0439	0.00125966297983	0.001492477299486	0.001071071061682	0.001138084048589	0.001165574561773	0.001168869013352	0.001563708511878	0.001589935662042	0.001593242702184	0.001452220957503	0.001548812510423	0.001637741723919	0.001338246216865	0.001498187119496	0.001410418227225	0.001477343635709	0.00124653914456	0.001480004384664	0.001948585901882	0.001327773340866	0.001290186132187	0.001250501437036	0.000964971520911	0.000756598457741
b3182	6.30E-05	5.94E-05	6.87E-05	6.86E-05	6.28E-05	6.44E-05	8.31E-05	8.24E-05	7.17E-05	7.09E-05	7.94E-05	0.000103553013821	9.55E-05	9.19E-05	6.61E-05	6.62E-05	7.39E-05	7.44E-05	6.58E-05	6.59E-05	6.95E-05	6.66E-05	6.94E-05	7.22E-05
b3805	4.91E-05	7.19E-05	9.76E-05	0.000124775692269	8.70E-05	7.98E-05	0.000134358968657	0.000132955800598	0.000117684824697	0.000123684100882	9.04E-05	9.79E-05	5.72E-05	0.00010300587343	7.72E-05	6.36E-05	4.72E-05	7.76E-05	9.21E-05	7.56E-05	8.69E-05	5.45E-05	8.56E-05	8.90E-05
b3397	4.21E-05	3.36E-05	2.98E-05	3.56E-05	4.48E-05	2.72E-05	3.76E-05	4.04E-05	6.64E-05	6.98E-05	3.51E-05	3.50E-05	3.99E-05	3.31E-05	4.78E-05	6.15E-05	4.41E-05	4.26E-05	7.11E-05	7.95E-05	4.42E-05	4.61E-05	4.22E-05	3.69E-05
b3734	0.008401732484094	0.010024655020627	0.006620463533312	0.007019079262128	0.007962377765898	0.00877605480682	0.003316322460083	0.003330460500245	0.00441666509304	0.004905401818376	0.003310998018372	0.003239660651671	0.003293361039898	0.00372333842051	0.007268900290807	0.0074684246065	0.007257014475197	0.007381809150101	0.008821427022973	0.007242304318221	0.008659448359047	0.009862767205767	0.007707694329515	0.006655549896997
b2156	0.000430119473032	0.000339391937124	0.000451732374562	0.000495543186026	0.000365842883622	0.000279875302704	0.000610732620611	0.00047912646154	0.000416298901853	0.000316432214311	0.000451166745729	0.000485171646671	0.000429571799441	0.000511553826	0.000359014442294	0.000177883172408	0.000382752410804	0.000365033818426	0.000554930621065	0.000330641739386	0.000581645422706	0.00054712995388	0.000499487443285	0.000364899800666
b2514	0.000714824708099	0.00037955242915	0.000646599781115	0.000669545187065	0.000535227993065	0.000567645368146	0.000916472167966	0.000933778079485	0.00095072542366	0.000923515019173	0.000854341065324	0.000923400613182	0.000805972209532	0.000747087170259	0.000684178080293	0.000940470300093	0.0008737482205	0.000803081758134	0.001027782518623	0.001031954630535	0.000978314576047	0.000707269311387	0.00066918424898	0.000742068083834
b0812	0.000601140649642	0.000132602764903	0.000801946140234	0.000625772907954	0.00013553867242	0.000394888851041	0.000163931702231	0.000145567096447	5.17E-05	7.29E-05	0.000110527931099	0.000202445129108	3.04E-05	2.61E-05	8.04E-05	0.000119242016897	0.000127388602188	0.000186658203507	0.000256463794764	0.000139566900693	0.000257084468633	0.000133057362974	0.000100218431901	0.000178759650682
b1086	4.95E-05	5.75E-05	6.36E-05	8.05E-05	7.71E-05	6.27E-05	8.90E-05	9.94E-05	4.48E-05	4.43E-05	6.95E-05	8.49E-05	6.09E-05	6.20E-05	4.72E-05	4.88E-05	4.45E-05	4.48E-05	4.58E-05	8.13E-05	9.63E-05	9.66E-05	7.77E-05	0.000114828812251
b0222	0.000192866839873	0.00022966195192	0.000354369492264	0.000414540613719	0.00020969285236	0.000238632417042	0.000311247092734	0.000334874113331	0.000328012321316	0.000259785448188	0.00026522339612	0.00034033265214	0.000252271745521	0.00021381529366	0.000339390963831	0.000293262898146	0.000253307339983	0.000220535448212	0.000260926556481	0.000369952089068	0.000416478237684	0.000293733700068	0.000262948077196	0.000275212522185
b0133	0.000497992619554	0.00049868187457	0.000394348696066	0.000433114011537	0.000404895070572	0.000405313849176	0.000436392855585	0.000429476248585	0.000368458705469	0.000394705226028	0.000338024371485	0.000402331320463	0.000308848674957	0.000341157268425	0.000553487597877	0.000556653518826	0.000388231287604	0.000498618102195	0.000439059810344	0.000490659141507	0.000518252014898	0.000442015942708	0.000391432752062	0.000399402636904
b0962	9.65E-05	9.10E-05	0.000113324823621	0.000150891894857	0.000127362616054	0.000103732112918	0.000116057857807	0.000108037657869	0.00012916652937	0.000127742198685	0.000105968211327	0.000108564362118	0.000108880237802	0.00013826979425	0.000107227149426	0.000100492570914	0.000352837723888	0.000112771776344	0.000117227276273	0.000138848125556	0.000165667539179	0.000115002927138	0.000106319057196	0.000110564024732
b3312	3.60E-05	3.40E-05	7.49E-05	7.67E-05	4.93E-05	5.87E-05	0.000102124055404	5.95E-05	3.26E-05	1.97E-05	7.93E-05	0.000144534168687	7.14E-05	6.07E-05	4.14E-05	0.000109141851489	3.72E-05	8.65E-05	7.49E-05	3.44E-05	8.55E-05	3.07E-05	1.71E-05	5.62E-05
b3868	6.47E-05	6.10E-05	6.93E-05	6.92E-05	7.27E-05	7.46E-05	0.000104303250258	8.02E-05	0.000167425125048	0.000272585694272	8.56E-05	0.000127474167178	7.01E-05	9.60E-05	6.56E-05	6.56E-05	8.07E-05	8.12E-05	8.55E-05	0.000127724237255	0.000261081861987	0.000172819829902	0.000112658478716	0.000147553935638
b0628	0.000303710868179	0.000285724995239	0.000400256918921	0.00044333326495	0.000170673416845	0.000180243394366	0.000421186673556	0.000454351268296	0.000257094875432	0.00020955056368	0.000216196526896	0.000321937788083	0.000326607725107	0.000346693225031	0.00021534302583	0.000170588250513	0.00040287548303	0.000329628651112	0.000185816789435	0.000222616634745	0.000310764688041	0.000287767964117	0.00029552202178	0.000284589082482
b2818	0.000163390821451	0.000276303807242	0.000259884271647	0.000308258841664	0.000294454787855	0.000292105994147	0.000446703735294	0.000446707238063	0.000383865813911	0.000344638798427	0.000473700981359	0.000537407986509	0.000449184292381	0.000442881879686	0.000373683108513	0.000279392861165	0.000370310057437	0.000349940931941	0.000238734012887	0.000342235299553	0.000374432589052	0.000356730031284	0.000380674114549	0.000349369996516
b2154	8.89E-05	4.37E-05	7.93E-05	0.000114137937436	0.000102443589983	0.000131513955908	4.72E-05	4.69E-05	3.95E-05	3.91E-05	4.21E-05	4.31E-05	3.99E-05	3.84E-05	4.61E-05	4.61E-05	5.29E-05	5.32E-05	4.01E-05	4.01E-05	4.23E-05	4.05E-05	4.23E-05	4.39E-05
b3607	0.000271954446257	0.000242747702848	0.000197143124517	0.000197209599749	0.000350333688284	0.000369713438744	0.0001468023958	0.00016516326784	9.30E-05	9.83E-05	0.000159705972881	0.000187341624956	0.000112894392372	0.000109508841338	0.00018557556141	0.000183470035755	0.000266876768608	0.000212938858041	0.000220372426034	0.000344023494506	0.000188571565315	0.000151988776084	0.000253505703209	0.000189015832721
b0484	0.001967674941087	0.002169642434062	0.001549731613966	0.001911978872591	0.000533368369129	0.000932334211153	0.001031098828009	0.001030348747328	0.000980620255437	0.000942341635986	0.000830823261424	0.001012211532349	0.001017065623326	0.001033571975061	0.001521968425723	0.001688154884251	0.000985164952858	0.00076251110362	0.000822749594462	0.000623941214141	0.001299682133123	0.000989669066214	0.000711712445221	0.000683687289938
b3552	3.83E-05	3.61E-05	3.38E-05	3.48E-05	2.67E-05	2.74E-05	4.10E-05	5.36E-05	3.31E-05	3.28E-05	4.10E-05	4.68E-05	4.82E-05	4.63E-05	2.76E-05	2.76E-05	2.69E-05	2.71E-05	2.80E-05	2.80E-05	3.47E-05	3.32E-05	2.95E-05	3.07E-05
b0354	6.41E-05	6.04E-05	5.97E-05	4.59E-05	3.02E-05	2.61E-05	6.90E-05	5.34E-05	3.08E-05	3.59E-05	4.70E-05	5.57E-05	2.56E-05	2.47E-05	4.63E-05	5.33E-05	2.50E-05	4.20E-05	4.65E-05	2.67E-05	0.000109542014225	5.05E-05	5.11E-05	5.31E-05
b3908	0.000549930886941	0.000508528639774	0.001054713803191	0.000771789704149	0.000576593782251	0.00065099423911	0.000648101507599	0.000706676851437	0.000347863663894	0.00029673014969	0.001077402719632	0.00105212653455	0.000410444836667	0.000322077372222	0.000764793896378	0.000630899615452	0.000611092700559	0.000620567184326	0.000637533381781	0.000695594929805	0.001338150404793	0.001002325561118	0.000436317760171	0.000831900535896
b2522	3.61E-05	3.40E-05	3.93E-05	3.93E-05	3.59E-05	3.69E-05	8.29E-05	6.07E-05	4.34E-05	4.29E-05	5.76E-05	8.73E-05	4.16E-05	4.87E-05	3.72E-05	3.72E-05	3.63E-05	3.65E-05	4.97E-05	4.40E-05	5.99E-05	4.83E-05	6.18E-05	7.60E-05
b0388	4.80E-05	4.20E-05	0.000106912964411	0.000127942586843	5.81E-05	6.61E-05	7.89E-05	9.98E-05	0.000126685116997	0.000125288149065	6.85E-05	7.02E-05	6.37E-05	6.01E-05	2.47E-05	2.47E-05	2.41E-05	2.42E-05	3.32E-05	6.57E-05	5.79E-05	3.19E-05	7.90E-05	6.27E-05
b3316	0.000222519077014	0.000115287329203	0.000449333158191	0.000397776540842	0.00017673382326	0.000170787996236	0.000373413462028	0.000576846519281	0.000292462066358	0.000376131833466	0.000534379950253	0.000798929187622	0.000362045056435	0.000379089583074	0.000234148760224	0.000241041026635	0.000233755338102	0.000258443516131	0.000335625791234	0.000269931369386	0.000492867172103	0.000395055413017	0.000283450453702	0.000707594139308
b4397	4.40E-05	3.75E-05	7.48E-05	8.63E-05	8.35E-05	7.66E-05	8.17E-05	6.99E-05	4.88E-05	5.59E-05	6.48E-05	7.31E-05	6.14E-05	5.56E-05	7.41E-05	4.41E-05	6.50E-05	6.54E-05	6.37E-05	7.98E-05	0.000110041352778	7.13E-05	7.86E-05	7.69E-05
b1261	0.00104659603798	0.001218219275599	0.000774410632248	0.000885732829307	0.001173582045199	0.001156629485635	0.001257183215675	0.001042933260187	0.001240395420225	0.001005741551766	0.001348497348934	0.001226553151643	0.001068140990253	0.001064810609824	0.000831723020145	0.001074567034308	0.000994904493326	0.00085095068162	0.001138920921597	0.000942698096376	0.001154565092434	0.000919685866328	0.001082469809761	0.000958997636745
b4382	0.000159284724325	0.000119618300551	8.39E-05	0.000148444710306	0.000173115105854	0.000219033656758	0.000165033806658	8.16E-05	0.000152280243464	0.000149583461254	0.00010472938619	7.47E-05	6.85E-05	0.000118381533594	6.65E-05	6.65E-05	0.00019601808304	8.19E-05	8.30E-05	0.000106509847151	0.000175793237841	0.000168256207317	0.00012047996113	0.00012529032662
b2587	0.000340416994681	0.0004923921108	0.000471619136097	0.000445497820228	0.000620771452823	0.000559780715799	0.000282296386294	0.000252685178274	0.000244079042286	0.000221610008927	0.000257957925676	0.000308510647575	0.000412678910322	0.000358421759924	0.000199243001906	0.000118708294335	0.00020389079831	0.000145169799132	0.000690724684011	0.000262277971964	0.000516859843836	0.000491019765762	0.000185335703378	0.000122027829429
b4142	0.000837735699274	0.000680271648671	0.001029265472497	0.000893371226052	0.001409026693138	0.001445151315816	0.000729366759002	0.001002881376939	0.000718915246133	0.000632847345819	0.00072135238832	0.000747800887823	0.000634536043971	0.001188598790251	0.000792052806887	0.000600912310441	0.000472550419637	0.000873171363231	0.00060785904246	0.000790717031411	0.000608936378798	0.000562170790106	0.000610803728964	0.000781715559594
b2306	8.12E-05	7.60E-05	7.37E-05	6.63E-05	0.000122889231623	9.85E-05	0.000108103993886	0.000109255465194	3.90E-05	3.86E-05	9.32E-05	0.000120019892495	7.00E-05	0.000375802592445	4.53E-05	5.45E-05	5.89E-05	6.60E-05	9.15E-05	0.000103943451945	0.000116400386935	9.83E-05	0.000133231616565	0.000113896654615
b0724	0.001981524071769	0.00340659410996	0.002720306462294	0.002312933861055	0.001789902264014	0.002273110291149	0.000398747983862	0.000524477930172	0.000342792796712	0.000226489396127	0.000165731235973	0.000308045816723	0.000573837682539	0.00052300724711	0.000993053847222	0.000858411286285	0.001020652305538	0.000785499844207	0.001534947169061	0.001055803025324	0.000536254234952	0.000414259192989	0.001302162300938	0.001111807246245
b3995	8.37E-05	7.90E-05	4.86E-05	5.04E-05	5.40E-05	5.54E-05	4.86E-05	4.83E-05	2.31E-05	2.28E-05	3.88E-05	7.27E-05	2.31E-05	2.22E-05	6.03E-05	6.04E-05	3.85E-05	3.87E-05	6.09E-05	2.34E-05	4.79E-05	3.14E-05	2.47E-05	2.56E-05
b0074	0.001122425406786	0.001431873668591	0.001210100278819	0.001627527040515	0.001376046493629	0.001278456191242	0.001905934591176	0.001840353137493	0.001390609300351	0.001960090985813	0.002389256084463	0.002662569614294	0.001531382519809	0.001721837395081	0.002783991347883	0.002851111324497	0.002856248577827	0.00263822343642	0.002055336700904	0.002151455827308	0.001371192421898	0.001385385793167	0.001349491267376	0.001100615828342
b0523	0.000155906179922	0.000153605638558	0.000167961294064	0.000160767067835	0.000134338418747	0.000164993260201	0.000369051357141	0.000280956885709	0.000263327770935	0.000151387038722	0.000240181891313	0.000344450347594	0.000241672890801	0.000170699602435	0.000168626099941	0.00023224904288	0.00017491572584	0.000159998806285	0.000283810045224	0.00015869326058	0.000350355773957	0.000399898285099	0.000528160470742	0.000300157982547
b4213	0.000639080518725	0.000553991468658	0.000704255624401	0.000935811978846	0.000768058322007	0.000830435576597	0.000171621892274	0.000158158651435	9.26E-05	0.000114511897098	9.96E-05	0.000125590342035	0.000147584588904	0.000168707745081	0.00029220965867	0.000287008269981	0.000243588710121	0.000270137702813	0.0004713622616	0.000410500777193	0.000157931206137	9.02E-05	0.000241033084267	0.000172541109621
b0657	0.000120117850435	0.000113289071629	0.000140859051293	0.000140665269609	0.000130492780686	0.000133931991165	0.000107322040982	0.000133301929808	0.000125002569125	0.000123624154796	0.000103402447721	0.000156187307511	8.16E-05	1.00E-04	7.29E-05	7.29E-05	0.000115439958442	8.07E-05	8.89E-05	7.45E-05	0.000211840811929	0.000108392782162	0.000164262597952	0.000114111233747
b4350	0.000869460992044	0.000706324086675	0.000968234317509	0.000951456580868	0.000837947091234	0.000922394829591	0.000182565402377	0.000181185495978	0.000178286255944	0.000176320277713	0.000183790636123	0.00018829338463	0.000191629346383	0.000219491063048	0.00017269026439	0.000172816652517	0.00016846889242	0.000169511939016	0.00041504905462	0.000266955136646	0.000500919159487	0.00035808365336	0.000820419907499	0.000250265122783
b2096	0.008064303041922	0.006306234106078	0.013542037475743	0.013168499694887	0.005043088514601	0.008245545716972	0.000676522997155	0.000648829303051	0.001191376281877	0.000971017603773	0.000434835463378	0.000590318284673	0.00070283286304	0.000751338549061	0.001705917459169	0.002115028227076	0.001390947936361	0.00143190806987	0.002245596785543	0.00233195207751	0.001015756620897	0.001181864540841	0.003757352338747	0.00379721476713
b0014	0.007589800843037	0.007363784568094	0.005778086653632	0.005789244078492	0.007063965856802	0.00700047088473	0.005081266418628	0.004976381680261	0.006107050368093	0.005974155554812	0.004590344207397	0.005033431986658	0.00499123984746	0.005753659639599	0.006589587060871	0.006732548224454	0.005488808112851	0.005741214973149	0.006856258614365	0.006775716894029	0.005179793194311	0.006174746149937	0.005819349832322	0.005409254034424
b3315	0.001143306901914	0.001319681600526	0.000990377153991	0.001062384556084	0.001154103529822	0.00083146521352	0.002414407413891	0.002330080556096	0.002464113421495	0.002044664221206	0.003107705715752	0.002392391935167	0.002174886515823	0.001828268025882	0.001597973015658	0.002058482075694	0.001569845194836	0.001706217941459	0.001254318931502	0.002076016655489	0.001919747206924	0.001703432210519	0.002404036183065	0.002735014202426
b1105	6.57E-05	3.73E-05	0.000125179102037	0.000109186517237	8.97E-05	8.16E-05	6.91E-05	8.84E-05	9.89E-05	8.98E-05	5.73E-05	0.000104495194139	6.17E-05	4.96E-05	5.18E-05	4.30E-05	4.89E-05	4.34E-05	5.82E-05	5.28E-05	0.000134838429445	9.69E-05	7.74E-05	8.73E-05
b0185	0.000694465131354	0.000506971232701	0.000613805884659	0.000689683130323	0.000601252251059	0.000601852177981	0.00086446555597	0.000838157973049	0.000955172436776	0.000815117299485	0.000826057916774	0.000857199498872	0.000745062075001	0.000678541281038	0.001195019694157	0.001369485654126	0.001082133723687	0.001169627740541	0.001322601888535	0.001087081871049	0.001110372025368	0.001391951089286	0.000984858931006	0.000843945713581
b4394	2.20E-05	2.07E-05	2.42E-05	4.03E-05	0.000119569070733	0.000122720380704	3.57E-05	2.54E-05	4.01E-05	3.34E-05	3.28E-05	3.84E-05	2.82E-05	3.42E-05	2.44E-05	3.06E-05	2.40E-05	2.42E-05	2.46E-05	2.46E-05	2.42E-05	2.32E-05	0.000160884792674	0.000167308389157
b1608	0.000283587494329	0.000260006165472	0.000193432531999	0.000483838830224	0.000154770550947	0.000142387019153	0.000466164432007	0.000397204634995	0.000372213665049	0.000372138574866	0.000427729667859	0.0005214652474	0.000263634981896	0.000214347001931	0.00023956391366	0.000305361301253	0.00047168040429	0.000228861113238	0.000137559645849	0.000432384968973	0.000373143215776	0.00031298665289	0.000218462919619	0.000213916755733
b1651	0.000136667030564	0.000102552335298	0.000170715930246	0.00017735531091	0.000233162817124	0.000238501116703	0.000160610655147	0.000171184871792	0.000152679196204	0.000170935368901	7.95E-05	0.000164584536	0.000201659305666	0.000252825577972	0.000231059846816	0.000118954994123	0.000179820987675	0.000126430252833	0.000215232647507	0.000138612150447	0.000121744984615	0.000132528707352	0.000129361803196	0.00015532058285
b1557	1.02E-05	9.62E-06	1.48E-05	2.22E-05	1.05E-05	1.08E-05	0.000220278485712	0.000245564670189	0.000176777367161	0.000157694548187	9.38E-05	0.000117727248963	0.000154139867942	0.000142670460575	1.05E-05	1.05E-05	1.20E-05	1.21E-05	3.39E-05	1.66E-05	1.13E-05	1.08E-05	2.35E-05	1.97E-05
b2593	3.40E-05	3.97E-05	0.00011149590068	0.000111342514275	3.22E-05	3.30E-05	3.83E-05	3.80E-05	6.17E-05	6.10E-05	3.55E-05	3.64E-05	3.33E-05	3.21E-05	3.39E-05	3.39E-05	4.04E-05	4.06E-05	3.38E-05	3.38E-05	5.17E-05	4.94E-05	4.88E-05	5.08E-05
b1260	0.000748925960187	0.000590582289697	0.000634464387244	0.000637230975331	0.000434356313883	0.00049954903239	0.000846758781479	0.000711426887424	0.000477062560223	0.000368711365965	0.000729329641657	0.000737627039689	0.000377894319692	0.000308921718689	0.000387468722893	0.000407516376226	0.000478918710523	0.000364336196548	0.000637584043354	0.000466998456201	0.000756130130882	0.000845667319593	0.000463281875564	0.000573679260994
b3017	8.17E-05	9.67E-05	0.000100489017191	0.000152318137746	0.000128420082745	0.000118904634955	0.000153770410402	0.000128855907666	0.000181977244464	0.00013749304063	0.000100591439597	0.000173405374357	0.000104090650933	0.000130044899467	9.90E-05	0.000116107592776	0.000232998616927	0.000172219830324	9.86E-05	0.0002391690676	0.00018887541764	0.000177880421173	7.01E-05	7.79E-05
b1094	0.000283578017019	0.000146872620066	0.000275650936232	0.000275470759111	0.000173352458916	0.000298746990066	0.000302549419953	0.000343793284122	0.000314865777965	0.000308507001199	0.000842487046042	0.000718056211409	0.00030075903638	0.000295808381476	0.000485240215403	0.000630537920885	0.000323159569567	0.000277862622414	0.000276306428431	0.000319545865941	0.00040868458723	0.000252344205103	0.000130894499472	0.000369201175467
b2564	0.000257305223356	0.000181086713111	0.000278455170168	0.000318187414377	0.000314450697922	0.00030447540537	0.000256925358787	0.000283382034498	0.000274592998411	0.000280380237419	0.000178051468404	0.000226054733221	0.000259900147895	0.000270467359377	0.000265775902654	0.000194507077136	0.00029017907271	0.00027105969497	0.000216408022531	0.000304353386747	0.000325244257004	0.000313068350659	0.000275494510752	0.000263791994461
b2476	0.000947407365385	0.000889237788971	0.000950301499859	0.001008694969346	0.000721694040042	0.000654001146652	0.001376357393427	0.001226545977515	0.002021971943959	0.002567894049038	0.001259232212689	0.001143277851236	0.000976802902352	0.000806966377292	0.002099434899436	0.002046427545132	0.001245653829549	0.001244401075224	0.001201992081742	0.001021982414904	0.001519552180575	0.001452592576186	0.000984672867831	0.001010901488119
b3177	7.67E-05	6.75E-05	5.05E-05	6.56E-05	5.71E-05	5.50E-05	0.000154714942775	0.000110777148958	6.61E-05	8.55E-05	0.00011948195778	0.000136253082462	6.15E-05	6.55E-05	0.000266296738659	0.000177549634033	0.000170475150046	0.000154147974153	0.000113372541866	0.000181489809816	9.65E-05	8.89E-05	5.14E-05	5.57E-05
b0168	0.000292250199247	0.000302848013377	0.000278432712766	0.000309469619615	0.000363791587921	0.000343877144471	0.000602718713857	0.000682463471199	0.000524223115854	0.000519706955238	0.000303892871809	0.000471893539535	0.000496588576504	0.00060627932022	0.000746498051517	0.000696109551452	0.000677972099998	0.000781777101613	0.000599180470704	0.000531690640721	0.000509489081481	0.000407354022087	0.00044094140559	0.000415180298978
b0642	0.001705217266428	0.002509412691965	0.001751833129748	0.002057420135745	0.001750069669807	0.00162372548703	0.00231665890494	0.002280221002986	0.002852585413317	0.002855712645095	0.002464346020267	0.002449511486016	0.002529791176353	0.00262913102177	0.002968136577479	0.002962875153055	0.00298771802738	0.003253088183243	0.002836523299883	0.002650869008293	0.002770709614553	0.00238357480142	0.002382987294054	0.002013850556774
b1779	0.006288839451498	0.007982976180817	0.008643912833548	0.008153169411355	0.00803673471389	0.008235096978784	0.014328579784016	0.013245027057406	0.015821688735055	0.01860441204236	0.013166379025298	0.011468691199784	0.015323485577147	0.019103301649484	0.01688035528486	0.017829899938267	0.015106190898482	0.016056941170161	0.012151802475999	0.013308341158698	0.010241081530454	0.01189261844707	0.015863393869259	0.015313012717149
b1204	6.04E-05	2.82E-05	7.78E-05	8.01E-05	4.29E-05	4.08E-05	9.58E-05	0.000120459537634	8.36E-05	7.88E-05	9.99E-05	0.000142244452511	5.52E-05	5.49E-05	9.11E-05	8.66E-05	6.44E-05	7.18E-05	8.13E-05	8.04E-05	0.000106316491461	6.78E-05	7.98E-05	6.80E-05
b0072	0.001999150576568	0.001946207686262	0.001870485651817	0.001925368948383	0.001154318121268	0.001243006765384	0.001852054594335	0.002133355841848	0.002336445841964	0.002432183288957	0.003447383611861	0.003286690819324	0.00182835815608	0.002369376143962	0.003076941743333	0.002671140596571	0.00300544427999	0.003478274311847	0.002203975788473	0.002762324157571	0.002274475050336	0.001860948211571	0.001358522614921	0.001436340211152
b0525	0.000353491714961	0.000235966490181	0.000574966437241	0.000457918511135	0.000272017799971	0.000422707153128	0.000380982470312	0.00068865020448	0.000529592990529	0.000406167904865	0.000227087327837	0.000567045862019	0.00058101407758	0.000508366168023	0.000556510559606	0.000535307303101	0.000408581331465	0.000397303576061	0.000233577067128	0.000460368557679	0.000550544761518	0.000336893048916	0.000527816861027	0.000543610926845
b1064	0.000297737709395	0.000143320556763	0.000355851773043	0.000372751692466	0.000162937860953	0.00020620912871	0.00018233395364	0.000174821701827	5.97E-05	8.11E-05	0.000177335341405	0.000233257338566	6.64E-05	0.000105774009121	5.16E-05	8.11E-05	7.16E-05	3.55E-05	6.22E-05	6.19E-05	0.000185048272175	3.94E-05	3.72E-05	0.000124531276875
b2025	0.000133930774834	0.000122342712953	0.000426658333895	0.000360194184895	8.49E-05	8.31E-05	0.000280365831534	0.00030170544706	0.000297997186892	0.000200256376833	0.000954815934211	0.000722905745924	0.000650598029395	0.000148679923464	0.000172038780106	0.000163152460287	0.000206004813697	0.000171006212511	0.000207594611179	0.000213995889793	0.000417193993243	0.000393902415274	0.000399240063562	0.00076242845133
b3035	0.000974870460436	0.001151052936903	0.001123201023124	0.001247315937172	0.001043145019931	0.001043319575416	0.001188023783165	0.001179044197772	0.001063572346994	0.00102925507517	0.00103994298448	0.001066060405184	0.001112705127994	0.000903896957785	0.001460421954301	0.001407491947311	0.001223315766282	0.001153167495893	0.00118634941739	0.001305242694966	0.001088454559134	0.000980541407638	0.001151732904522	0.000946972079732
b0134	0.000823142092102	0.000475497793025	0.000668327703549	0.000622198846158	0.00056535530867	0.000708522584821	0.000814158003846	0.000905326895101	0.000672381018405	0.000577014507861	0.00042801388156	0.000582314476204	0.000498088725956	0.000419824774136	0.000971663271933	0.001036520898692	0.000865235783365	0.000721460630522	0.000883039873101	0.000819474750308	0.00066980338451	0.000624995714666	0.000711440435916	0.000678933512618
b1093	0.000710769001488	0.000610949301524	0.000757388152534	0.00068774804647	0.00035176558354	0.000406373466704	0.000818956088466	0.000762718179711	0.00081671449774	0.000659500063158	0.000746965038499	0.000824880438736	0.000488230755273	0.000336845033028	0.00078470034607	0.000767687625043	0.000722793184726	0.000546820281538	0.000880414347858	0.000781361629232	0.001341803181585	0.001411359337141	0.000925478650643	0.000922470671894
b0573	9.60E-05	3.01E-05	0.000270886402979	0.000287729534556	9.37E-05	7.58E-05	0.000122408991144	0.000142946840618	0.000150733898371	0.000130586318197	0.000168623725118	0.000164882519446	9.54E-05	0.000101806704709	7.02E-05	3.52E-05	3.33E-05	3.46E-05	6.15E-05	8.89E-05	0.000306763664195	0.000141125084626	0.000185743291974	0.000250765746829
b1482	0.000222629610364	0.000258590368067	0.000345276401548	0.000340804206524	0.000221478774393	0.000246898108644	0.000141703300906	0.000124046626194	5.59E-05	4.16E-05	4.57E-05	7.68E-05	5.17E-05	3.97E-05	7.08E-05	6.64E-05	4.75E-05	6.17E-05	7.89E-05	6.42E-05	0.000192687737623	0.000160656605385	0.000114290289817	0.00012232770213
b3198	7.59E-05	6.80E-05	4.82E-05	6.08E-05	3.71E-05	5.39E-05	6.88E-05	8.59E-05	3.68E-05	3.75E-05	3.21E-05	7.90E-05	4.54E-05	4.93E-05	5.52E-05	3.56E-05	7.60E-05	6.41E-05	8.55E-05	5.13E-05	0.000116018251399	0.000129812044269	8.06E-05	7.29E-05
b2369	2.95E-05	4.91E-05	6.70E-05	6.04E-05	3.66E-05	3.68E-05	3.04E-05	3.01E-05	5.49E-05	3.86E-05	3.16E-05	3.24E-05	3.56E-05	4.59E-05	4.11E-05	4.11E-05	3.14E-05	3.84E-05	3.03E-05	3.04E-05	6.75E-05	3.04E-05	5.63E-05	7.56E-05
b1136	0.008315881664618	0.010522614571162	0.009407111028453	0.008188275245149	0.010069310914946	0.008549641368018	0.007282879667468	0.007568397370807	0.00673238478	0.006337592516678	0.007147864733878	0.007674729776396	0.007839233877909	0.007204951873294	0.008754623930676	0.008629598283639	0.006501802782113	0.007904782011937	0.007066654336305	0.007638117005273	0.006696629148262	0.007645201375554	0.006178106192013	0.007518309447394
b2742	0.000124853035696	0.00010013185246	0.000190794346729	0.000210417476013	0.000173886503305	0.000171521666621	0.000188535452945	0.000179754730103	0.000213958252081	0.000212897068466	0.000166483707108	0.000191584149544	0.000195776425036	0.000175245841934	0.000161248548455	0.000117955449326	0.000161154045278	0.000134624706667	0.000205043270927	0.000197156406977	0.00029527070595	0.000255695802414	0.00022364898486	0.000188787607587
b3821	4.03E-05	3.80E-05	6.43E-05	8.59E-05	6.05E-05	4.84E-05	6.62E-05	7.75E-05	4.16E-05	4.11E-05	4.43E-05	4.54E-05	4.67E-05	4.49E-05	0.000119075652873	0.000109745680565	0.000122167317645	0.000119726258713	4.73E-05	6.16E-05	4.68E-05	4.48E-05	5.22E-05	5.43E-05
b0820	0.000242492337055	0.000228706488192	0.000247171721402	0.000281305382828	0.00027501603154	0.000219466915429	0.000385372115984	0.000410561159811	0.000576660117897	0.000514174304437	0.000457485026886	0.00045800861287	0.000446638793473	0.000519406488269	0.000340355825	0.000305302302127	0.000441015064959	0.000414889250205	0.000502218597434	0.000501154083589	0.00041226768426	0.00034777595812	0.00036901343307	0.000334418390175
b2821	0.000133294081582	0.000125716225368	0.000188836135131	0.000188576350729	0.000132795434165	0.000136295332369	0.000145397758105	0.000144298780456	0.000241802413592	0.000239136037102	0.000166390448217	0.00017174860972	0.000149220956904	0.000178560218031	0.0001375330537	0.000137633711054	0.000143345183	0.000144232680407	0.000139303695096	0.000139375685205	0.000147108884958	0.000140801679005	0.00014685817447	0.000152721734583
b3183	0.000137355404768	0.00020986558865	0.000158270608085	0.000171514789724	0.00017971858754	0.000132021214325	0.000379064503317	0.000395529776346	0.000324078068399	0.000245393494495	0.00028507511159	0.000349234885281	0.000335261699231	0.000385598028075	0.000260771301966	0.00022550534014	0.000415238271755	0.000494322478343	0.000399542280017	0.000417462175618	0.000265789781124	0.000279543439062	0.000269876791998	0.000199866246014
b0641	0.000111143071261	8.84E-05	0.000112084406865	0.000132348249307	0.000124905784248	0.000118958269089	0.000139223511139	0.000127410965929	0.000172233416636	0.000136267346877	0.000129242919532	0.000145878943787	0.000130002763592	0.000130867785562	9.35E-05	9.80E-05	0.000139388148991	0.000121032392843	0.000102697132547	0.000119048513288	0.000156319396154	0.00015057179131	0.00010727087417	8.96E-05
b1219	0.000120832519941	9.17E-05	0.000298813929305	0.000299280072398	8.35E-05	0.000123278623454	6.25E-05	9.07E-05	5.06E-05	2.82E-05	1.75E-05	8.50E-05	5.46E-05	5.58E-05	7.13E-05	4.91E-05	5.09E-05	4.08E-05	5.70E-05	5.08E-05	6.16E-05	3.73E-05	7.47E-05	9.61E-05
b2567	8.92E-05	4.72E-05	0.000117586470254	0.000134199662824	0.000148351459418	0.000121588007215	0.000210186259293	0.000233172894092	0.000306008892	0.000197717538313	0.000197648681997	0.000207355590712	0.000166117467755	0.000187122489188	0.000153365211	0.000130037262342	0.000110988043648	0.000185577918032	0.000164942496892	0.000164745155018	0.000157481632172	0.000182988140616	0.000140241359631	0.000165967372593
b1185	6.46E-05	5.26E-05	8.83E-05	8.38E-05	4.39E-05	4.20E-05	6.48E-05	5.88E-05	5.42E-05	5.56E-05	5.31E-05	5.44E-05	5.19E-05	5.77E-05	3.54E-05	3.01E-05	4.98E-05	6.88E-05	0.000106651487747	2.92E-05	7.31E-05	4.21E-05	3.76E-05	3.22E-05
b3472	3.20E-05	3.28E-05	0.000211341358178	0.000185979805875	5.30E-05	4.00E-05	0.000123738009944	0.000167437692175	6.51E-05	6.40E-05	0.000130314217831	0.000186485730248	9.20E-05	8.41E-05	5.59E-05	5.90E-05	6.11E-05	3.46E-05	5.91E-05	4.62E-05	0.000178782907043	0.00010258218482	0.000123597317586	0.000119899392525
b2700	2.27E-05	2.14E-05	4.00E-05	4.92E-05	2.50E-05	2.57E-05	3.18E-05	3.81E-05	2.30E-05	2.27E-05	4.17E-05	4.27E-05	2.30E-05	2.21E-05	2.30E-05	2.30E-05	2.25E-05	2.26E-05	3.69E-05	3.69E-05	5.05E-05	4.03E-05	3.36E-05	3.49E-05
b2948	5.95E-05	4.21E-05	8.59E-05	8.82E-05	7.17E-05	8.17E-05	0.000125541164058	0.00013406696834	0.000117000933737	0.000134215556832	8.96E-05	0.000139572561647	9.14E-05	9.49E-05	9.98E-05	7.68E-05	0.000133687357857	0.000113240849924	0.000129654738106	0.00014093226267	0.000164931004599	0.00010539387519	0.000102695265354	7.82E-05
b0734	0.001353856846007	0.000422665146073	0.001824993542327	0.002286538749668	0.000875932000815	0.001482598615848	0.000668107954896	0.000589655051984	0.000607923875881	0.000310218665647	0.000672098661529	0.000747671060763	0.000633537929743	0.000580852196531	0.000347490480479	0.000390865156279	0.000595729250567	0.000583954634087	0.000531231263227	0.000577050020313	0.000465349292758	0.00071197228498	0.000763376196505	0.000546386458111
b0907	0.001565792624456	0.002746780075371	0.00131191361371	0.001357765779727	0.001121845263402	0.001099349020687	0.002625991792009	0.002625731650442	0.004198101273335	0.00323852206511	0.004095039209807	0.00308663726887	0.003821246272561	0.003836541981174	0.003442186791249	0.003753634658181	0.003840063210224	0.003473022103992	0.003252104715554	0.002417349120205	0.002812938153591	0.002967035960655	0.002336179400066	0.002007109032098
b3309	0.0006386836564	0.000771594222528	0.000528486951815	0.000604141062177	0.000582276124566	0.000497386275708	0.001236422229342	0.001330477811033	0.001202630131876	0.001053869388483	0.001350790769631	0.001522582385174	0.001631069669152	0.001339549273291	0.00112767653616	0.001072391919371	0.000853727390914	0.000903139654294	0.001078648981939	0.001128767555289	0.000918745348608	0.000827389946727	0.001285106393384	0.001604111134318
b3226	6.84E-05	6.45E-05	4.32E-05	5.27E-05	3.70E-05	3.80E-05	8.72E-05	7.98E-05	5.34E-05	5.28E-05	5.35E-05	5.48E-05	3.83E-05	3.69E-05	4.48E-05	4.06E-05	7.70E-05	5.28E-05	6.53E-05	6.53E-05	5.07E-05	4.85E-05	4.09E-05	4.26E-05
b1713	0.001768048251719	0.002141730225656	0.002019730253031	0.002169934046242	0.00172184092579	0.001814472908492	0.002654464036451	0.002993591426304	0.003051937132438	0.002357180259694	0.003592809173312	0.003542539518023	0.002729940940066	0.003215270565222	0.003081146302023	0.003231320607386	0.003594714027268	0.003613225814512	0.002815590375661	0.002651791651502	0.002467419817445	0.001934018329004	0.002550786630616	0.002065981336548
b2525	4.25E-05	4.01E-05	5.77E-05	5.31E-05	3.60E-05	2.65E-05	8.99E-05	9.67E-05	7.20E-05	7.24E-05	5.82E-05	0.000110492740195	7.24E-05	4.19E-05	5.58E-05	4.43E-05	7.50E-05	4.31E-05	0.000104004384631	6.68E-05	0.000134446733225	0.000107464967245	0.000120997024703	0.000120448213861
b3231	0.001443278294637	0.001402456906089	0.001345672151876	0.001206357407145	0.001395340250027	0.001312396906989	0.002178155469358	0.002953548188271	0.002196845730701	0.002251694376393	0.002273711698493	0.002445696307841	0.002545387136598	0.00252388359008	0.002254220161515	0.001946199596547	0.002135499851977	0.002035974054258	0.002062425595848	0.002038333379398	0.002175926363962	0.002065452541009	0.002163817401963	0.002940359136263
b0814	0.00034592257095	0.000324771973379	0.000434082644742	0.000408414883118	0.000336983147597	0.000312867562776	0.003663228938202	0.002825015577287	0.002349494314518	0.002556566405172	0.001652353121615	0.001471240911961	0.001802688906683	0.001357562332391	0.001542607852532	0.001460637566889	0.002196542754283	0.002385718051571	0.001504271161013	0.001380776595263	0.001493654796378	0.001224879700725	0.001536419182539	0.001544557135743
b1870	5.93E-05	4.35E-05	0.000132000661762	0.000137898101312	5.80E-05	4.48E-05	0.000416952442365	0.000389946158441	0.000197066034217	0.000114959908405	0.000278435703448	0.00036789253311	0.000257259349456	0.000125906671962	0.000108831107794	0.0001098208766	0.000128647018194	0.000119028518993	0.000311659374059	0.000142546484599	0.000160507606293	0.000130659636269	0.000216882466429	0.000228908160892
b3405	0.000424451428604	0.000331008505082	0.000380506170575	0.000413695928043	0.000285368056138	0.000349100129179	0.000257534186651	0.000210483934315	0.000253983724093	0.000239390393021	0.000142657947924	0.00033071585848	0.000170386463481	0.000175938536885	0.000275248541336	0.000334901776898	0.000244638754711	0.000303882225813	0.000462940148167	0.00041689170336	0.000250666085857	0.000192546399614	0.000199553559005	0.000242328918548
b2024	9.50E-05	4.31E-05	0.000191875104855	0.000169121569315	6.47E-05	6.19E-05	0.000191031603346	0.000194655301735	0.000157457245937	0.000100727606163	0.0002174111923	0.000254026217139	0.000150230470858	9.75E-05	0.000118476860084	0.000114014368887	0.000137754481306	0.000117132984365	0.000116548866629	0.000143098077521	0.000333073325183	0.000234731710395	0.000265458461687	0.000269431962025
b0829	0.000253672007999	0.000239250587489	0.000602672503829	0.000497555720229	0.000249809798148	0.000226493538497	0.000290262745678	0.000199432258119	0.000296008395277	0.000195162856438	0.000184638665969	0.000416979263724	0.000269161154724	0.00030312514896	0.000207430199472	0.000207582012978	0.000243567394932	0.000209535765963	0.000132172451366	0.000132240756153	0.000528460351026	0.000257920882249	0.000327006484084	0.00021191103589
b1174	4.68E-05	2.88E-05	8.06E-05	7.82E-05	6.29E-05	6.12E-05	4.59E-05	4.99E-05	3.19E-05	2.45E-05	2.52E-05	4.21E-05	2.43E-05	1.74E-05	3.59E-05	4.01E-05	4.17E-05	4.43E-05	4.13E-05	4.37E-05	5.66E-05	4.53E-05	5.51E-05	5.17E-05
b3965	0.000112306654253	0.000100897981218	0.000370791908362	0.000101513288567	0.000133998480351	0.000609580544037	9.68E-05	8.79E-05	6.36E-05	6.56E-05	9.31E-05	0.000106372164984	0.000322756635714	0.00059489858077	9.85E-05	8.80E-05	0.000133152497782	9.44E-05	0.000109483517212	0.001025778024094	9.21E-05	0.000143015060595	0.000112975483005	0.000374836986211
b3229	0.000494883988074	0.000339939122071	0.000467331202655	0.000469767815658	0.000452309432241	0.000450823876875	0.00051093762485	0.000492325460237	0.000404729098022	0.000321941789857	0.000511543543737	0.000530149749496	0.000447024507852	0.000476123483377	0.000507704276229	0.000499581377459	0.000539026384926	0.000569963555226	0.000647233873628	0.000425260745953	0.000528583449215	0.00056159103986	0.000456022008865	0.000437999503857
b1967	0.000253039186058	0.00012166051249	0.000194988148248	0.000246453600925	0.000248805842327	0.000329239817323	6.51E-05	7.11E-05	7.34E-05	7.26E-05	4.38E-05	4.49E-05	4.12E-05	3.96E-05	4.49E-05	4.50E-05	4.62E-05	4.64E-05	4.48E-05	8.52E-05	6.23E-05	5.16E-05	8.61E-05	8.85E-05
b0394	0.000164662959828	0.000102453772175	0.000157818899425	0.000175570635543	0.000138703590667	0.000173291571393	4.61E-05	4.99E-05	5.42E-05	4.52E-05	4.95E-05	4.80E-05	5.03E-05	6.99E-05	6.03E-05	5.61E-05	6.78E-05	5.01E-05	4.89E-05	4.89E-05	5.80E-05	4.36E-05	4.73E-05	4.92E-05
b1667	2.60E-05	2.64E-05	0.000106894094196	7.59E-05	3.01E-05	3.77E-05	3.78E-05	2.61E-05	1.93E-05	4.77E-05	4.48E-05	7.13E-05	2.11E-05	2.03E-05	2.28E-05	2.22E-05	1.37E-05	1.38E-05	2.20E-05	1.97E-05	6.19E-05	2.19E-05	1.75E-05	2.07E-05
b4168	2.64E-05	2.49E-05	4.32E-05	4.54E-05	5.43E-05	2.93E-05	5.17E-05	4.42E-05	3.45E-05	3.63E-05	5.03E-05	6.06E-05	5.17E-05	4.30E-05	3.95E-05	2.69E-05	5.87E-05	5.90E-05	2.85E-05	2.85E-05	7.06E-05	6.38E-05	6.97E-05	4.66E-05
b0637	1.41E-05	1.33E-05	3.39E-05	3.03E-05	1.40E-05	1.44E-05	4.37E-05	4.77E-05	4.57E-05	2.16E-05	4.47E-05	7.02E-05	3.18E-05	1.79E-05	1.68E-05	1.68E-05	2.96E-05	2.98E-05	2.79E-05	3.32E-05	3.27E-05	1.76E-05	5.21E-05	5.40E-05
b1089	3.09E-05	1.04E-05	9.62E-05	9.26E-05	0.000114592106648	0.000107851893578	0.000101518885029	0.000147842768899	3.95E-05	9.25E-05	0.000202004495948	0.000131627930993	0.000112438981484	0.000104495705841	4.15E-05	8.62E-05	3.13E-05	8.05E-05	3.34E-05	5.30E-05	6.82E-05	6.01E-05	0.00010937447417	0.000132724379813
b1128	0.000140516425884	0.000269728409938	0.000264223406119	0.000256503221485	0.000240048258313	0.000221046607758	0.000300656616951	0.000344701924825	0.000250573227422	0.000234042904707	0.000126114327077	0.000235100692414	0.000239210822618	0.000253760167397	0.0003373691296	0.00016648284189	0.000331842240752	0.0003179317755	0.000303116891028	0.000221333171703	0.000396646319766	0.000192674611032	0.000204435811959	0.000221886529615
b1256	0.004814701408976	0.004121033652706	0.006847129651623	0.005205596581538	0.001987003327796	0.003558485772298	0.000234910822556	0.00025938923892	0.000147922190444	0.000170013910694	5.06E-05	4.47E-05	0.000318149629918	0.000450832709939	0.000193427816558	0.000139229723688	0.000412307230881	0.000338961957663	0.000222783930175	0.000313428032077	0.000214924932288	0.000349937820508	0.000309146144059	0.000391233335695
b3456	0.000164439608419	7.25E-05	0.000128084007879	0.000122578309285	0.000180401920724	0.000102086294537	9.13E-05	0.000121326154578	0.000141690875146	0.000144117859104	0.000137043702284	0.000140401181962	0.000157983812052	0.000167489994114	0.000197442268961	0.000117238187278	0.00021429128001	0.000223548806201	0.000186174548795	0.000231814985624	0.000147454435409	0.00024090734436	8.47E-05	8.80E-05
b1604	0.000637956579657	0.000683875098476	0.000719530994399	0.00084897196079	0.000801697080369	0.000739956945824	0.000952491221919	0.000873084789747	0.000798432756514	0.000711432870427	0.00083483909683	0.000747170268649	0.000722671332375	0.000740269521291	0.000821788294074	0.000827203369964	0.000813972635048	0.000693345590402	0.000883337209997	0.000922040187693	0.000717531570081	0.000614795471209	0.00071749400352	0.000647943067489
b1831	0.000219925181893	0.000245393743601	0.000401696649442	0.000369827953288	0.000330972943189	0.000278085778591	0.000582261529952	0.000542578147334	0.000551099559778	0.000489208656622	0.000544063670552	0.000579885782005	0.000559275377487	0.000499896220519	0.000557831175678	0.000469441474191	0.000513594488952	0.000424126644461	0.000391559064052	0.000430994832707	0.000584882222175	0.000436850994605	0.000504223547031	0.000476030716173
b0452	4.23E-05	3.99E-05	5.46E-05	6.92E-05	5.49E-05	5.22E-05	5.79E-05	6.52E-05	7.87E-05	5.55E-05	4.64E-05	4.75E-05	6.17E-05	7.38E-05	4.78E-05	4.78E-05	5.38E-05	5.41E-05	8.30E-05	5.66E-05	8.51E-05	6.36E-05	5.33E-05	5.54E-05
b2908	0.000513211210849	0.000571995968326	0.00048207615351	0.000573219954626	0.000644101064833	0.000661615484745	0.000367844270058	0.000324564666041	0.000255697505535	0.000389786327437	0.000249382626034	0.000324848722574	0.000322793453012	0.000420761189259	0.000284881786489	0.000144177338825	0.000240791480088	0.000259893127684	0.000261016095809	0.000269415256785	0.000369847196097	0.000236550066739	0.000260657831335	0.00025476490996
b4262	7.08E-05	9.64E-05	0.000140749797823	0.000129603737886	0.000109384080559	0.000114409458623	0.000106508266761	0.000104795908425	0.000130825254288	0.000102908298615	6.35E-05	0.000109378500349	9.98E-05	0.000110161297488	7.83E-05	8.05E-05	0.000107564464318	0.000119265691149	0.000141460387995	8.98E-05	0.000119324135277	6.64E-05	0.000115888817915	6.67E-05
b2352	6.32E-05	5.96E-05	0.000137175899021	0.000104964206151	0.000148109954469	8.46E-05	0.000133652992319	0.000162708484858	0.000283340795737	0.000280216371851	0.000106443972216	0.000203399947036	0.000218474131204	0.000231744391643	6.52E-05	6.52E-05	0.000117851705079	0.000118581363939	0.000129758537402	0.000129825594713	0.000185109231752	0.000177172783529	0.000355787984297	0.000310719599911
b2910	2.05E-05	1.93E-05	4.49E-05	4.37E-05	2.08E-05	2.14E-05	3.41E-05	4.41E-05	3.44E-05	1.83E-05	2.82E-05	4.96E-05	2.20E-05	2.29E-05	1.95E-05	1.84E-05	2.90E-05	1.83E-05	2.97E-05	3.16E-05	4.16E-05	4.40E-05	2.83E-05	2.37E-05
b0623	0.000538046817102	0.000550789025112	0.001347511017438	0.001013755953455	0.000629069252215	0.000493579441942	0.00115916941755	0.001117165563203	0.001086345118221	0.00137261765355	0.002081732016453	0.00153389821164	0.001355763887353	0.001886383115631	0.000764400532756	0.000850218173145	0.000644087943438	0.000734341888534	0.000732167785228	0.00077389890536	0.000878955005889	0.000887132031924	0.001099060827413	0.001520366107784
b3551	0.000189787973067	0.000117333880712	0.00480957847578	0.004802961874219	0.000288592713086	0.000222845444029	0.00011886404106	0.000117965616447	0.000112272153709	0.000111034118791	0.000131627938139	0.000134852735193	0.000129241676404	0.000124309438152	0.000148038851682	0.000148147197994	0.00010968613486	0.000110365237975	0.000199293652196	0.000199396644236	0.000226495134793	0.000216784290591	0.000140067602777	0.000155023897447
b2329	0.000182558965031	0.000212394830107	0.0002049448166	0.000289413135143	0.000247037949807	0.000234500869103	0.000241582349711	0.00028322621452	0.000229890882241	0.000207952572617	0.000160468955823	0.000238450349547	0.00023310860907	0.000260349320835	0.000216555268549	0.000227827286667	0.000328351404651	0.000268332456225	0.000399749856499	0.000225516564885	0.000451387529995	0.000442966606632	0.000246289328166	0.000218178719524
b0480	0.000308811352941	0.000281546716923	0.000377442505784	0.000448384538968	0.000528783926986	0.000531536996288	0.000207725864608	0.000243765286094	0.000231337401965	0.000196008999426	0.0001306999721	0.000170091773684	0.00020701780979	0.000235494626874	0.000242956949109	0.000223869987475	0.000246731774316	0.000216982600971	0.000160694751159	0.000209212947742	0.000245672280077	0.00027183725685	0.00023533003703	0.000187967247787
b3493	0.000275015892161	0.000334479064264	0.000404585868552	0.000456915906914	0.000244731776708	0.000266194986303	0.000429963011217	0.000432215201496	0.000270551651182	0.000332014801596	0.000285878504007	0.000363402813517	0.000345952417201	0.000492402580685	0.000426516787977	0.00030321181959	0.000543987415474	0.000431821675164	0.000498697634691	0.000442859781945	0.000859451022948	0.000798741728211	0.000731683750393	0.000710429768728
b0827	0.000213945528613	0.000201782584587	0.000204330450376	0.000258360993211	0.000267476288762	0.00026118077346	0.000393530441673	0.000429409731959	0.000344332559433	0.000362857989594	0.000192455408083	0.000297853214469	0.000344675789658	0.000424921451048	0.000288080306502	0.000254601028781	0.000419446073327	0.000333291230246	0.000295686154826	0.000317283630439	0.000305051566251	0.000289510834942	0.00025779916399	0.000240855768454
b3150	0.000195955004174	0.000139060674566	0.000220845741152	0.000209007301422	0.000165252738262	0.00015054611305	0.000149046294768	0.000131178436038	0.000190544876615	0.000198804888313	0.000129109843543	0.000165639098237	0.000117543331707	0.000125666183485	0.000175519911195	0.000160992777738	0.00022325921487	0.00015769961084	0.000216302211365	0.000194927649947	0.000279623612825	0.000257788816108	0.000130004109218	0.000133495706112
b3433	0.002739074362234	0.002176949662552	0.003466481370079	0.003718460002417	0.001860123405507	0.001838166303366	0.002486365518531	0.002358971833442	0.003675139455374	0.004464876895488	0.006814251197812	0.005811155024842	0.003032272985967	0.003171425570656	0.004178782901544	0.00457388887695	0.003927935282005	0.004227913349094	0.002507344649803	0.002451987978959	0.003048182575354	0.002947450965399	0.002053841817645	0.001910329953292
b0772	0.000547866409547	0.000383402446378	0.000369410876207	0.000316884741885	0.000548244875876	0.000514847728213	0.000583791203039	0.001406233274943	0.001771259647592	0.000541361869763	0.000437302706383	0.00054123882485	0.00058715437385	0.001730020760484	0.000633687480744	0.000976894920861	0.000644200673323	0.0006116575288	0.000922525932013	0.000656957732963	0.000967759767254	0.000619914531356	0.000577840387229	0.000939901754286
b2216	0.000230382430129	0.00025233101122	0.000257015376081	0.000317936910183	0.000300386380391	0.000258366793054	0.000224666435323	0.000205728493638	0.000266899557502	0.000174167973968	0.000173711125974	0.000170800479492	0.000200374201962	0.000211684127165	0.000158837792491	0.000158954042305	0.000239378821748	0.000202151108433	0.000225235804392	0.00024977460919	0.000329248631175	0.000260180397604	0.000214056277981	0.000198274656867
b3251	0.000792652699694	0.00079256322758	0.000676833741409	0.000781033560022	0.000781510183493	0.000714183251746	0.001141327304391	0.001132277547553	0.001130383504669	0.001360459623829	0.001106924704934	0.001156029736337	0.001230673620407	0.001166260159766	0.001483279302353	0.001456114326064	0.001409645424851	0.001438166098064	0.00131325099802	0.001343763839745	0.001205659969703	0.001362879577561	0.000983554321192	0.000895195247666
b3974	0.000103455407998	9.54E-05	0.00015056078719	0.000151191283537	0.00010076946267	0.000112863348465	0.000115366696035	0.000142389779618	8.99E-05	8.74E-05	9.38E-05	0.000121582386741	9.24E-05	9.92E-05	9.37E-05	7.98E-05	0.000141299904309	0.000108286513326	0.000158763177818	0.000151204567945	0.000106961995251	0.000104407334415	0.000112288181999	0.000107958535249
b0150	0.000915339324034	0.000910033111435	0.001002896065377	0.000809353964543	0.000967340117099	0.000916394620423	0.001572117923679	0.001618579331275	0.001939010033334	0.001599647523672	0.001629442412305	0.002044895923295	0.001600269266538	0.00189532657991	0.001452100976215	0.001253005914699	0.001713225470176	0.001470276030441	0.001713354413269	0.001470646912448	0.001720133191218	0.001220325530589	0.001353265998104	0.001332600108222
b4392	0.000223453628557	0.000200505344187	0.000228441602556	0.000251784981666	0.000373348431288	0.000192784144961	0.000181115467188	0.000226782992538	0.000139894737775	0.000138352106192	9.97E-05	0.000102127855423	0.000104825589658	0.000110830688561	0.00010006936775	0.000100142606274	0.000160883027219	0.000127302987229	0.000134603013013	0.000124937207092	0.000148995176471	0.000136050448757	0.000100015668956	0.000104008963093
b1131	0.001417490261112	0.000824253356485	0.001028511967272	0.001072811752858	0.000759865500025	0.000698502433002	0.001132297434599	0.001044062176384	0.001044226070652	0.0008916092701	0.001493120749185	0.001523567690447	0.000796741943784	0.000838805267936	0.00116892998261	0.000967690696824	0.000953223278708	0.000897281590977	0.001340095728754	0.001124164315317	0.001520477559101	0.001386180525191	0.000883581607821	0.001176840526474
b1263	0.000514311678768	0.000565067170351	0.000398823151666	0.000397619428592	0.000692172805122	0.00072948283444	0.000617442811012	0.000659662066377	0.000656953367296	0.000531412996646	0.000535053286648	0.00080803100458	0.000627209347083	0.000616997530702	0.000524461001201	0.000460248554133	0.000443220090456	0.000481909415456	0.000341359403429	0.00043022190805	0.000617406584838	0.000430811147426	0.000603099436284	0.000453498804467
b3244	0.00025589204654	0.000148598472314	0.000227501159936	0.000259136521852	0.000198643437173	0.000197767987842	0.00031883427309	0.00020761674596	0.00035209100671	0.000394710076034	0.000295916582538	0.000314168346611	0.000332270411021	0.00032282363147	0.000220865723176	0.000169977901171	0.000312262673922	0.000265223239505	0.000128888303565	0.000250524739287	0.000437110708245	0.000346632904444	0.000230453797391	0.000222848075843
b3297	0.000861087588337	0.001161987238424	0.000834077756729	0.000752077219481	0.000814827086298	0.000687160484783	0.001698847287403	0.001714384227747	0.001422820462113	0.001441003505794	0.002139459084169	0.002076547284411	0.001677067532484	0.001766179168331	0.001676763488334	0.002116654361811	0.001592732566085	0.001570853297091	0.001450722331561	0.001853272090294	0.001510995601515	0.002127320053088	0.001427586314661	0.00161864743442
b2806	5.67E-05	5.35E-05	9.76E-05	0.000109568919699	9.58E-05	6.71E-05	0.000219989082488	0.000209209389189	9.32E-05	9.21E-05	0.00011876390265	0.000167550447669	0.000165482682989	0.000183789961038	9.47E-05	7.37E-05	8.30E-05	9.97E-05	9.82E-05	0.00013996710501	0.000119849716099	7.91E-05	0.000104018299687	9.85E-05
b1238	5.09E-05	3.93E-05	6.63E-05	7.08E-05	7.22E-05	7.71E-05	0.000119894726361	0.000115765346299	6.14E-05	4.98E-05	3.16E-05	3.85E-05	4.38E-05	4.21E-05	7.96E-05	7.02E-05	9.57E-05	9.12E-05	7.52E-05	9.05E-05	6.19E-05	8.18E-05	8.80E-05	7.53E-05
b4037	0.000481468201011	0.000290303042787	0.000415971136765	0.00042128584345	0.000364883565857	0.000417685272085	4.24E-05	4.21E-05	4.00E-05	3.96E-05	4.27E-05	4.37E-05	5.37E-05	5.16E-05	4.15E-05	4.15E-05	6.19E-05	6.23E-05	0.000150422954181	0.0001939551153	4.29E-05	4.10E-05	5.32E-05	4.80E-05
b0171	0.000139269800086	0.000163477812697	0.000245928386452	0.000254863252951	0.000252593965159	0.000238185303698	0.00037694368985	0.000421376815918	0.000368209251027	0.000362189680193	0.000358659710206	0.000453668343142	0.000366876467755	0.00029728730167	0.000411539787018	0.00043453194704	0.000374935677186	0.000277378507969	0.000418847622444	0.000310492300877	0.000358945681166	0.000233583327145	0.000350465127778	0.000347147855453
b3702	0.000233457224654	7.81E-05	0.000129714435996	0.000124088210991	0.000251412089382	0.000251217803262	0.0002200956689	0.000216626868991	0.000159783024457	0.000151224477268	0.000194105076442	0.000213243515607	9.29E-05	0.000120754898846	0.000141087765166	9.64E-05	0.000139876939722	0.000120475977261	0.000230621771855	0.000229578530868	0.000295687593814	0.000187890565365	0.000136568377467	0.000185964848553
b0660	0.000361726089926	0.000264828735358	0.000307097734624	0.000334105154433	0.00032746212216	0.000300625515044	0.000411688529664	0.000411258937428	0.000496069680965	0.000411497674487	0.000353235977995	0.000425534355253	0.000307052110802	0.000337524696274	0.000274809449179	0.000261793013475	0.000316722403575	0.000325374850292	0.000434998770692	0.000380388855809	0.000443877081255	0.000419175684682	0.000347581253453	0.000351523628835
b4295	8.79E-05	7.13E-05	4.92E-05	5.41E-05	6.28E-05	4.73E-05	5.79E-05	7.24E-05	6.73E-05	6.11E-05	4.95E-05	6.83E-05	7.76E-05	6.06E-05	4.57E-05	4.58E-05	0.000133799938684	0.000117606364517	9.70E-05	8.23E-05	0.000105389326873	8.76E-05	0.000106051394726	7.66E-05
b0177	0.001720228816593	0.001850982491598	0.001469570732183	0.00159792829056	0.001486687247161	0.001278087284878	0.00162881906833	0.001624802866835	0.002464148262293	0.002232999927658	0.001571383647722	0.001622812278465	0.001706965404031	0.001912609359865	0.002218668670449	0.001900847267821	0.002213603615237	0.001771370125575	0.002473457208731	0.002650000005845	0.002439741017423	0.002532431475907	0.00174648613833	0.002159707625454
b0575	0.000604221684806	0.000679725990056	0.000641689914908	0.000844279914025	0.000362627299707	0.000431734073045	0.0008364324757	0.000799900653185	0.000741293282133	0.00077268020224	0.000560919846325	0.000627896732998	0.000942243251778	0.000865363296033	0.000610918119194	0.000516152617658	0.001053964167354	0.000922859438606	0.001109498674175	0.000975594747453	0.001170324870891	0.000985576345453	0.001044011439557	0.000841031613593
b2317	3.01E-05	2.84E-05	3.87E-05	5.59E-05	3.67E-05	3.76E-05	5.91E-05	5.78E-05	3.10E-05	3.06E-05	5.32E-05	8.22E-05	6.47E-05	5.84E-05	3.10E-05	3.11E-05	3.03E-05	3.05E-05	3.14E-05	3.14E-05	3.32E-05	3.18E-05	4.28E-05	4.16E-05
b2520	0.000328437792119	0.000438382133334	0.004612016354053	0.002700237039002	0.00131266348921	0.001549544786593	0.002570682374229	0.002692641754229	0.00032849858856	0.000559726474915	0.001721071520312	0.00176323662938	0.001071655934986	0.000697333797708	0.000231867080961	0.000232036779272	0.000239732428181	0.000392949770631	0.000248903193374	0.000453880580445	0.000449387420812	0.000395629431458	0.0014051165584	0.001804516457987
b0570	6.54E-05	6.17E-05	7.81E-05	9.53E-05	6.51E-05	6.68E-05	9.30E-05	9.23E-05	6.73E-05	6.66E-05	7.18E-05	7.35E-05	7.91E-05	7.39E-05	0.000146620524973	0.000146727833243	7.72E-05	9.56E-05	7.01E-05	7.01E-05	0.000121699364158	0.000108676109844	7.77E-05	7.88E-05
b3432	0.000481713648513	0.000389544116063	0.000470822342413	0.000503203421835	0.000522570385484	0.000570092497135	0.000116767849307	0.000115885268597	0.000123159635887	0.000121801543745	0.00013322503585	0.000136488960737	0.0001352426342	0.000183175823557	0.000177643254041	0.000165798902006	0.00017330080743	0.00015720744032	0.000140774472523	0.000160435247059	0.00043023393793	0.000330749559983	0.000267332250476	0.000197261568504
b3430	0.000692804105977	0.000591233744053	0.000504968596603	0.000577755418992	0.000680462143947	0.000777926883934	0.000109564440033	0.000104832951167	0.00018521749311	0.00015798194882	9.62E-05	8.58E-05	0.000211964025627	0.00028256340515	0.000223220295251	0.000179238798008	0.000316275891874	0.000261369285721	0.000299843841682	0.00029030404194	0.00050083205103	0.000435286424243	0.000436984620564	0.00038597208709
b2509	7.24E-05	6.83E-05	8.25E-05	8.24E-05	6.88E-05	7.06E-05	0.000154291343128	0.000100302904408	9.21E-05	8.71E-05	9.51E-05	0.00013199339833	9.39E-05	0.000101155748989	6.90E-05	6.91E-05	9.88E-05	9.94E-05	0.000123187102395	0.000115798391928	6.90E-05	9.15E-05	6.89E-05	7.16E-05
b4234	2.76E-05	2.60E-05	6.48E-05	7.36E-05	2.66E-05	2.73E-05	2.98E-05	3.72E-05	2.75E-05	2.72E-05	3.97E-05	7.24E-05	2.75E-05	2.64E-05	2.75E-05	2.75E-05	2.68E-05	2.70E-05	3.21E-05	3.21E-05	4.34E-05	3.99E-05	4.11E-05	4.27E-05
b2745	6.99E-05	5.81E-05	0.000100097517897	0.000120672205961	9.68E-05	8.67E-05	0.000124031889843	0.000117275396238	0.000102668985928	7.63E-05	8.45E-05	0.000114898458944	0.00010362420031	9.88E-05	7.94E-05	7.34E-05	0.000106130959253	8.21E-05	8.04E-05	9.55E-05	0.000162910875179	0.000154179096379	0.000122999924973	0.000118909766559
b2422	0.000274474807612	0.000444831673113	0.000296466928988	0.000403415960652	0.000318445782844	0.000222925240891	0.00022596992092	0.000256232201131	0.000213885682526	0.000164619452757	0.000271362244801	0.000436315153816	0.000286211687332	0.000194727129354	0.000293958125755	0.000259195348153	0.000273657799076	0.000253798984925	0.00031771317226	0.000191180527581	0.000210894922875	0.000160564829473	0.000254078075301	0.000235859695834
b0025	5.62E-05	5.13E-05	7.93E-05	7.92E-05	7.47E-05	6.91E-05	8.54E-05	9.47E-05	5.56E-05	6.63E-05	6.58E-05	8.47E-05	7.24E-05	8.93E-05	6.07E-05	5.54E-05	9.10E-05	7.29E-05	6.72E-05	5.57E-05	0.000113937372527	9.66E-05	6.36E-05	7.45E-05
b2568	0.000156328639445	0.000205556784028	0.000126506568618	0.000181421799817	0.000150817617163	0.00016140424007	0.000217822567701	0.000194764437553	0.000177526558733	0.000149989374501	0.000187122704634	0.000185288322546	0.000159266286727	0.000196201663676	0.00016326243749	0.000131176834498	0.000200238000838	0.000154479108862	0.000240493792314	0.000174199532696	0.000319874584415	0.00017959788435	0.00017558928403	0.000146428625273
b1780	0.000297147069943	0.000312841745375	0.000344378243897	0.000352558529551	0.000362471319418	0.000346233585377	0.00038330174588	0.00039910687997	0.000460654887724	0.00050204810154	0.000241313635404	0.000306699756442	0.000534165369213	0.000604951177487	0.000499111131509	0.000454880310834	0.000488997239165	0.000536817935037	0.000538396730878	0.000456663418886	0.000351967642308	0.000268260856599	0.000424077714371	0.000409339374045
b0197	0.001647466732391	0.001918769807895	0.001624408564378	0.001845582947829	0.002108386636226	0.00201625284632	0.002869800872406	0.002886192346369	0.002289826653693	0.002968469982128	0.002589249282669	0.002254816568268	0.002166892373135	0.001803175130812	0.002909868056206	0.002949607143065	0.002562979377547	0.002887527398906	0.003642599952898	0.002908489657126	0.002897046412607	0.003165480498915	0.001841524413422	0.002399074101297
b0090	8.16E-05	4.94E-05	6.11E-05	6.84E-05	0.000109185253638	8.51E-05	0.000110384606208	0.000103055197285	9.68E-05	9.58E-05	8.04E-05	8.46E-05	9.78E-05	9.56E-05	5.28E-05	6.24E-05	9.14E-05	5.83E-05	8.65E-05	9.74E-05	0.000171719172234	0.000127598349832	0.000115459506798	0.000116861460527
b0378	5.47E-05	5.16E-05	0.000153363244835	0.000153152260963	6.30E-05	6.47E-05	0.000136622851134	5.92E-05	9.60E-05	9.50E-05	6.01E-05	6.16E-05	9.52E-05	9.16E-05	7.28E-05	7.28E-05	6.71E-05	8.01E-05	5.72E-05	5.72E-05	6.04E-05	5.78E-05	6.03E-05	6.27E-05
b0176	5.97E-05	5.63E-05	6.85E-05	9.16E-05	0.000112727719634	6.37E-05	8.83E-05	8.37E-05	6.15E-05	6.08E-05	8.44E-05	9.69E-05	9.53E-05	8.50E-05	6.16E-05	6.16E-05	6.01E-05	6.05E-05	6.24E-05	6.24E-05	6.59E-05	6.31E-05	6.58E-05	6.84E-05
b1274	0.000521030942955	0.000506948646981	0.00042107627971	0.000466471338034	0.000843251443212	0.000533815370814	0.000691895577673	0.000735713505799	0.001059856075193	0.000804750334215	0.000531450234213	0.000764575472098	0.000903740310387	0.001021446476794	0.000572661496087	0.000537994045963	0.000759740116846	0.000731071196776	0.000915786693673	0.000981937817213	0.000881866321839	0.000794022531266	0.00077485593079	0.00056865651444
b1270	2.68E-05	2.52E-05	3.60E-05	3.50E-05	4.17E-05	4.28E-05	3.07E-05	3.15E-05	0.000172615935244	4.39E-05	3.48E-05	3.56E-05	4.08E-05	3.92E-05	2.76E-05	2.76E-05	4.92E-05	3.30E-05	3.28E-05	3.65E-05	3.39E-05	3.24E-05	3.72E-05	3.87E-05
b0051	7.24E-05	8.44E-05	9.47E-05	0.000130346035674	7.40E-05	6.55E-05	0.000106347117981	0.000107633267926	4.31E-05	4.39E-05	8.41E-05	6.84E-05	4.98E-05	5.55E-05	4.12E-05	4.02E-05	5.67E-05	5.70E-05	6.22E-05	8.21E-05	0.000133521786622	0.000112502251413	5.92E-05	0.000131611685334
b0243	0.00032903091725	0.000301865923639	0.000398438596058	0.000445699002234	0.000392701610255	0.000391949464752	0.000604531409752	0.00061427125343	0.000565655547972	0.000536810407698	0.000406416880943	0.000528964705708	0.000646064603651	0.00068884136474	0.000467109560781	0.000477200154116	0.000624852869255	0.000500586655723	0.000498284150916	0.000494592812061	0.000447012075195	0.000495165234768	0.00047433593469	0.000454331864985
b4051	0.000369794537936	0.00018561379315	0.000266536068642	0.000325318145045	0.000285759555914	0.000394097771908	0.000185454404126	0.000161096421385	0.000176702803277	0.000173996132834	0.000156467674333	0.000192947190871	0.000136208294661	0.000174926281853	0.00013818879434	0.000128686464143	0.000199594882598	0.000135645460742	0.000124415891498	0.000133816201894	0.000148220866097	0.000118287150606	8.53E-05	0.000118071167654
b1928	8.87E-05	0.000112999906581	0.000168844491648	0.000190530071505	9.90E-05	9.54E-05	0.000178748828855	0.00017207926793	0.000151037908032	0.000138391509804	0.000193522896577	0.00017151982374	0.000159360811731	0.000111618655561	0.000132778595738	0.000148748864569	0.000106242464738	8.75E-05	0.000144756817055	0.000117820692858	0.000154791507733	0.000123713538271	0.000126939707232	0.000127468512047
b2679	0.000147838874266	0.000139434137021	5.48E-05	5.23E-05	0.000203846605343	0.000114154926319	5.78E-05	5.73E-05	4.55E-05	4.50E-05	4.85E-05	4.97E-05	4.56E-05	4.38E-05	7.00E-05	5.70E-05	4.49E-05	4.52E-05	5.89E-05	5.90E-05	0.000135406910774	5.92E-05	6.59E-05	6.85E-05
b4143	0.008414861995069	0.009343955629951	0.010298360496719	0.009461404644346	0.010185474279053	0.00926777668425	0.006796418035014	0.007322069448382	0.006817484718986	0.007569031296771	0.009139354190287	0.007796237634551	0.004897446814841	0.003593513192368	0.00717334449314	0.007353285114892	0.005511721249714	0.004222949949412	0.005382889144724	0.007311298757213	0.006023795341986	0.00618572499145	0.006404365258876	0.006840710673695
b0084	7.70E-05	7.26E-05	8.40E-05	8.39E-05	8.62E-05	8.84E-05	8.55E-05	8.48E-05	7.94E-05	7.85E-05	8.61E-05	8.82E-05	8.85E-05	0.000107236875765	7.95E-05	7.95E-05	8.64E-05	8.49E-05	9.81E-05	9.82E-05	0.000117816652322	0.000112765333422	9.90E-05	0.000102958729975
b3829	0.017596381319011	0.020827167371613	0.01368887377151	0.011634555414164	0.018960873049797	0.013662713135276	0.029117126804342	0.029868555833304	0.019704924001567	0.018196308682949	0.043242976171714	0.034097371459839	0.028326006187965	0.026854976784486	0.032843768474361	0.03667237417467	0.030519145258416	0.03403443974001	0.028620272377641	0.024532299052503	0.02653200244262	0.041483355243334	0.03253665039631	0.036607402043309
b0783	3.58E-05	4.57E-05	4.35E-05	4.85E-05	5.26E-05	2.29E-05	7.03E-05	8.30E-05	6.36E-05	4.84E-05	7.24E-05	0.000112656972747	4.46E-05	6.23E-05	5.80E-05	4.29E-05	6.55E-05	5.13E-05	5.64E-05	6.59E-05	7.16E-05	4.31E-05	5.50E-05	6.08E-05
b4322	0.000291674452709	0.000240650084069	0.000319098637841	0.000385800256447	0.000286330872447	0.000378257889401	6.47E-05	6.06E-05	5.77E-05	5.70E-05	0.000115097872296	0.000139260262715	7.09E-05	6.82E-05	0.000116465273847	8.86E-05	7.02E-05	7.06E-05	0.000174468773947	0.000183485246126	0.000143940831363	0.000205902710986	8.52E-05	8.86E-05
b0860	0.001328940957636	0.001029369449628	0.001052457751314	0.001277837640965	0.001210034002169	0.001123245833747	0.001518643781314	0.001343115855521	0.001291449219727	0.001143039255672	0.001559686655087	0.001545858508672	0.001116840076029	0.00091798364378	0.001265501051972	0.001325324022122	0.000896645823466	0.000517635315285	0.001099993532823	0.001101748903044	0.001442871907938	0.001453552357366	0.001291587943582	0.001163028749068
b3212	0.005257749581915	0.006420105288715	0.002597383192982	0.002719832610961	0.002925340658443	0.002739284648527	0.004173263659145	0.00424830188769	0.007751960065634	0.007136724150191	0.009735948309446	0.008421851577069	0.006712236318385	0.006690813173896	0.006134262190949	0.006941319492487	0.007277840927389	0.008606944623708	0.008953414603261	0.00794664980362	0.012792944779528	0.011069454292824	0.010951858805842	0.00962584351298
b2417	0.001047474593011	0.000609760548462	0.001488541873044	0.001520550357754	0.000756222324421	0.000866164626751	0.002227060391369	0.001824440674956	0.002225080627886	0.001959186815186	0.001856184778651	0.001588481244002	0.001376158739698	0.001100352781687	0.001714796685531	0.001729606302619	0.001289684889449	0.001145945823917	0.001031552345427	0.001686701722668	0.001234866821576	0.001282863239226	0.000983061998452	0.001148166096235
b2435	3.82E-05	3.60E-05	4.17E-05	4.16E-05	4.04E-05	4.14E-05	4.24E-05	4.21E-05	5.96E-05	6.09E-05	4.85E-05	6.58E-05	4.49E-05	4.05E-05	3.94E-05	3.95E-05	3.85E-05	3.87E-05	3.99E-05	4.00E-05	5.46E-05	5.23E-05	4.21E-05	4.38E-05
b1452	0.000449674134285	0.000405234856403	0.00052331714724	0.000533271538877	0.001347637827477	0.001118384855104	0.000948936245467	0.001036382305724	0.000823090984843	0.000796535845134	0.000572285850623	0.000677285064604	0.000978078919	0.001082149073563	0.000900978667697	0.000791990786956	0.000770421262738	0.000639925709348	0.000536534478664	0.000561154050834	0.000591838688207	0.000511241270655	0.000568330806282	0.000512874520335
b0124	0.000133962845372	0.000126346969497	0.000115065693248	0.000114907395832	0.000188308968524	0.000146361287889	0.000650566517414	0.000594990626653	0.000461338538929	0.000311335428244	0.000251897154746	0.000273552575784	0.000475993023522	0.000342233066137	0.000108874347998	0.000108954030689	0.00038883172223	0.000297378894398	0.000110276028701	0.000110333017738	0.000116454797618	0.000111461867429	0.000311364777856	0.000178718870224
b1854	0.001504179431096	0.001529330998748	0.001906839663513	0.002008330125307	0.001145155939013	0.001449175173684	0.001628914439978	0.001353735454186	0.00187886872511	0.00196055057247	0.001270597624609	0.001172164919369	0.001628071202933	0.001829982712921	0.001161909255574	0.001067405488445	0.001287156143501	0.001335838723951	0.001308009608937	0.001471703259401	0.000845924767453	0.000724157464655	0.001174256442667	0.001137739569439
b0677	0.00011001554647	0.000103761090289	0.000200736239564	0.000203290108745	0.000165268998063	0.000193097632631	0.000104414174892	0.00010643831603	9.82E-05	0.000115189701734	0.000136982338886	0.000121821454168	0.000121057229193	0.000111281436575	9.97E-05	0.000111808367328	6.98E-05	6.32E-05	0.000107733078616	9.47E-05	8.84E-05	8.46E-05	0.000130277750042	0.000112155032166
b3641	5.12E-05	6.83E-05	4.27E-05	4.60E-05	3.78E-05	3.90E-05	3.14E-05	3.11E-05	6.10E-05	6.03E-05	4.72E-05	4.84E-05	2.96E-05	2.85E-05	7.78E-05	4.34E-05	4.38E-05	4.45E-05	5.45E-05	9.98E-05	4.19E-05	4.01E-05	3.17E-05	3.29E-05
b3939	0.000252706210951	0.000342380155519	0.000274611805616	0.000310607116912	0.000383990023671	0.0003231075291	0.000871063552576	0.000868285871082	0.000629859389072	0.000659634893351	0.000381264973127	0.0005058096748	0.000682159082844	0.000573292737141	0.000629863636661	0.000564070196044	0.000831675687958	0.000703288983998	0.000766577693807	0.000641978710819	0.000375419709286	0.000377429275943	0.000418843169685	0.000353991943281
b2607	6.55E-05	6.18E-05	5.90E-05	7.56E-05	8.24E-05	5.47E-05	7.08E-05	7.62E-05	7.31E-05	4.59E-05	7.89E-05	9.64E-05	0.000108517759229	9.16E-05	6.27E-05	4.19E-05	7.81E-05	5.42E-05	7.92E-05	3.68E-05	4.01E-05	6.45E-05	7.49E-05	6.30E-05
b1087	4.08E-05	3.85E-05	9.73E-05	0.000116179152688	5.90E-05	6.76E-05	4.43E-05	3.95E-05	2.69E-05	2.67E-05	3.75E-05	3.85E-05	2.77E-05	2.66E-05	2.70E-05	2.70E-05	3.00E-05	3.02E-05	2.73E-05	2.73E-05	3.44E-05	3.30E-05	3.08E-05	3.21E-05
b0954	0.000729333051221	0.000880700666294	0.000858115169737	0.000878128596412	0.00068362803167	0.000707800216648	0.000725305260565	0.000677250578427	0.000636708433778	0.000724549390852	0.000877793893481	0.000765442719235	0.00060071656836	0.000569830175234	0.000818774270691	0.000839469399614	0.000801183074064	0.000744773328196	0.001032712620362	0.000864150569646	0.000784107203244	0.000786307388221	0.000518826115017	0.000462529500431
b2688	0.000258243043302	0.0002511185651	0.000288329056408	0.000302026991183	0.000365959600125	0.000308802497801	0.000611790662091	0.000425683758881	0.000361957741798	0.000341010098682	0.000608451611403	0.000641386430871	0.000388380049854	0.000699428376797	0.000263275937848	0.000224011969821	0.000200385003248	0.000304623277652	0.000341383280583	0.000396338145311	0.000339424503001	0.000298830045287	0.0003239069345	0.000350256550331
b3005	2.04E-05	1.92E-05	2.22E-05	2.22E-05	4.35E-05	2.42E-05	5.34E-05	6.65E-05	2.98E-05	5.22E-05	5.77E-05	6.13E-05	3.81E-05	3.65E-05	3.39E-05	2.31E-05	3.87E-05	3.89E-05	2.64E-05	2.76E-05	0.000120716563158	6.23E-05	3.66E-05	3.35E-05
b0207	3.92E-05	3.70E-05	7.20E-05	9.05E-05	4.59E-05	5.03E-05	7.64E-05	5.87E-05	3.66E-05	3.62E-05	3.90E-05	3.99E-05	3.66E-05	3.52E-05	4.69E-05	4.08E-05	5.39E-05	5.42E-05	4.82E-05	4.82E-05	3.92E-05	3.75E-05	3.91E-05	4.07E-05
b0071	0.00062388831793	0.00047154347646	0.000592667725656	0.000568022879518	0.000257578959035	0.000290147693939	0.000619050168263	0.000606131445891	0.000500417751448	0.000578998602587	0.000773390291993	0.001078392940553	0.000435174334072	0.000464340188041	0.000806195103838	0.000703634528435	0.000639245839299	0.000700778777218	0.000794699553827	0.000572270462607	0.000588272377824	0.000502499374818	0.000420339483071	0.000440392486557
b1809	0.00016491432007	0.000194423540626	0.000163408012639	0.000160449099825	0.000218668231307	0.000159709730246	6.46E-05	0.00012459876343	0.000147993190693	0.000146091962816	6.12E-05	7.76E-05	0.000269297187823	0.000308962649996	0.00016238718897	6.56E-05	0.000128356888864	0.000109076212293	0.00010398974882	0.000122973048323	0.000153713648549	0.00011501856949	8.43E-05	6.21E-05
b3200	8.26E-05	0.000137539400653	0.00012304060837	0.00014327261881	0.000181340363138	0.000142365236708	0.000184848529944	0.00018483416595	0.000165823581758	0.000162259633382	0.000124604878089	0.000156398541253	0.000170160552539	0.000189431042166	6.59E-05	3.61E-05	5.53E-05	5.86E-05	0.000166866487026	0.000138459456767	0.00015342541551	0.000126608088412	0.000135572369616	0.000136106940004
b4352	0.000126735318166	0.00014443248446	0.000183035320249	0.00020742848457	0.000173609159351	0.000135374110157	0.000104916889394	0.000129440278385	8.32E-05	7.76E-05	8.08E-05	9.63E-05	0.000137709131368	0.000138814523734	0.000129987343441	9.70E-05	0.000199326835037	0.000164650975765	0.000176598969838	0.000155392750085	0.000169426300652	0.000109967520053	0.000100152704962	0.000115819892498
b3885	0.000176005310477	8.57E-05	0.000165709832862	0.000159983257396	0.000158099647879	0.000199882766905	3.83E-05	6.61E-05	5.43E-05	5.37E-05	4.94E-05	5.06E-05	4.46E-05	4.79E-05	4.89E-05	4.87E-05	4.89E-05	7.82E-05	5.55E-05	8.95E-05	0.000118883269823	0.000113786220331	7.07E-05	6.23E-05
b2947	0.000308059715582	8.12E-05	0.000217391915052	0.000248223140991	0.000237581457763	0.00023730467211	0.000330699009164	0.000288294302807	0.000294144810393	0.000316580279634	0.000211068612027	0.000322032046574	0.000314222385989	0.000306708238403	0.00025770052718	0.000250898161953	0.000318794768101	0.000305911082067	0.000255514843698	0.000279245064491	0.000329609368988	0.000248329316215	0.000271443575383	0.000188762230387
b2708	5.54E-05	5.87E-05	0.000102841773154	9.76E-05	7.14E-05	7.43E-05	5.58E-05	5.38E-05	5.41E-05	4.51E-05	6.52E-05	7.65E-05	5.35E-05	5.14E-05	5.76E-05	4.27E-05	6.59E-05	6.34E-05	5.64E-05	7.11E-05	8.34E-05	6.01E-05	6.58E-05	6.85E-05
b1264	0.000536982671816	0.000711789890672	0.000524556848866	0.000524497453238	0.00071249064451	0.000641725624905	0.000812610631738	0.000811735311028	0.000594612707855	0.000537243868985	0.000816060805251	0.000861367982766	0.000640990449066	0.00070279410327	0.000481900089725	0.000418831517336	0.000588874468691	0.000505058956171	0.000474122062673	0.000415230166962	0.000729553506169	0.000637247597798	0.000615077028823	0.000545571042866
b2762	0.000403328135162	0.000303928207339	0.000235882949655	0.000278094303314	0.000293625843562	0.000248716499364	0.000428009126978	0.000439830147165	0.00052012783459	0.000578012962622	0.000753880297357	0.000799315527248	0.000496841835881	0.000419173178372	0.000327916419392	0.000400265272267	0.000436065596997	0.000330872286378	0.000527895492134	0.000538378935783	0.000508486365307	0.000634222545751	0.000530441475208	0.000400746852886
b2065	0.000153285090423	8.27E-05	0.000162987273739	0.000204126892735	0.000191673282732	0.000191668924877	0.000109834909688	0.000145015222575	0.000140100382393	9.78E-05	8.49E-05	7.64E-05	0.000140008232554	0.000137563532474	0.000107604327984	8.80E-05	0.000139814463432	0.000103575155258	0.00011885510126	0.000115861356228	0.000117328823946	8.38E-05	9.63E-05	0.000118715232263
b1492	7.98E-05	6.48E-05	7.37E-05	7.36E-05	0.000303543743046	0.000444381799887	0.000343788565955	0.0003203781034	0.000158460000484	0.000226164844441	0.000111953355325	0.000120594796702	0.000226511243769	0.000254274384644	6.97E-05	6.98E-05	0.000191753437413	0.000142787878931	0.000160732247135	7.86E-05	0.000634588955777	0.00064799649674	0.000918489534649	0.000458557750493
b3997	0.000114163498186	6.66E-05	0.000126756172198	0.000156871006555	0.000118285874156	0.000113338106263	0.000195172528159	0.000227403363992	0.000162962604126	0.00016877972404	0.00014268905358	0.00018494951081	0.00013957681018	0.000151546185169	0.000170480168292	0.000167604349522	0.000191802977662	0.000172388022331	0.000183955255746	0.000149323845444	0.000168604992336	0.000183302261384	0.000162829028155	0.000144120972499
b3146	5.27E-05	4.97E-05	8.32E-05	8.49E-05	4.99E-05	5.12E-05	9.04E-05	8.08E-05	8.95E-05	6.22E-05	5.53E-05	7.42E-05	5.95E-05	6.25E-05	9.51E-05	4.62E-05	7.54E-05	7.39E-05	8.91E-05	8.91E-05	0.00010356222055	7.74E-05	5.41E-05	5.47E-05
b0658	0.000128554728843	0.00010231195301	0.000142490402159	0.000165690486577	0.000134389779909	0.000155218177111	0.000116792678703	0.000115528627722	7.58E-05	8.58E-05	0.000101332376782	0.000120457044361	8.43E-05	6.11E-05	6.90E-05	6.40E-05	6.38E-05	6.88E-05	9.94E-05	0.000132578726127	0.000256158424712	0.000201274809509	0.00016608339731	0.000134781920528
b3300	0.000630121922904	0.000761264208718	0.000795687122847	0.000973962519035	0.000763235051512	0.000694154563969	0.001151909703698	0.001120427900854	0.000859108457401	0.000790029830274	0.00118330653598	0.001254438504648	0.001112397564467	0.001118810482157	0.000864057405113	0.000775677605132	0.000915762897526	0.000988474322147	0.001172271347784	0.001038742078055	0.001013128658418	0.000884050656239	0.001084896870207	0.001025915604297
b3791	0.000177280685524	0.000173472243017	9.09E-05	7.63E-05	0.000148358688338	0.00015453466908	0.000120378138085	0.000102675540673	9.82E-05	8.13E-05	8.86E-05	0.000131634214099	5.39E-05	5.19E-05	8.14E-05	8.28E-05	0.000116436736351	0.000114015475887	0.000112553621802	0.000138100052609	0.000269024701143	0.000241572837039	0.000175300493379	0.000149800557095
b2733	0.00019544748157	0.000212841756007	0.000165890610908	0.000166759494911	0.000199734782842	0.000220451083932	0.000380234300155	0.000350094409053	0.000351881515109	0.000248425697276	0.00018807411026	0.000204016024628	0.000245211845867	0.000267834031537	0.000221413537925	0.000215334019733	0.000358987805577	0.00026631615545	0.000276908232205	0.000367646067222	0.000210144578417	0.000159630757615	0.000159837287067	0.000166219060123
b3806	0.000117670991113	0.000110981317869	0.00012831750949	0.000128140981373	0.000134712573329	0.000138262998812	0.000128356023754	0.000127385854729	0.000212697782433	0.000210352345271	0.000147353229349	0.000217154880045	0.000133068624558	0.000173042938104	0.000121413123131	0.000121501982669	0.000134030104404	0.000134859929081	0.000145629748125	0.000145705007447	0.000143536761119	0.00013738270785	0.000188781706182	0.00019631913395
b3724	4.84E-05	4.57E-05	4.78E-05	0.000117794344942	5.06E-05	5.19E-05	4.37E-05	6.06E-05	3.44E-05	3.40E-05	3.89E-05	4.57E-05	3.44E-05	3.31E-05	5.57E-05	5.57E-05	4.87E-05	4.91E-05	9.64E-05	5.67E-05	7.75E-05	5.58E-05	4.86E-05	6.15E-05
b0469	0.000126873627648	0.000109953198754	7.81E-05	7.07E-05	0.000132677094843	0.000116198842135	0.000310928914179	0.000246726587059	0.000364672261665	0.000340317550025	0.000322703651259	0.000226393187962	0.000343155284332	0.000262338943283	0.000298661922177	0.000398651937787	0.000253725285923	0.000235936222485	0.000290433048251	0.000209975420745	0.000174333278142	0.000152214316449	0.000161538892253	0.000173283374541
b2426	0.000248330359564	0.000151140762411	0.000368131830874	0.000417668633377	0.000123847421845	0.000210547231333	3.66E-05	3.64E-05	3.46E-05	3.42E-05	5.08E-05	5.20E-05	3.46E-05	3.33E-05	8.51E-05	5.66E-05	3.38E-05	3.40E-05	9.97E-05	7.18E-05	0.000109887167773	7.37E-05	8.41E-05	5.97E-05
b2185	0.000542671299775	0.000646975569357	0.000754451977038	0.000599085503279	0.000627292518494	0.000530487880625	0.001163292931788	0.000970103474378	0.001130476453421	0.000923012763232	0.001275553854377	0.001302604998216	0.000879526746054	0.000759682355533	0.000839193512968	0.001005176591945	0.000594285588314	0.000796370254294	0.000937822344466	0.000658612511731	0.001192461660859	0.000789962402462	0.000931732510605	0.001350830923865
b3209	0.000190824670118	0.000125180871987	0.000392057302905	0.000343339265661	0.000175822220584	0.000231411352665	0.000122239800502	0.000135526395107	0.000100683736152	0.000119141411941	5.98E-05	0.000100094306718	0.000102789751245	8.32E-05	0.000116881829148	0.000110692298712	0.000105460595473	8.30E-05	0.000148872420425	0.00015860818744	0.000249234761517	0.00017384031458	0.000130163252317	0.000142601733822
b3640	9.82E-05	0.000106261600796	0.000146343051872	0.000147830141091	0.000166308402992	0.00018460758401	0.000191299027016	0.000180528299344	0.000168620413961	0.000145520933778	0.000183502345467	0.000222496638803	0.000100207064138	8.84E-05	0.000154288687299	0.000217016084591	0.000128494468725	9.53E-05	0.000175359325474	0.000179953284042	0.000180051256152	0.000170693877884	0.000161143609976	0.000162840365896
b1103	0.000171847172769	9.46E-05	0.000152268299444	0.000169750720942	9.81E-05	0.000118862822178	0.000109996070005	0.000115684230138	0.000217171451975	0.00016069006336	0.000112426049786	0.000121167904036	7.35E-05	6.53E-05	0.00011011564307	0.000108460860469	7.16E-05	8.98E-05	0.000191011761772	9.09E-05	0.000190894239616	0.000139362426226	9.26E-05	9.11E-05
b0610	9.14E-05	8.62E-05	5.85E-05	8.17E-05	5.85E-05	6.01E-05	9.58E-05	4.32E-05	0.000127699041959	6.81E-05	4.16E-05	6.63E-05	2.72E-05	2.62E-05	0.000126254683584	0.000154714045339	8.06E-05	6.72E-05	0.000115669634642	0.000198605537021	6.15E-05	3.55E-05	5.46E-05	3.04E-05
b1107	6.92E-05	7.69E-05	7.72E-05	7.49E-05	0.000124792924574	0.000114663807064	0.000131864398938	0.000120966536543	0.000115537947186	0.000104539312836	0.000113535643584	9.89E-05	0.000118523937264	0.000123073440699	8.17E-05	7.02E-05	0.000100468273545	7.89E-05	9.81E-05	8.32E-05	0.000174669968324	0.000116354683305	0.00012355021328	0.000113447899917
b3689	0.000109920657026	0.000143297182937	7.30E-05	7.29E-05	0.000142118928828	0.000155355739633	0.000117237438719	7.46E-05	8.81E-05	6.47E-05	6.33E-05	6.87E-05	8.92E-05	8.43E-05	5.95E-05	5.95E-05	7.23E-05	7.27E-05	6.02E-05	6.03E-05	8.09E-05	7.74E-05	6.35E-05	6.60E-05
b0675	6.67E-05	9.24E-05	0.000131589300299	0.000193670761506	6.13E-05	8.17E-05	0.000178012277286	0.000185686744439	0.000112784172846	0.000126178351671	0.00013850678317	0.000188122693581	0.000104599733261	7.07E-05	0.000127769815091	7.42E-05	8.27E-05	9.72E-05	8.89E-05	0.00012827995554	0.00010876193709	0.000103188348294	0.000126303367911	0.000158010517571
b2022	0.000273088222264	0.000304173437975	0.000443674861878	0.000494098098882	0.000286922042167	0.000290563388215	0.000696615955052	0.000659988500528	0.000511374740854	0.000434976170064	0.000782227283354	0.000736685692359	0.00081725762232	0.000737045055567	0.000449693690086	0.000418789556092	0.000695574858659	0.000667087936393	0.000633134977838	0.000567977686513	0.000969060674054	0.000851457626571	0.001117143998076	0.000945994681843
b3253	0.000557543250021	0.000258419977568	0.000399317606669	0.000527957977245	0.000325297576888	0.000354902219764	0.000235976594378	0.000234192983638	0.000342470979776	0.000285551293259	0.000181094340269	0.00016652339782	0.00022917289989	0.000290745028795	0.000225107235761	0.000305292843919	0.000303157787371	0.000314706570573	0.000207661422994	0.000202392099171	0.000248076856407	0.000186228006843	0.00019868978583	0.000155703543461
b0094	0.000189870698553	0.000208470282	0.000279203288846	0.000307536516943	0.000398860945392	0.000323086114382	0.000229078175927	0.000221637085867	0.000194143886302	0.000154384127453	0.000202183510275	0.000270248887663	0.000269500986568	0.000309632376829	0.000146931675456	0.000119314646328	0.000192085206956	0.000151997259041	0.000263572609444	0.000217584843803	0.000316440442614	0.000301860292828	0.000276809702137	0.000266436967668
b1189	0.000204443775081	0.000254086801518	0.000178462811043	0.00014147711606	0.000384280992981	0.000278042851816	0.000200487622644	0.000107935632883	0.00016031521573	0.000241156248213	0.000139900776513	0.000103105699507	0.000116850741057	9.44E-05	0.000206269294946	0.000201220756071	0.000193117183675	0.000190232776442	0.000190505798242	0.000214824678261	0.000152274246072	0.000132447624105	8.60E-05	8.94E-05
b3438	6.28E-05	4.51E-05	8.40E-05	8.81E-05	7.02E-05	5.91E-05	7.40E-05	7.55E-05	5.76E-05	5.69E-05	5.29E-05	5.42E-05	4.73E-05	4.74E-05	4.57E-05	4.57E-05	4.46E-05	4.49E-05	4.63E-05	4.63E-05	8.55E-05	7.16E-05	6.58E-05	6.84E-05
b3105	5.28E-05	4.98E-05	6.75E-05	0.000160501727821	4.14E-05	5.65E-05	5.68E-05	4.46E-05	9.86E-05	0.000114337986627	7.76E-05	8.07E-05	5.73E-05	4.75E-05	4.17E-05	4.18E-05	4.07E-05	4.10E-05	7.13E-05	4.93E-05	7.41E-05	7.10E-05	6.12E-05	6.37E-05
b0888	0.000379769860766	0.000346090697948	0.000450072176258	0.000457030297072	0.000502762912083	0.000481188215827	0.000703473818054	0.000798063241597	0.000522965904698	0.000474285767281	0.000599210966662	0.000751913763849	0.000654925540081	0.000680427929929	0.000822614550854	0.000712420800132	0.000916412382641	0.000759626921378	0.000687384668091	0.000577839368996	0.000528257125196	0.000448355128634	0.000522918490988	0.000471206721329
b1284	0.000101896380046	6.64E-05	0.000111115658923	0.000135126613579	9.57E-05	0.000101802354851	0.000117200102322	0.000120107110585	8.81E-05	0.000100554805804	6.54E-05	8.31E-05	0.000109606373102	0.000102816850746	6.39E-05	5.00E-05	7.23E-05	7.69E-05	7.81E-05	7.51E-05	6.12E-05	5.86E-05	6.92E-05	5.85E-05
b3306	0.000901040475987	0.00090393335103	0.001391558182876	0.001389155632367	0.00085970856497	0.000732784507998	0.002548424182244	0.002160019298865	0.001470891477417	0.001397118347367	0.002843165296689	0.002733112664307	0.002112834783235	0.001735599075379	0.001333642156529	0.00120917953578	0.001037975496641	0.001308945432711	0.001349094066454	0.001506972645947	0.001625712852726	0.001386488534269	0.002175117948763	0.002570988597678
b2512	0.000448370274424	0.000516482055278	0.000503914805814	0.000569803131783	0.000561455948983	0.00047250969606	0.000585741187493	0.000610091824522	0.000655509735534	0.000636092237571	0.000545884675554	0.000562249174614	0.000598588943059	0.000702760558695	0.000832458256405	0.000522439923606	0.000635505406799	0.000656940494826	0.000708897199177	0.000739839245165	0.000551560855646	0.000675803536621	0.000555502247998	0.000503567801874
b3185	0.000225731694463	0.000211624401683	0.000394753413738	0.00031150079074	0.000280075474865	0.000244136172491	0.000544462132161	0.000666553161378	0.000394450877532	0.000289699579636	0.000343155457318	0.000613442971034	0.000599183583333	0.00050116602486	0.000330694837141	0.000259189035399	0.000360788183172	0.000309946843912	0.000204340066628	0.000311915871374	0.000449685191187	0.000380045146416	0.000560457383271	0.000469164705061
b3230	0.001280196543472	0.001130498744928	0.000976891847671	0.000882630449815	0.000802784959107	0.000705203779489	0.001600074115895	0.001431478561761	0.002123159002671	0.002240007390124	0.002704301460547	0.001728768366168	0.001751399333988	0.001307962433878	0.002006413128329	0.00161863649395	0.001385894809714	0.001483599537015	0.001760785716838	0.001722590687653	0.001914417714892	0.002154520314974	0.001882069637241	0.002008165748885
b4179	0.000991806359209	0.001038336259635	0.000498274272417	0.000569733859563	0.000667789867771	0.000596727495479	0.000920330566098	0.001012516566177	0.000679573109285	0.000668108469802	0.000433297196939	0.000623669928075	0.00093747964974	0.001033140606725	0.000507652708848	0.000334994207406	0.000754142707575	0.000518044503941	0.00063026258935	0.000643831672843	0.000754821496154	0.000632923459617	0.00055388049405	0.000551437175332
b3356	4.48E-05	3.71E-05	8.49E-05	8.41E-05	3.84E-05	3.39E-05	7.99E-05	7.23E-05	5.95E-05	6.23E-05	7.10E-05	9.93E-05	5.50E-05	4.36E-05	5.02E-05	3.61E-05	7.33E-05	5.97E-05	5.04E-05	4.16E-05	6.30E-05	3.15E-05	5.06E-05	5.79E-05
b0757	0.0016459918896	0.00130890801276	0.000530587774257	0.000526516391723	0.000714889149678	0.000774966374946	0.000137707337306	0.000163715062677	0.000137748219897	0.000112109979663	7.36E-05	0.000115890820811	0.000126131351051	0.000123926797062	0.000209408815327	0.000167468614399	0.00016016678574	9.15E-05	0.000369236445238	0.000377219151351	0.000130136183681	0.000188455634147	0.000226022076964	0.000179800443094
b1180	3.16E-05	2.98E-05	8.67E-05	0.000155129318206	8.52E-05	0.000111041399441	0.000120372265333	9.12E-05	3.75E-05	7.21E-05	3.58E-05	4.97E-05	5.46E-05	6.47E-05	6.55E-05	3.96E-05	5.43E-05	5.66E-05	6.32E-05	3.93E-05	8.61E-05	8.11E-05	5.17E-05	5.95E-05
b3839	0.000105373928483	0.000102264028188	4.13E-05	4.12E-05	4.47E-05	0.000117115792219	0.000131600644295	7.31E-05	3.90E-05	3.86E-05	5.70E-05	8.35E-05	4.66E-05	3.94E-05	6.18E-05	6.18E-05	6.27E-05	8.32E-05	0.000181626039354	0.000181719901031	0.000139216966078	0.000152606202051	4.21E-05	8.75E-05
b1664	6.94E-05	8.04E-05	0.000101876739276	0.000122478996835	0.000143678141599	0.000124742286949	0.000118726971718	0.000109483320995	6.31E-05	6.93E-05	7.77E-05	8.42E-05	9.03E-05	0.000100322601212	6.36E-05	5.53E-05	9.91E-05	7.03E-05	5.50E-05	5.50E-05	8.41E-05	8.86E-05	0.00010492956174	6.24E-05
b1718	0.000341059928572	0.000219917550703	0.000624290942105	0.000645934395012	0.000303378605422	0.000336506674586	0.000659118836696	0.000680509629751	0.000626823847821	0.000686623802392	0.000745947681449	0.001000121360657	0.000423757786249	0.000365726943669	0.000467712064239	0.000611345489981	0.00039125263589	0.000392132914548	0.0007722038367	0.000479436830705	0.000671916914463	0.00052478051933	0.000317532202232	0.000593381517951
b2153	0.000381362397775	0.000497658763419	0.000561076655472	0.000528843046759	0.000543213905645	0.000448226682631	0.001538195373	0.001470840316405	0.001303786425631	0.001094847258752	0.00115021267359	0.001537701251997	0.001425626363393	0.001332139363739	0.000836031499386	0.00066795871164	0.001041106242316	0.00107229111606	0.001100970506383	0.001067485396896	0.000951344620809	0.000952727082891	0.000985894957706	0.001021045496632
b0918	0.000157724850185	0.000188977868246	0.00018919485377	0.000212789951615	0.000262764318349	0.000194128740464	0.000337084571365	0.000332323362739	0.000336747869328	0.000351189217795	0.000218105703307	0.000300013341582	0.000309068553317	0.000333780882463	0.000340851483027	0.000307322601699	0.000391026409541	0.000348777793155	0.000353481502991	0.000339615341006	0.000345242196965	0.000194376554761	0.000253904633097	0.000274751139482
b3463	5.48E-05	5.97E-05	3.50E-05	4.25E-05	4.79E-05	5.13E-05	4.37E-05	6.97E-05	5.11E-05	7.98E-05	3.38E-05	4.71E-05	5.97E-05	6.82E-05	5.15E-05	4.80E-05	6.61E-05	3.95E-05	6.75E-05	7.16E-05	7.47E-05	5.11E-05	7.58E-05	5.24E-05
b0465	0.000174927753106	0.000164982995282	0.000218634223443	0.000218333445412	0.000174273355918	0.00017886642803	0.000374284971518	0.000351062306692	0.000335505108874	0.000327692173636	0.000526037989491	0.000298225667002	0.000310859739419	0.000361732285268	0.000308222656499	0.000498796924995	0.000777455147572	0.000708675413359	0.000596256315219	0.000441795372287	0.000380174836492	0.000349661196691	0.000280197611184	0.000262092303775
b3318	0.000145819075615	0.00010691747453	0.000250983747094	0.000259152175485	0.000136304611299	0.000118458235435	0.000375361104305	0.000303661532829	0.00018465608439	0.000283163386955	0.000346010812489	0.000393135018918	0.000205364369472	0.000170500758755	0.000167078674702	0.000223464627876	0.000141889851692	0.0001614841881	0.000347991714124	4.58E-05	0.000467238771165	0.0002810366803	0.000243009483995	0.000342423466724
b1048	0.000614393397369	0.000597952137693	0.00070338076616	0.000824484910871	0.000710957776202	0.000714036766426	0.000843241176036	0.000738061523241	0.000774387931101	0.000707177312675	0.000662572769329	0.000618160822118	0.000742940482283	0.000732209348523	0.00074517046157	0.000698910939598	0.00083547409309	0.000860499702455	0.000789973524376	0.00083906006497	0.00091333267045	0.000782939031247	0.000731580545114	0.000642179861747
b0930	0.001529697689206	0.001487835175932	0.00151165891322	0.001441154730459	0.001409303088692	0.001345808895523	0.001769893569399	0.001766749267165	0.00188715260692	0.002280519066949	0.002760585948303	0.00250667361443	0.002064517724655	0.002152861975713	0.002246745717921	0.001885524249038	0.002312162220267	0.002094449315668	0.001978718008255	0.001754730417822	0.002289645813587	0.001836706946316	0.001795022510965	0.001641159761811
b3363	3.50E-05	5.77E-05	0.000171559415024	0.000227803639681	6.11E-05	0.00010695033397	0.00014615214715	0.000123758242439	0.000127804741332	9.91E-05	0.000126012298668	0.000175536442104	9.96E-05	9.24E-05	6.51E-05	5.44E-05	5.87E-05	6.63E-05	5.35E-05	5.88E-05	0.000120682756391	8.56E-05	0.000108572232597	0.000106717076325
b3553	0.000516292119084	0.00049329657709	0.000248636585296	0.000226278268638	0.000369638467206	0.000375935063113	0.000344683520301	0.000347752540592	0.000425090334634	0.000386831638545	0.000522961944454	0.000559361706572	0.00029423023307	0.000267031647819	0.00029938438937	0.000296510820771	0.000292819728727	0.000272639499992	0.000390101982825	0.000248197062058	0.000672274780569	0.000555258613665	0.000423219674822	0.000446122934625
b2891	0.00060474843704	0.000693824387285	0.000656609438323	0.000648103741984	0.000646824903026	0.000691087532985	0.000916673445295	0.000967843809886	0.000867185800958	0.000828280013532	0.00080926902818	0.000912054227973	0.001123200272476	0.001132274898971	0.001143964134386	0.000965039176506	0.001362389862252	0.001279348160359	0.001021892356308	0.00116111559963	0.001092632356416	0.00100660973309	0.00071195712657	0.000705388734593
b1650	7.23E-05	7.29E-05	5.61E-05	6.37E-05	5.04E-05	5.17E-05	8.39E-05	7.69E-05	0.000167951169868	8.01E-05	0.000120713964762	0.00014859374541	6.72E-05	6.14E-05	6.60E-05	5.35E-05	0.000103077574301	5.42E-05	5.55E-05	9.22E-05	9.87E-05	6.53E-05	8.38E-05	7.33E-05
b2351	4.54E-05	4.28E-05	5.87E-05	7.02E-05	5.73E-05	4.64E-05	7.59E-05	6.15E-05	6.11E-05	6.57E-05	5.95E-05	6.10E-05	7.93E-05	7.01E-05	4.69E-05	4.69E-05	4.79E-05	4.82E-05	0.000107201789826	7.58E-05	0.000141914701708	7.74E-05	0.000130371306047	0.000138934534522
b4389	8.42E-05	7.95E-05	7.08E-05	7.07E-05	0.0002085301132	6.63E-05	0.000143270598835	0.000121227759437	0.000167134694254	0.000132766547204	0.000295934423571	0.000137757672173	0.000237459901003	0.000148458531367	7.77E-05	7.78E-05	9.96E-05	7.95E-05	0.000111015678824	0.000119827576217	0.000123588574072	0.000829686780264	9.63E-05	7.73E-05
b2464	0.000297970516959	0.000228026173198	0.000299840464398	0.000346662834782	0.000247254596122	0.000406496612145	0.000140296690243	0.000124536838501	0.000134847867914	0.000139125768521	0.000122599771278	0.000131968420604	9.45E-05	0.000113368251202	7.36E-05	5.92E-05	8.16E-05	6.84E-05	7.92E-05	7.57E-05	0.000187737392683	0.00010637863944	0.0001171878456	0.000128349042715
b2977	0.000265174531521	0.000272710892119	0.000425906939458	0.000338927682691	0.000148086971561	0.000169521467113	2.38E-05	2.36E-05	1.71E-05	1.69E-05	3.24E-05	3.32E-05	1.71E-05	1.64E-05	2.73E-05	2.73E-05	1.67E-05	1.68E-05	4.18E-05	3.10E-05	7.30E-05	2.19E-05	3.79E-05	4.00E-05
b2114	0.001177601158981	0.001316048631664	0.001202348576658	0.001365822919782	0.003119415144016	0.000908860187347	0.001373393903491	0.001370871712721	0.001831577775315	0.001621531002857	0.001566841072068	0.001460947708611	0.00154308687527	0.001492199260699	0.001164285000288	0.001218438597768	0.001310379181077	0.001334830364663	0.001183489055913	0.001355306103861	0.001570261513615	0.00101985043631	0.001078825775419	0.000963872652607
b0356	0.000114902686	0.000224986358803	0.000320056555019	0.000330950158463	0.000444619146672	0.000378436464351	0.000255213861142	0.000283030042573	0.000201598530979	0.000152288935234	0.00016595084562	0.000279145599286	0.000304846029202	0.00031509989075	0.000309708113571	0.000221381987132	0.000176002353342	0.000142516929107	0.000134875964259	0.000114050853354	0.000125432992354	0.000145121582578	0.000271996334277	0.000261391607048
b1034	6.40E-05	6.41E-05	0.000104527462396	0.000130711886061	7.62E-05	3.43E-05	0.000144272578031	0.000144105860483	0.000139495229238	0.00010114914721	9.56E-05	0.000129919235532	0.000100912167216	6.88E-05	0.000136175254545	8.96E-05	0.000102211626087	8.96E-05	9.72E-05	0.000124021277273	0.000139692163611	9.70E-05	8.87E-05	8.47E-05
b2576	0.000326806034281	0.000296774200611	0.000420280062745	0.000519740407615	0.00033715509263	0.000347120695457	0.000202140519685	0.000232619233925	0.000316041385152	0.000185597155424	0.000205236417722	0.000225707734408	0.00025156052259	0.000497013569503	0.000224980920234	0.000172266350786	0.000227984223876	0.000230465193616	0.000331608504256	0.000261117937972	0.000341448391323	0.000345212914104	0.00023034662985	0.000227445445263
b0797	0.00095703995021	0.000902631599538	6.63E-05	6.62E-05	6.06E-05	6.22E-05	0.000113045793634	0.000123067037476	0.00021191880672	9.37E-05	7.26E-05	8.45E-05	8.78E-05	9.86E-05	8.95E-05	8.95E-05	0.000146895556833	0.000132274796512	8.40E-05	6.36E-05	0.000247426029451	8.38E-05	0.000119424274617	7.88E-05
b0104	0.000310803111026	0.000500490448013	0.000346685254583	0.000344916492961	0.000429399550732	0.000362277145641	0.000660797543847	0.00055820303911	0.000576891939431	0.000436359133375	0.000483292128067	0.00044219377305	0.000493864772784	0.000617797270307	0.000696454183737	0.000620612262703	0.000711669594266	0.000612348915789	0.000672773662614	0.000506494867434	0.00061009577813	0.000545510300094	0.000480971278932	0.000486130102503
b2600	0.000676394324797	0.000624099936516	0.000404439255285	0.000498315906237	0.000593230668078	0.000753920206884	0.000279893876869	0.000329771489987	0.000238255256428	0.000227471641087	0.000174825795638	0.000323196527469	0.000202260196699	0.000206010917951	0.000101404968376	9.05E-05	7.48E-05	9.50E-05	0.00021006850544	0.000121363305675	0.000197789769417	0.000210918196419	0.000119549517066	0.000149798702887
b1249	7.94E-05	7.93E-05	0.000112555943092	0.000159761111733	0.000191219504649	0.000182028927555	0.000104366881354	0.000103578032396	7.05E-05	6.97E-05	7.51E-05	8.68E-05	0.000102265494737	9.43E-05	7.12E-05	7.42E-05	0.00013891750066	8.57E-05	7.03E-05	0.000123691038204	0.000151673008601	0.000104742996936	7.47E-05	9.04E-05
b0655	0.000913078033812	0.000759815729857	0.000933628580501	0.001135596745126	0.001001579339507	0.001101351783473	0.000312331186619	0.000332165870971	0.000487313012695	0.000407379242597	0.000413025497041	0.000447005870725	0.000310251681285	0.0003233084277	0.000296166366519	0.000283242985529	0.000210290210225	0.000136407145562	0.000374974125393	0.000453897723368	0.000763488239047	0.000805808596337	0.00060445289846	0.000540292948841
b3730	0.0002351756216	0.000216407805697	0.000279148615974	0.000308227511362	0.000282502727109	0.000241534868351	0.000377985324545	0.000389773002232	0.000450835667767	0.000410873726484	0.000327957452273	0.00033248007851	0.000390112055559	0.000411869253728	0.000320497330245	0.000269156916947	0.000366606356908	0.000347270535666	0.000300154399445	0.0003035737487	0.000465696267389	0.000319320620974	0.000323310812142	0.000280779084926
b1051	3.50E-05	3.54E-05	7.37E-05	7.83E-05	2.60E-05	4.73E-05	1.89E-05	1.88E-05	3.78E-05	3.73E-05	1.90E-05	1.95E-05	1.79E-05	1.72E-05	1.79E-05	1.79E-05	1.75E-05	1.76E-05	1.81E-05	1.81E-05	3.58E-05	2.52E-05	1.91E-05	1.99E-05
b1091	0.000307706019439	0.000231702098821	0.000395465326056	0.000409976929044	0.000401558670955	0.000363931876005	0.000511204379327	0.00053228536069	0.000514265426341	0.000434906157519	0.000397460298905	0.000483372917156	0.000430687881746	0.000427966190458	0.000439294224589	0.000485004869087	0.000581993740203	0.000508762126357	0.00050385659232	0.000563795532045	0.000539912510014	0.000548219287252	0.000623356385604	0.000560512541955
b1378	0.000516431867087	0.00081221567672	0.000402679596183	0.000560898472503	0.000234850885925	0.000261939979273	0.000380505231324	0.000390905239107	0.000964492747849	0.000410977775299	0.000457875067185	0.00071283694942	0.000573370151942	0.000697470976868	0.000327586475463	0.000313756433429	0.000854495845026	0.000634834194493	0.000375949507143	0.000518622501563	0.000664697628836	0.000472111559199	0.000596007313124	0.000415284231579
b2836	9.82E-05	9.26E-05	0.000107044640681	0.000106897377934	9.78E-05	0.000100373376708	0.000107076769932	0.000106267438492	0.000101138573662	0.000100023309711	0.00010779538403	0.000110436299339	0.000112683841062	0.000108383497963	0.000101284884589	0.000101359012722	0.000109978712988	0.000174634724729	0.000102588856285	0.000102641872704	0.000125293994712	0.000119922089204	0.000315992746803	0.000328609289754
b4403	3.05E-05	2.87E-05	3.87E-05	4.13E-05	0.000134683994857	0.000138233667138	7.52E-05	4.92E-05	8.18E-05	5.20E-05	4.40E-05	6.19E-05	3.17E-05	9.62E-05	3.14E-05	3.14E-05	3.07E-05	3.08E-05	3.18E-05	3.18E-05	3.36E-05	3.22E-05	3.97E-05	4.13E-05
b2827	0.000155718114566	0.000151122406526	0.000202151217345	0.000245056407677	0.0001634865634	0.000151312500364	0.000213465424078	0.000188467973022	0.000223550412916	0.000171809232373	0.000148693862206	0.000221976426179	0.000214795717667	0.000286551463759	0.000107778773068	0.000145141781217	0.000135648930243	0.000137794890311	0.000252362948801	0.00018979140883	0.000284649240859	0.000236005545304	0.000267114279436	0.000252291541888
b3704	1.66E-05	1.57E-05	3.34E-05	3.34E-05	1.66E-05	1.70E-05	2.04E-05	2.02E-05	1.71E-05	1.69E-05	2.40E-05	2.43E-05	2.11E-05	2.03E-05	1.72E-05	1.72E-05	1.67E-05	1.68E-05	1.74E-05	1.74E-05	0.000122979071686	0.000117706417126	3.50E-05	3.64E-05
b0474	0.001284310034169	0.001060942968782	0.001097991569054	0.001003296458826	0.000772475339828	0.000771151310575	0.000690124475632	0.000675725699942	0.001031756258297	0.001162988013201	0.001091720357959	0.001065139632647	0.000664594646206	0.000708277723205	0.000843794141886	0.001018549068176	0.000445484951801	0.00066124700295	0.000786608105817	0.000752841953654	0.00098183998211	0.000843292587145	0.000608824788727	0.000709452128459
b1765	0.00020283561532	0.000167891515217	0.000237383316314	0.000265706877817	0.000238433732711	0.000244500839173	0.000181909638647	0.000192478459547	0.000169416782828	0.00011695973871	0.000168452074864	0.000159450619535	0.000163021051159	0.000182476959006	0.000253726586548	0.000241424793996	0.000206305845502	0.00021596383949	0.000271849514406	0.000175040874208	0.000286612928387	0.000215380646508	0.000209450590933	0.000195691599666
b1603	0.001055002199752	0.001257131337984	0.001277724001857	0.00129169558644	0.001487364384128	0.001646492197858	0.001422430298999	0.001418559106944	0.001926324779089	0.001399376499818	0.001599473994635	0.001663360196506	0.001956250966675	0.001925725960252	0.001881420213977	0.002600479379443	0.002206469883326	0.001855570632946	0.001785482863365	0.001504277944253	0.002120815427241	0.002133028896933	0.00251505148831	0.001531813624536
b0159	0.000168470976539	0.000147960266119	0.000262929735216	0.000267336882854	0.000114203557452	0.000128539700402	0.000360793921549	0.000359182361919	0.000267001518873	0.000193974475405	0.000283726580359	0.000377040557077	0.000218118045204	0.000181174134716	0.000202002691692	0.000236994901102	0.000228439572544	0.000186544325734	0.000287790742674	0.000218176772366	0.000332629868188	0.00020000076231	0.000221659136748	0.000217522814644
b2959	7.21E-05	3.55E-05	0.000134756716671	0.000124333819826	0.000106417968158	0.000102814200253	9.07E-05	0.000113866433454	6.75E-05	5.25E-05	9.37E-05	0.000113888235443	9.27E-05	6.91E-05	0.000106840628713	0.00011310886009	6.64E-05	8.40E-05	0.000145237433217	6.82E-05	0.000111272124545	5.45E-05	9.20E-05	8.57E-05
b0528	2.51E-05	2.27E-05	5.84E-05	5.29E-05	4.63E-05	4.68E-05	8.51E-05	8.36E-05	6.28E-05	6.64E-05	7.67E-05	8.33E-05	7.34E-05	5.98E-05	5.91E-05	4.05E-05	5.07E-05	5.07E-05	4.44E-05	5.72E-05	6.36E-05	4.13E-05	6.92E-05	6.71E-05
b3967	5.84E-05	5.51E-05	5.11E-05	5.11E-05	4.08E-05	4.19E-05	4.47E-05	4.44E-05	4.43E-05	5.98E-05	4.50E-05	4.61E-05	4.23E-05	4.07E-05	4.36E-05	4.37E-05	5.74E-05	5.78E-05	5.00E-05	5.55E-05	7.60E-05	7.27E-05	5.85E-05	6.09E-05
b1018	0.000250200435767	9.73E-05	0.000125268147306	0.000118461945301	0.000178603394864	0.000149940941785	0.000221183627956	0.000221396050408	0.000365381228844	0.000261592345217	0.000343558622857	0.000374494185537	0.000213164520452	0.000161433787064	0.000191709798783	0.000177023283632	0.000134026207621	0.000148958597261	0.000351521166522	0.000252061276122	0.000861050342171	0.000650849292975	0.000369146029011	0.000334528188375
b1920	0.001179478216238	0.000871978268889	0.001457351437367	0.001626268645112	0.000941888711609	0.000996863601241	0.001640054346911	0.001427816952594	0.001899112677811	0.001652515056612	0.002011629892299	0.001608576842538	0.000983289739396	0.000684643340385	0.00123663685162	0.001448767678908	0.001019664822414	0.000853322435311	0.001353994951843	0.00127022699051	0.001167481156801	0.001002568710302	0.001110330293763	0.001229621878765
b3740	5.35E-05	4.60E-05	3.32E-05	3.21E-05	4.12E-05	4.21E-05	7.89E-05	7.59E-05	4.52E-05	5.40E-05	7.29E-05	8.06E-05	5.47E-05	4.94E-05	5.96E-05	3.94E-05	5.34E-05	5.60E-05	7.25E-05	6.76E-05	0.000107221522889	0.000115976116048	9.37E-05	9.14E-05
b2829	0.000156732398205	0.000304830798137	0.000191190898073	0.000255534781116	0.000209076939922	0.000214587280025	0.000162271270992	0.000152417358553	0.00020892451427	0.000129025144076	0.000172111751673	0.000173339758738	0.000190867899203	0.000231016966462	0.000110552126845	0.000133491103056	0.000103393107248	0.00010403324815	0.000170276653141	0.000149069068419	0.000296112116218	0.000231035880788	0.000203900859938	0.000200881843011
b3820	2.51E-05	2.36E-05	3.25E-05	3.24E-05	3.04E-05	3.12E-05	4.20E-05	4.52E-05	2.32E-05	2.29E-05	2.35E-05	2.41E-05	2.21E-05	2.12E-05	2.45E-05	2.46E-05	3.22E-05	3.24E-05	2.60E-05	2.60E-05	2.36E-05	2.26E-05	2.60E-05	2.70E-05
b3349	0.000316517325605	0.000234449855121	0.000527233074459	0.000510895068576	0.000327858680073	0.000387245159643	0.000484083640903	0.000694848892204	0.000715626893865	0.000741672760674	0.000260863330985	0.000531779001744	0.000636039149715	0.000663402951104	0.000645428342057	0.000322950358285	0.000598346068068	0.000552680241032	0.000532487400514	0.00070227794927	0.000591047392735	0.000287746143036	0.000633782775771	0.000599193539053
b0059	0.000339031149748	0.000474160217629	0.000244360255421	0.000293334652292	0.003581211575187	0.002545374262473	0.00081688949123	0.000840881238616	0.000788334570423	0.00073468496768	0.000893771526129	0.001001879618877	0.000893298640985	0.00401961810484	0.000661290141051	0.000545484106211	0.000871853798413	0.000796111827811	0.001015626394116	0.000864396288571	0.000747056317628	0.000619362769746	0.002103031718827	0.000589319020891
b4153	0.000308980072316	0.000214299133482	0.000304086781864	0.000416763072463	0.000162915310094	0.000193903810222	0.000200907726332	0.000168642251138	0.000333716066078	0.00023386086778	6.14E-05	7.42E-05	0.000219247207195	0.000277473810687	7.34E-05	5.21E-05	0.000224091082203	0.00022431624383	0.000147813280714	0.000177887572805	0.00016749369994	0.000132129022921	0.000223155053907	0.000187361176263
b3620	8.42E-05	9.97E-05	5.27E-05	5.26E-05	0.000123013440491	0.000134700714631	0.000105407569947	0.000106846129706	4.89E-05	4.84E-05	8.16E-05	8.36E-05	5.96E-05	5.82E-05	8.22E-05	8.23E-05	9.31E-05	5.35E-05	9.28E-05	6.91E-05	8.07E-05	7.72E-05	8.96E-05	8.14E-05
b0596	3.17E-05	2.99E-05	4.24E-05	4.23E-05	6.09E-05	5.85E-05	4.72E-05	4.69E-05	3.89E-05	3.82E-05	4.42E-05	4.53E-05	3.89E-05	3.75E-05	3.27E-05	3.27E-05	3.19E-05	3.21E-05	3.31E-05	3.31E-05	3.49E-05	3.34E-05	3.52E-05	3.66E-05
b3294	0.000714287293893	0.000630257996809	0.000822490625657	0.000767749051222	0.00046956610841	0.000517986433607	0.001324434996005	0.001246161798164	0.00159711577392	0.001249731249476	0.001801012939505	0.00194872677291	0.000888989337135	0.000747294544354	0.001189300855229	0.00174995655587	0.000770528882088	0.001100623638085	0.00139040139952	0.001109909078468	0.001416992069172	0.001445959828012	0.001155098508363	0.00164375335043
b1866	0.001030439637317	0.001153342185137	0.001372277171397	0.001472883802729	0.001262740987262	0.001255386905597	0.00179704390234	0.001706477153971	0.001641355794535	0.001893207159162	0.001582487704764	0.001596158307155	0.001900405943309	0.001969657539063	0.001408500575474	0.001317386367988	0.00190320641435	0.001631130687645	0.00149220964973	0.001845085160848	0.00155042659558	0.001201891443705	0.001454072278227	0.001336392545337
b2169	4.95E-05	4.67E-05	5.40E-05	5.39E-05	4.93E-05	5.06E-05	0.000360014426201	0.000364103195289	0.000588064359828	0.000413643770223	0.00032835195283	0.000300539242321	0.000485279873366	0.000300357265089	0.00013760102442	0.000120380759002	0.000314064861498	0.000306240234896	0.000357196920835	0.000400793502681	0.000206424491605	0.000132011437128	0.00025782188873	0.00023544224453
b0759	0.000864404064826	0.000794072001534	0.000318502530511	0.000327936805407	0.000359311849206	0.000390948921561	0.000165103483574	0.000183057385371	0.000155135052847	0.000120490338981	9.74E-05	0.000146780914605	0.000127239982626	0.000139979297985	0.00020009649936	0.000171753095526	0.000187270018301	0.000132938587156	0.000268582390132	0.000190000718398	0.000217943505342	0.000165297255379	0.000138099640337	0.000121484376812
b4395	9.57E-05	8.76E-05	0.000201519018998	0.00019542074317	0.000130853362602	0.000106452614836	0.000206577343517	0.000176082242851	0.000162338662877	9.47E-05	0.000114324145243	0.000256873190086	0.000226030557123	0.000140391339106	0.000208010046024	0.000117748362613	0.000100437770039	0.000136636722295	0.00021680649465	0.000126424914244	0.000133720471419	0.000161597392281	9.76E-05	9.92E-05
b0767	0.000383658529801	0.000353878681037	0.000449780022419	0.000477181555708	0.000509631039693	0.000559190102216	0.000322145859158	0.000343824383994	0.000381438749695	0.000300142528348	0.000254722937475	0.00034391875874	0.000366371934409	0.000424391988176	0.00032374095671	0.000277185494391	0.000414015810492	0.000348121672923	0.000212317998667	0.000227285615064	0.000427659942537	0.000285188272169	0.000223832064685	0.000231008869509
b2511	0.000279424924709	0.000186673765711	0.000306610869231	0.00030365333334	0.000483104611562	0.00034940741956	0.000876293994051	0.000870930986197	0.000823498568772	0.000756880614867	0.001056692206974	0.001132354278608	0.000728859278411	0.000821156844767	0.00090817996242	0.000756769444729	0.001214120359381	0.001015279714316	0.000894320137164	0.00108226050673	0.000524254420351	0.000475335626651	0.00047333380864	0.000519578706351
b3192	5.04E-05	4.76E-05	0.000197624499554	0.00015153369379	3.36E-05	6.22E-05	8.93E-05	8.45E-05	6.19E-05	7.00E-05	0.00014195155451	0.000203030671756	4.68E-05	4.73E-05	4.05E-05	3.11E-05	3.04E-05	3.05E-05	5.24E-05	4.93E-05	0.000177351769481	8.27E-05	5.11E-05	0.000106289239032
b3071	2.85E-05	2.68E-05	4.16E-05	5.07E-05	2.84E-05	2.91E-05	3.10E-05	3.08E-05	4.23E-05	4.19E-05	3.83E-05	3.79E-05	2.94E-05	2.82E-05	3.19E-05	3.19E-05	2.87E-05	2.88E-05	2.97E-05	2.98E-05	3.25E-05	3.11E-05	3.65E-05	3.26E-05
b0722	8.44E-05	9.54E-05	0.000155400097709	0.000142142954089	0.000168957865501	0.000161720226124	0.000120705062311	0.000119792722482	2.29E-05	2.26E-05	0.000120169952628	0.000123114036648	9.50E-05	7.14E-05	2.63E-05	2.63E-05	6.92E-05	0.000129168418702	8.07E-05	6.26E-05	2.45E-05	2.34E-05	0.000102872541629	4.73E-05
b0325	0.000555158733624	0.000703560588209	0.000426662624677	0.000484693871025	0.000533071709415	0.000652684271312	0.000176149749532	0.000176992692751	0.000253710250533	0.000220622957071	0.00016409820066	0.000180320646596	0.000181461434048	0.000217174210489	0.000180714017914	0.000152226110527	0.000230479378704	0.000176981163916	0.00015827133055	0.000136511312807	0.000223443490409	0.000187554880498	0.000168182184327	0.000160168961136
b2319	0.000143853454172	0.000119350723621	0.000166515900172	0.000177177142854	0.000154811184645	0.000162824273783	0.000324740531033	0.000326033516664	0.000334075535488	0.00040054599238	0.000299465414958	0.000335361977436	0.000252293988624	0.000203366079821	0.000278600584809	0.000234322858874	0.000332188096207	0.000222829855006	0.000315551405465	0.000303648956365	0.000231776484869	0.000237684863489	0.000225024845472	0.000213737345958
b0606	0.001548495678279	0.001810166714424	0.001194201003681	0.001065084467899	0.001305318389854	0.001472781492855	0.001724106409562	0.001633240275874	0.001187084957102	0.001233935811553	0.001614310335452	0.001534199027243	0.001429721406931	0.001616239261521	0.002133590404199	0.001834512722421	0.002077846618473	0.002014882348102	0.002056110906575	0.001379318971177	0.00149847612461	0.001222704486472	0.001909019500144	0.001220010512715
b3991	0.000191460771039	0.00012664475383	0.000156665232601	0.000114006914574	0.000267835922278	0.00020100779666	0.000264083424416	0.000275022352238	0.00024445515289	0.000227265548126	0.000227430059198	0.000320057616186	0.000249393287331	0.000199802359563	0.000231012612186	0.000244987961116	0.000332177960313	0.000274590998636	0.00030593691559	0.000345360852688	0.000327474196168	0.000271963289512	0.000306542611443	0.000251961517099
b4235	0.000233813364166	0.000330540110777	0.000297927709718	0.000339861210507	0.000321118965907	0.000294531427215	0.000442561022118	0.000425923168353	0.000593026443513	0.000507767488386	0.000392719125603	0.000441480902305	0.000435847212469	0.00047351897848	0.000410704013465	0.000326479231208	0.00052683770574	0.000540981340688	0.000359848722003	0.000473448287665	0.00048616570435	0.000478832720179	0.000351742607748	0.00030364971075
b4014	0.01267747177521	0.014811697370249	0.015118299724133	0.012182973990705	0.012944447343768	0.016732822495717	0.001413115318053	0.001336867827094	0.001724268010435	0.00228471602584	0.002063888741374	0.001790255699134	0.001391309706987	0.001470390302936	0.002730586945747	0.003038034600271	0.000990195774149	0.000975018061729	0.001327236024104	0.001881222720346	0.00216994868321	0.002464145985142	0.000889960908345	0.001041637397751
b3706	7.19E-05	7.51E-05	9.26E-05	8.90E-05	0.000183131343944	0.00021777555292	0.00026867278981	0.00015220581988	0.000126618192587	9.60E-05	0.000123515425145	0.000231406856724	9.02E-05	7.85E-05	0.000329361168246	0.000263466701374	0.000114791016321	0.000274778077427	0.000151834923062	0.000129589199327	0.00041608523402	8.47E-05	9.64E-05	0.000107393547158
b4052	0.000116370991985	0.000105574073135	8.16E-05	9.47E-05	0.000146851827282	0.000111058455507	0.00012875137881	9.96E-05	0.000141023276646	7.68E-05	0.000141177397693	0.000119698882893	0.000101729413057	0.000102794449223	0.000123502404222	0.00011100463803	0.000116021068858	0.000148169230394	0.000187059484769	0.000119362748608	0.000122316057485	0.000113559674387	0.000105623074175	0.000122538548608
b3591	0.00018628027917	0.000202952383202	0.00014242753989	0.000163799507035	0.000205314982409	0.000201421381912	0.000227135010326	0.000232951484988	0.000174829737163	0.000164720397568	0.000163412087484	0.000179459861062	0.000208679857174	0.000248505557127	0.00013145006721	9.34E-05	0.000144401104704	0.00017402887998	0.000155519267443	0.000131532067691	0.000196134393531	0.000200730310419	0.000313162258135	0.000229376657452
b4147	5.42E-05	5.11E-05	3.40E-05	4.06E-05	2.50E-05	2.56E-05	5.06E-05	9.08E-05	3.55E-05	3.51E-05	0.000143501842739	3.50E-05	3.10E-05	2.98E-05	5.55E-05	5.69E-05	2.81E-05	5.47E-05	4.17E-05	5.40E-05	0.00017523064001	0.000167717730533	6.05E-05	4.29E-05
b0741	0.001100271434806	0.001232457147628	0.001503141271793	0.001271022989274	0.000954325636903	0.001021417218828	0.001116997819276	0.001180332025612	0.001509649635858	0.001595254710723	0.001384026523989	0.00177992189359	0.001271513571164	0.000982025337015	0.001470334656462	0.001262325286419	0.001152203928234	0.001160950875608	0.00140623827578	0.001258107352726	0.002066692171088	0.00176229299445	0.002656783835579	0.003131515549132
b0198	3.12E-05	2.95E-05	3.84E-05	3.83E-05	6.54E-05	3.90E-05	0.000110281008092	0.000109447457667	3.22E-05	3.18E-05	0.000115883365603	7.80E-05	7.38E-05	7.86E-05	3.22E-05	3.23E-05	3.14E-05	3.16E-05	3.26E-05	3.27E-05	3.45E-05	3.30E-05	8.13E-05	7.41E-05
b4065	0.000101787539072	0.000105057534536	9.91E-05	0.000119907009408	0.000112886766418	7.92E-05	8.03E-05	7.97E-05	0.000104872838005	0.000103716395993	8.08E-05	8.28E-05	7.59E-05	7.30E-05	8.26E-05	8.26E-05	0.000119211267091	9.98E-05	0.00014250459343	0.000109778549228	0.000206304346838	8.66E-05	8.11E-05	8.44E-05
b0419	0.000305099970937	0.000190019923867	0.000298677904581	0.000382587218789	0.000201871497825	0.000266670987886	9.66E-05	9.09E-05	0.00012542163951	0.000123646076828	7.28E-05	8.41E-05	7.43E-05	9.13E-05	7.04E-05	5.37E-05	0.000126410360615	0.000107684878734	0.000121181200358	9.79E-05	8.42E-05	9.32E-05	9.25E-05	9.14E-05
b1304	8.28E-05	7.81E-05	0.000175839193672	0.000176184571241	5.86E-05	9.21E-05	8.32E-05	9.17E-05	3.39E-05	5.80E-05	8.32E-05	0.0001186146068	4.06E-05	3.91E-05	6.07E-05	7.88E-05	4.59E-05	4.62E-05	8.57E-05	8.12E-05	0.000160999041814	7.43E-05	9.03E-05	9.39E-05
b0238	0.000197997628755	0.00021450704381	0.000186549413387	0.000224020482674	0.000262353502814	0.000183917186496	0.00042549165468	0.000367475000825	0.000307385871803	0.000187116856598	0.000287404620888	0.000343722102279	0.000240118459016	0.000237721443148	0.000323388770596	0.000221496228313	0.000287296070865	0.000317436873198	0.000213865680429	0.000279858349819	0.000233376866391	0.000167433419618	0.000292113905195	0.000277451072384
b2276	0.000107895612008	0.000248173882076	0.000208302123163	0.000226599081716	0.000343864647656	0.000203763503077	0.000101480187169	0.000104288772109	0.000173555165547	0.000171641357466	7.07E-05	0.000138726412894	9.03E-05	0.000169828555689	9.94E-05	9.95E-05	0.000143514426883	0.000102587439664	0.000288803996243	0.000184193304171	0.000246054193814	0.000241319699096	0.00028141869884	0.000201200185078
b2134	4.48E-05	4.23E-05	4.89E-05	4.88E-05	4.46E-05	4.58E-05	8.17E-05	7.68E-05	6.20E-05	6.14E-05	6.22E-05	9.23E-05	9.02E-05	7.64E-05	4.62E-05	4.63E-05	5.45E-05	5.48E-05	4.68E-05	4.68E-05	7.56E-05	7.42E-05	4.94E-05	5.13E-05
b4138	0.000312615244484	0.000161570237186	0.000508711058561	0.000485877949109	0.000326873418282	0.000423566413261	0.000229622126611	0.000244650613344	6.68E-05	6.61E-05	0.000192370268256	0.000197083212051	0.000301949353267	0.000231860827098	0.000100861453637	0.00010093527187	0.000299084627102	0.000243591808413	0.000327721104576	0.000106766802986	0.000226983663586	0.000186069840321	0.000383881682394	0.000319921501083
b0955	7.94E-05	7.49E-05	8.81E-05	8.79E-05	8.39E-05	0.000103220614819	0.000114670607612	0.000138674925088	8.89E-05	8.09E-05	0.000113146671888	0.000115918690195	0.00018596412962	0.000184392053109	8.19E-05	8.19E-05	0.000101611862218	0.000136791373238	0.000121505675407	0.000179076904606	9.14E-05	8.75E-05	0.00014957196286	0.000127625744039
b0031	0.000560894959676	0.000634579750311	0.000564874251677	0.000543229195786	0.000368490649549	0.000422367513546	0.000707383074911	0.000689852816839	0.000772513273884	0.000746948167107	0.001068195701058	0.001001970926212	0.000659722032239	0.000556697930505	0.00038979694922	0.000428085413351	0.000584180527478	0.000505234647185	0.000465704050363	0.000466262770399	0.00052402446196	0.000491596767424	0.000542568689763	0.000497666960572
b0877	5.11E-05	4.82E-05	5.57E-05	5.57E-05	5.09E-05	5.23E-05	7.70E-05	5.62E-05	5.35E-05	6.99E-05	0.00015059184151	0.000151542521335	8.58E-05	0.000127583606927	5.27E-05	5.28E-05	5.15E-05	5.18E-05	5.34E-05	5.35E-05	5.64E-05	5.40E-05	0.000132315879486	0.000126442153371
b4208	0.000553529651856	0.000525668657058	0.000482650737722	0.000511739017068	0.000541660046069	0.000435250239874	0.000308750769266	0.000269741694722	0.000208305902127	0.000313467588293	0.000267619681525	0.000314749343527	0.000275012454294	0.000275358047206	0.000350685693631	0.000195782952344	0.000286011090723	0.00023354606409	0.00048197627568	0.000302247881808	0.000429377690507	0.0002458883831	0.000244424501082	0.000226010506396
b3336	0.000268793097243	5.20E-05	0.000442655628036	0.000509365573912	0.000115573522147	0.000218836024873	6.94E-05	5.15E-05	2.78E-05	2.75E-05	5.69E-05	5.83E-05	2.34E-05	2.25E-05	6.76E-05	3.53E-05	4.27E-05	5.90E-05	0.000107335269751	3.74E-05	8.55E-05	2.75E-05	2.50E-05	2.60E-05
b3247	0.000112436089335	1.00E-04	0.000120054615968	0.000153688078239	0.00016335589487	0.000137122935492	0.000114980409708	0.000121718761836	0.000115844158236	0.000249421328256	0.000137616346023	0.00015943486417	0.000144949539418	0.000160330519944	0.000133534349812	7.26E-05	0.000124965016144	0.000130483573066	0.000194618173776	0.000177573702463	0.000345769213641	0.000143512409167	0.000209043550061	0.000164384387941
b1344	6.24E-05	0.000116005672803	6.85E-05	9.50E-05	5.25E-05	5.38E-05	0.000134166967738	0.000123787384256	7.52E-05	6.98E-05	0.00011358878338	0.00011764114185	9.00E-05	9.48E-05	7.68E-05	6.29E-05	0.000108662824757	8.04E-05	0.000124219524013	9.95E-05	0.000131594672505	0.000144229666858	0.000584743335673	0.000137477514825
b3833	0.000220328041578	0.000231046973289	0.000245119723911	0.000263537311994	0.000227491139047	0.000241381017666	0.000255558138254	0.000280950038241	0.000316646451124	0.000223595526322	0.000216839930775	0.000246539015648	0.000248976013709	0.000257736862611	0.000223351882111	0.000205425628788	0.00025495467835	0.000218639656475	0.000245777894973	0.000258013863262	0.000254305426328	0.000243715895086	0.000264995284881	0.000227264872063
b2608	5.27E-05	0.000143272522205	8.98E-05	9.61E-05	9.49E-05	6.49E-05	0.0001374118998	0.00013023884432	0.00020973211894	0.000169444315102	0.000158438016682	0.000201305780637	0.000149476321685	0.000120422453954	0.000160112734597	0.000188135127866	0.00014106157238	0.000111473001953	0.000173562702271	0.000135138938821	0.000225621528716	0.000234135669757	0.000151758840291	0.000141836491265
b3156	0.000123897710229	4.86E-05	9.68E-05	0.000110157618378	8.61E-05	7.28E-05	0.000106493325279	9.61E-05	6.75E-05	4.81E-05	5.79E-05	5.98E-05	7.50E-05	9.00E-05	4.19E-05	3.79E-05	7.66E-05	7.74E-05	0.000132761752797	7.30E-05	6.79E-05	6.09E-05	6.59E-05	7.93E-05
b0785	4.31E-05	4.12E-05	4.56E-05	8.43E-05	3.42E-05	4.65E-05	7.56E-05	7.47E-05	4.76E-05	4.67E-05	8.03E-05	8.95E-05	5.37E-05	4.78E-05	4.80E-05	3.47E-05	4.86E-05	2.42E-05	4.92E-05	6.35E-05	5.97E-05	3.24E-05	6.73E-05	5.87E-05
b3195	5.42E-05	5.17E-05	7.89E-05	9.82E-05	4.75E-05	7.18E-05	0.000136636431153	0.000137602746692	0.000134766699863	7.78E-05	0.000110515897694	0.000143347137629	9.17E-05	7.79E-05	9.72E-05	9.44E-05	0.000113694487157	9.85E-05	0.000135734259519	0.000131942668361	0.000138584116478	9.10E-05	7.56E-05	8.32E-05
b1133	0.000126938688953	0.000116861885063	0.000197950645156	0.000184940100587	0.000170057146122	0.000167894208154	0.000264170938806	0.000262643229071	0.000261572697099	0.000302391627453	0.000203144939866	0.00029293029375	0.000298025425623	0.0002986852721	0.000174783070617	0.000134650148637	0.000279968713559	0.00020447535056	0.000211443840576	0.000255041545744	0.000220900348361	0.000173902951025	0.000286394647643	0.000215429959144
b1723	0.000247861592385	0.000254816318266	0.000114179565936	0.000136826985093	0.00019460615896	0.000208510821484	0.000204461491313	0.000185820590685	0.00017649848821	0.000117534162753	0.000215258292971	0.000252202069604	0.000168885168603	0.000140985677208	0.000233428388467	0.000241752161599	0.000183145390686	0.00013247248104	0.000172571424527	9.73E-05	0.000313711480084	0.000209602685815	0.000194789940844	0.000147500430224
b2597	8.48E-05	6.25E-05	0.000163245758777	0.00014800025772	5.32E-05	0.000104122087902	4.81E-05	5.09E-05	5.09E-05	7.51E-05	8.92E-05	8.49E-05	3.35E-05	5.65E-05	4.97E-05	4.22E-05	6.17E-05	7.52E-05	2.98E-05	5.44E-05	6.21E-05	1.64E-05	5.69E-05	0.000234581431486
b0952	2.49E-05	2.35E-05	3.33E-05	2.78E-05	2.48E-05	2.54E-05	2.74E-05	2.72E-05	3.08E-05	3.05E-05	2.73E-05	2.80E-05	2.66E-05	2.55E-05	2.57E-05	2.57E-05	3.65E-05	3.67E-05	2.99E-05	2.99E-05	4.75E-05	3.80E-05	4.91E-05	5.10E-05
b0003	0.000106340233243	8.22E-05	0.00023192315726	0.000226181927959	0.00027034804584	0.000159283447581	0.000490365985736	0.000552497243136	0.000357272379267	0.00051894608615	0.000513184500654	0.000652595099438	0.000531124184019	0.000530258960992	0.000501271875713	0.000399915515139	0.000569566824911	0.000474756027292	0.00023044637426	0.000419480395426	0.000377597864329	0.000181455659421	0.000515275426913	0.000430716380773
b0880	0.000115141416881	9.48E-05	0.000298547474023	0.000265000252802	0.000159049797771	0.000160742168387	2.67E-05	2.27E-05	5.84E-05	3.61E-05	3.11E-05	5.35E-05	3.16E-05	3.94E-05	1.13E-05	1.55E-05	4.56E-05	4.63E-05	7.52E-05	7.87E-05	5.82E-05	3.45E-05	6.15E-05	9.00E-05
b3487	0.000115405998817	0.00010768304463	0.000184964603669	0.000228092431347	0.00017512095209	0.000216271558373	9.41E-05	9.83E-05	5.75E-05	4.98E-05	5.14E-05	5.64E-05	5.46E-05	4.97E-05	0.000164418245304	0.000157329414768	8.35E-05	0.000121876041806	0.000165247372778	0.000149873082597	0.000466860709719	0.000348365049085	0.000258824480929	0.000324684185873
b2234	0.000848299831674	0.00099773862819	0.000923072736679	0.000977130784309	0.00100872838338	0.000919351398059	0.001342964278849	0.001254239463212	0.001150705606685	0.001480993267984	0.001231425057334	0.001536164401867	0.001236066061899	0.001212294071637	0.001709364823172	0.001570094302458	0.001382648321067	0.001699038960256	0.001336929949734	0.001282598153694	0.001367780810159	0.001301471034426	0.001038581485419	0.000968821267197
b1982	0.000147921176658	0.000165905877313	0.00025285592389	0.000321543523241	0.000239543814561	0.000185706807949	0.000186272447342	0.000177445209631	0.000148874225858	0.000136757531689	0.000144248122942	0.000165772971236	0.000209102890657	0.000196590568798	8.66E-05	8.67E-05	8.45E-05	0.000117423570873	0.000105646624345	0.000125408228274	0.00018720397887	0.000130311068808	0.000184997209643	0.000103389790923
b3233	0.000132136908467	0.000124624838306	0.000252463444176	0.000241776436053	6.56E-05	9.69E-05	0.000155873490235	0.000169085596074	5.46E-05	0.000128836004583	0.00018924189649	0.000220405149864	2.95E-05	6.48E-05	0.000133400034519	0.00022990357097	6.88E-05	0.000139439422473	0.000238481500927	0.00017804348493	0.000237871718847	0.000144928477746	3.75E-05	0.000151758528051
b4111	0.000129368000445	0.000122013344526	9.62E-05	0.000120662968129	0.000131195861679	9.73E-05	0.000364494793778	0.000375556238464	0.000431546507665	0.000298515016909	0.000235708623892	0.000249967877998	0.000393086805984	0.000475915804998	0.00010115909292	7.43E-05	0.000245255851811	0.000247361869739	0.000267369806542	0.000191683722159	0.000169026176088	0.000126849662188	0.00027100363608	0.000287806024327
b0004	0.000889539507336	0.001007232331909	0.00143954580912	0.00158246158015	0.000750177029189	0.000711858283986	0.001793856936302	0.001845575809091	0.001955718751246	0.002548064871125	0.002547954910105	0.002775208689709	0.001661114111727	0.001878508796807	0.002359101622643	0.00216066207403	0.001968358069672	0.002241488167222	0.002099903387115	0.001843054719795	0.001689020319436	0.002128274929274	0.001808580626616	0.002070925891271
b0932	0.001770341781716	0.001906533096464	0.002218040804865	0.001393483568038	0.001841898043482	0.002096925245323	0.002012129444502	0.001597083663056	0.00202559187774	0.001912634573278	0.001616600108959	0.00216001245838	0.001553890270535	0.001940890269657	0.001434755706448	0.001621628640839	0.001904159273599	0.002541175127319	0.002338941258897	0.002272319555009	0.001792158904777	0.001776108956326	0.002489990960249	0.001178420420779
b0800	0.00029991707801	0.000257342167875	0.000261157019217	0.000295920657726	0.000235638163817	0.000259664968372	0.000289542647045	0.000285347498321	0.000288381922369	0.000271980628962	0.000247111587935	0.000255251042032	0.000222141603185	0.000248968245625	0.000194700324902	0.000218193336676	0.000229496399239	0.000235798465733	0.000212704554318	0.00028917959887	0.000387054256715	0.000332473727025	0.000145816996829	0.000318569298675
b1783	0.000460863779673	0.000442836528058	0.00053778360094	0.000603101863703	0.000487394459397	0.000640403882583	0.000339438148882	0.000423862401056	0.000148537533197	0.000124423155717	0.000102082304176	0.000138262605426	0.000193372522729	0.000180522486489	9.27E-05	9.27E-05	9.04E-05	9.10E-05	9.39E-05	9.39E-05	0.00018258455735	0.000157280717737	0.000266466333017	0.000151640767663
b0737	0.000106137571139	4.65E-05	7.26E-05	0.00011794015755	0.000108437977176	9.66E-05	0.00011104979634	0.000137176818142	8.51E-05	9.82E-05	0.000104064563778	0.000156265774938	6.87E-05	5.67E-05	8.13E-05	6.79E-05	7.28E-05	0.000132452105168	9.85E-05	6.68E-05	0.000150306963072	0.000121839930906	4.83E-05	6.70E-05
b1852	0.000499642390627	0.00056292862992	0.000545491045757	0.000830905871976	0.000498947243482	0.000498240528257	0.000928705710564	0.000974627303452	0.001098172081356	0.000980998357602	0.000955642963674	0.001002255950752	0.00094309672584	0.001061991323115	0.000924674452253	0.0008292266184	0.001285199128009	0.00102461893437	0.000927342506727	0.000853275640836	0.001257615647102	0.001104114231783	0.000812746322351	0.00071760700805
b2976	0.003459929695882	0.004237221188437	0.003459178204629	0.003202244898816	0.003078029796701	0.003238371220359	0.000123512826245	0.000122579264151	0.000183327774904	0.000181306203399	0.000111253141227	0.000141755108025	0.000141364560002	0.000154549384706	0.000171294889258	0.000171420256141	0.000233093715466	0.000120717509553	0.00032920548977	0.000282194786529	0.000296912645513	0.000232022577987	0.00020354506044	0.0001628996036
b2034	0.000327482709932	0.000297188494935	0.000446825957129	0.000454039520263	0.000369626001006	0.000351599129374	0.000266172128121	0.000279292218108	0.000284328881622	0.000250673276713	0.000255240304211	0.000344165013659	0.000333214690177	0.00033357172464	0.00028680055144	0.000253196004246	0.000410036747949	0.000359992279094	0.000571803566841	0.00036998523574	0.000671718836694	0.000662746854495	0.0005412113469	0.000533077595243
b2699	0.000943083279568	0.000651569678305	0.000895260357882	0.00107598370405	0.000721072637418	0.000802502932897	0.000980087341742	0.00092832837653	0.001030846703155	0.000977325156349	0.001294087993273	0.000902840148093	0.000956896634644	0.000688491061586	0.001136359173478	0.001159586292664	0.000937159408602	0.000853058941642	0.001093901287983	0.001314115883294	0.001176026856059	0.001110755728501	0.000943466342439	0.000741834405147
b2286	0.002062057845736	0.002374365352126	0.001341147994714	0.001467417033617	0.001711353933246	0.00178450190815	0.000851853099714	0.000809472600673	0.001264177136044	0.000942825742123	0.000832207544413	0.000969523538395	0.001125494791954	0.001314516059655	0.001014294173169	0.001275875557313	0.001252494855568	0.001375016962906	0.001756757685141	0.001676159377636	0.001441774086885	0.001319728630891	0.001933137837198	0.001531516102922
b2343	4.57E-05	2.95E-05	8.27E-05	3.73E-05	1.32E-05	1.35E-05	3.81E-05	0.000117320420058	7.23E-05	0.000138561766603	5.84E-05	5.39E-05	4.57E-05	5.11E-05	1.36E-05	1.36E-05	2.72E-05	3.23E-05	3.13E-05	3.13E-05	2.47E-05	2.36E-05	1.45E-05	1.51E-05
b1591	3.38E-05	3.19E-05	6.52E-05	6.70E-05	5.19E-05	4.49E-05	8.05E-05	6.60E-05	4.20E-05	4.35E-05	3.28E-05	5.86E-05	4.92E-05	8.21E-05	3.29E-05	3.29E-05	3.31E-05	3.95E-05	3.02E-05	3.02E-05	7.52E-05	3.21E-05	5.93E-05	7.04E-05
b0755	0.001654310999748	0.001487334239835	0.001768415573576	0.00175151016829	0.001100152474946	0.001395065579469	0.00173962316672	0.001883099591066	0.002046777643563	0.001720745773301	0.001787120140785	0.002075567548255	0.001382804092938	0.001033404210216	0.002412813770179	0.002599524853972	0.001879843731406	0.001885364132877	0.002176508947329	0.001719999031519	0.00207744673865	0.001603272891898	0.001580388441915	0.001609227148747
b1739	0.00018029922968	0.000130714752376	0.000207427218785	0.000214341976452	0.000168350688887	0.000189819407108	7.46E-05	9.91E-05	7.40E-05	9.95E-05	5.75E-05	8.23E-05	8.92E-05	5.08E-05	4.78E-05	5.79E-05	1.57E-05	5.06E-05	5.67E-05	4.29E-05	9.29E-05	7.36E-05	9.13E-05	7.02E-05
b2480	0.000229793948457	0.000228340547659	0.000413099161525	0.000380235234587	0.000226704419658	0.000235921595008	0.00062034337366	0.000608991191346	0.000767353708157	0.000753570474356	0.000625735565441	0.000629314549206	0.000472066881385	0.000388367548778	0.000787131707159	0.000666759015421	0.000533205112929	0.000461130996372	0.000533719527997	0.000534385408775	0.000527805531697	0.000403904514828	0.000421072711357	0.000422497876397
b3925	5.08E-05	8.80E-05	6.99E-05	6.52E-05	6.08E-05	6.79E-05	0.000131541986001	0.000114126637244	0.000126200582529	4.52E-05	8.41E-05	8.83E-05	8.88E-05	0.000108339177573	9.12E-05	8.30E-05	9.85E-05	7.87E-05	8.01E-05	6.58E-05	8.54E-05	4.93E-05	7.31E-05	6.60E-05
b3453	0.000278266990024	0.000326730007623	0.00011903042235	0.000118308611117	0.000377803395672	0.000315972502136	6.43E-05	6.38E-05	7.18E-05	7.10E-05	6.47E-05	6.63E-05	6.08E-05	5.85E-05	6.08E-05	6.09E-05	5.93E-05	5.97E-05	6.16E-05	6.16E-05	6.96E-05	6.55E-05	6.49E-05	6.75E-05
b2962	3.49E-05	3.43E-05	0.0001085225038	8.29E-05	4.39E-05	4.98E-05	5.42E-05	9.02E-05	6.15E-05	4.82E-05	0.000100378078958	0.000154321082205	3.61E-05	3.86E-05	4.55E-05	4.65E-05	3.25E-05	3.34E-05	4.48E-05	3.69E-05	0.000111239088236	3.65E-05	3.63E-05	5.23E-05
b3932	0.000158533436018	0.000186662792084	0.00011077345749	0.000118098433168	0.000135607399852	0.000117085844061	0.000152882413363	0.000182334588159	0.000140242459176	8.66E-05	0.00015856561027	0.000190623572101	0.000166417536917	0.000158463890775	0.000121899886466	0.000123448800916	0.00019535417131	0.000162405366079	0.000101941287966	0.000157953394117	0.000110104787161	2.56E-05	0.00015041292972	0.000123329907625
b2951	7.04E-05	3.91E-05	6.60E-05	7.40E-05	6.01E-05	6.11E-05	0.000103836522226	0.000105118621126	0.000105103667823	8.20E-05	8.00E-05	0.000102491478288	7.31E-05	6.93E-05	9.91E-05	9.38E-05	9.88E-05	8.09E-05	0.000124569313268	0.000102673061765	0.00012191606133	8.96E-05	5.98E-05	5.94E-05
b4245	0.001080058724623	0.001705889314985	0.000297423000667	0.000337065096236	0.001111571134108	0.001071238569938	0.000934244142697	0.000890915379262	0.000727482311589	0.000681613497338	0.000581423224121	0.000631719122466	0.00055695289868	0.000567124606419	0.002997925989413	0.0029809440012	0.000775237335091	0.00086375737808	0.000891662046135	0.000837674031946	0.000843963286236	0.000823165126306	0.00047662840641	0.000546142344959
b2479	2.66E-05	3.48E-05	4.89E-05	5.26E-05	4.16E-05	4.27E-05	4.84E-05	4.73E-05	4.05E-05	4.01E-05	3.47E-05	3.56E-05	4.76E-05	5.34E-05	3.51E-05	3.52E-05	6.21E-05	3.96E-05	5.00E-05	4.53E-05	4.29E-05	4.32E-05	3.56E-05	4.15E-05
b0493	6.16E-05	7.77E-05	4.78E-05	6.06E-05	8.89E-05	5.31E-05	4.07E-05	4.04E-05	0.000114742286687	8.65E-05	0.000100431776287	4.79E-05	6.13E-05	7.56E-05	7.19E-05	7.81E-05	0.000105210583842	0.000102081192437	0.000114437009719	0.000131085079782	9.54E-05	4.99E-05	6.24E-05	6.49E-05
b3305	0.001735603339241	0.002248331450232	0.002009071857203	0.001656390772369	0.001182886898521	0.000999383248251	0.004099178383697	0.003341097732858	0.003164392698915	0.003094251053565	0.005706749075268	0.004364337165036	0.003187756570751	0.002219344091873	0.00295646785593	0.003127932251909	0.002481054094632	0.002757255769194	0.00256300866349	0.002973706558888	0.003097434621951	0.003757751687601	0.002929352798331	0.002572767195216
b0127	5.20E-05	0.000118208648378	0.000105902219859	9.98E-05	9.35E-05	8.73E-05	0.000140712340331	0.000131714187442	0.000131776058232	0.000112398878409	0.000112279023875	0.000195426947206	8.28E-05	0.000107969662621	9.38E-05	6.09E-05	0.000100705551426	8.09E-05	0.000123324771876	8.58E-05	0.000135897038851	9.99E-05	0.000144548292104	0.000123026956696
b2521	0.000320694883335	0.000314451037752	0.000328386590058	0.000333613349321	0.000323716150467	0.000400230384597	0.000121582167644	0.000164059611701	7.56E-05	7.47E-05	8.77E-05	0.000113663769098	0.00011764299477	0.000133197711796	0.000152332073527	0.000118455041516	0.000159434126668	0.00014721784213	0.000186650544286	0.000143808823135	0.000162938296482	0.000116017579453	0.000170201166721	0.000170648750967
b0969	1.50E-05	1.41E-05	1.63E-05	1.63E-05	1.66E-05	2.11E-05	3.58E-05	3.06E-05	2.22E-05	2.19E-05	3.32E-05	2.24E-05	2.23E-05	2.24E-05	2.42E-05	1.55E-05	1.51E-05	1.52E-05	2.73E-05	1.63E-05	1.65E-05	1.58E-05	1.98E-05	1.85E-05
b0009	6.42E-05	4.95E-05	4.41E-05	6.94E-05	5.52E-05	7.09E-05	7.37E-05	6.08E-05	8.21E-05	4.35E-05	4.98E-05	4.70E-05	4.82E-05	4.36E-05	4.70E-05	5.31E-05	6.48E-05	5.57E-05	7.53E-05	6.15E-05	6.00E-05	4.65E-05	5.52E-05	3.96E-05
b0029	7.43E-05	9.05E-05	8.74E-05	0.000172238911329	8.32E-05	6.39E-05	0.000138423593844	0.000186355334436	0.000101944750698	8.73E-05	0.000133293774935	0.000190355504808	0.000125186995534	0.000113476827763	0.000127520403587	0.000111282213517	0.000133659388325	0.000131879138207	0.000290999224216	0.000163074549461	0.00024316386701	0.000191552607492	0.000132519318346	0.000104938175811
b1100	9.65E-05	0.00010199973337	4.09E-05	4.09E-05	7.48E-05	7.61E-05	4.64E-05	7.51E-05	6.89E-05	7.71E-05	4.15E-05	0.000152885094968	7.09E-05	7.82E-05	3.87E-05	3.87E-05	5.93E-05	6.80E-05	9.42E-05	4.81E-05	9.50E-05	0.000127228609331	4.86E-05	9.46E-05
b4244	0.000475011868692	0.000508470160318	0.000270744807158	0.000238621831712	0.000304905425042	0.000297572068345	0.000247516459959	0.000287207376018	0.000276517601007	0.000238039310422	0.000262501535087	0.000273007385433	0.000164917965633	0.000150899594335	0.000576631431379	0.000506931923669	0.000164604614621	0.000133892942884	0.000283889414654	0.000160764446493	0.000434304104552	0.00036747728778	0.000171190916528	0.000209149429364
b2494	0.000116321616896	7.74E-05	0.000153583205106	0.000185660743608	0.000116454533634	0.000131184612694	0.000123774215634	9.01E-05	8.93E-05	8.83E-05	7.64E-05	7.83E-05	6.76E-05	6.50E-05	6.94E-05	6.77E-05	9.81E-05	9.88E-05	7.21E-05	7.21E-05	0.000142221986074	0.000188526136461	7.66E-05	7.97E-05
b1066	3.31E-05	3.15E-05	3.98E-05	4.36E-05	3.90E-05	4.00E-05	6.65E-05	6.52E-05	7.07E-05	5.09E-05	4.27E-05	4.37E-05	3.54E-05	4.05E-05	4.75E-05	3.44E-05	6.09E-05	5.35E-05	4.49E-05	4.42E-05	6.22E-05	4.94E-05	5.26E-05	3.22E-05
b3204	2.96E-05	2.80E-05	9.18E-05	0.000103436070669	2.65E-05	4.49E-05	5.04E-05	6.66E-05	3.43E-05	5.50E-05	5.57E-05	7.76E-05	3.13E-05	3.02E-05	2.25E-05	2.26E-05	2.26E-05	2.46E-05	3.47E-05	5.09E-05	7.11E-05	3.21E-05	3.29E-05	8.73E-05
b2964	0.000187437039769	0.000115694450765	0.000109688835353	0.000131979853332	0.000245396321023	0.000218248580236	8.51E-05	8.02E-05	6.07E-05	6.00E-05	7.22E-05	8.61E-05	8.10E-05	9.83E-05	6.08E-05	6.08E-05	7.06E-05	7.11E-05	8.31E-05	6.52E-05	6.50E-05	6.22E-05	7.19E-05	7.48E-05
b4391	0.001177638909558	0.001605298086546	0.001233771337441	0.001275948227938	0.001475918421566	0.001539805145942	0.001877509132608	0.001741766291049	0.001185433947944	0.00101488059228	0.001807426256687	0.001882915544372	0.001240428808102	0.001439439698243	0.002137821996203	0.001518780364365	0.001544393974652	0.001216808287354	0.002054903385826	0.001684413651122	0.00116629609888	0.001203502147831	0.001921108921709	0.00116917432159
b0917	8.34E-06	7.86E-06	1.74E-05	1.75E-05	8.31E-06	8.53E-06	1.47E-05	1.27E-05	8.59E-06	8.50E-06	1.36E-05	2.27E-05	8.60E-06	8.27E-06	1.02E-05	1.02E-05	8.39E-06	8.45E-06	8.71E-06	8.72E-06	9.20E-06	8.81E-06	9.19E-06	9.55E-06
b4396	7.61E-05	0.000167642254267	0.000149099498949	0.000168365184409	0.000136915750121	0.00017278746029	0.000130788035394	0.000130558545509	5.09E-05	5.04E-05	4.58E-05	4.69E-05	6.98E-05	7.30E-05	7.81E-05	4.60E-05	0.000120336543014	9.13E-05	0.000119810419568	8.94E-05	0.000141226425821	0.000111099802853	0.000126694035317	8.64E-05
b4258	0.001824149839718	0.001626544355248	0.001317809460196	0.001340920708805	0.0015368601901	0.00170725188384	0.002551525583784	0.002440564065466	0.003045544886876	0.003137897063539	0.002539745804642	0.00258008097543	0.002275518217043	0.002562160709805	0.003005081108138	0.003303872756324	0.003413122920624	0.00341802804217	0.002718462821471	0.003028590015968	0.003171370207709	0.003122436143699	0.00236659380683	0.001806805447491
b2095	0.014479767669597	0.011824677165562	0.015592066131545	0.015928205597983	0.011145722825356	0.012433524800406	0.000918574693983	0.000780550944844	0.001875935395881	0.001684651655238	0.000287271126749	0.000391290927281	0.001458459637218	0.00190005828513	0.001912067969062	0.001882082181937	0.004015545949922	0.003577118225956	0.004774273594428	0.005615067228003	0.001560706922844	0.001866977500163	0.005062829538223	0.004153401426163
b3888	0.000143210076032	0.0001073146899	0.000156167294221	0.000166206860635	0.000136420115957	0.000151650074184	0.000112559797437	9.09E-05	0.000122891742086	0.000106344528529	8.40E-05	8.30E-05	7.57E-05	9.34E-05	7.81E-05	6.93E-05	0.000104658539594	0.000118817539797	0.000110302348842	0.000128410695217	0.000116049571688	0.000107343917789	0.000100721895591	7.60E-05
b1414	0.00011940013465	9.36E-05	0.000111357915115	0.00012865530514	8.45E-05	0.000119196978296	7.75E-05	6.84E-05	5.05E-05	7.04E-05	5.31E-05	5.44E-05	0.000123790032697	0.000119065845025	5.48E-05	4.41E-05	6.01E-05	4.52E-05	9.56E-05	6.93E-05	0.000107500615493	8.80E-05	5.16E-05	5.51E-05
b2952	3.20E-05	3.55E-05	3.44E-05	4.80E-05	6.85E-05	3.23E-05	5.59E-05	3.13E-05	2.63E-05	2.60E-05	3.49E-05	5.04E-05	3.02E-05	3.35E-05	2.63E-05	2.64E-05	2.57E-05	2.59E-05	3.95E-05	3.96E-05	2.82E-05	2.70E-05	2.81E-05	2.92E-05
b1853	5.61E-05	5.07E-05	6.20E-05	7.33E-05	6.33E-05	7.12E-05	4.21E-05	4.17E-05	5.09E-05	4.34E-05	4.23E-05	4.34E-05	3.98E-05	3.82E-05	8.86E-05	6.88E-05	0.000102134041778	9.73E-05	0.000114170912101	0.000107864160237	5.19E-05	4.97E-05	6.89E-05	5.50E-05
b3703	5.46E-05	8.65E-05	0.000108782176877	9.95E-05	6.76E-05	9.66E-05	0.000164680968481	0.000162388966879	0.000153144321394	0.000151629539069	0.000152163339196	0.000299810544813	0.00013052544923	7.06E-05	0.000115670273994	9.82E-05	0.000128136656747	0.000135442773305	9.56E-05	9.57E-05	0.000145391277072	0.000165426360646	0.000136303220546	0.000128900905921
b0148	0.000372465235226	0.000479355681337	0.000134702747394	0.000134517435019	0.000775023502613	0.001011426322974	0.001183888534961	0.000601250895787	0.001004563958623	0.000993486543462	0.000135647467196	0.000138970740042	0.001278837889927	0.002034466413624	0.000486468665014	0.000319357003533	0.00074508597717	0.00095885076042	0.000935204590352	0.000850894256486	0.000322610411026	0.000693257943019	0.000437379075427	0.000454842172118
b2925	0.002546954907623	0.002456052183626	0.003730587494812	0.003563576984154	0.002309714352748	0.002367201011544	0.004516260049684	0.004430126408175	0.0059385876477	0.006016976449273	0.003533492581033	0.003693198049171	0.004389625700643	0.004180619012646	0.004201903870779	0.004209682227728	0.00376241811748	0.003672061435331	0.003092361877996	0.003934342877825	0.003833661474153	0.003294886534773	0.005084436884794	0.005407470552926
b3449	3.77E-05	3.80E-05	4.55E-05	4.77E-05	7.97E-05	6.40E-05	3.67E-05	3.64E-05	3.44E-05	3.40E-05	3.66E-05	3.75E-05	3.44E-05	3.31E-05	3.44E-05	3.44E-05	3.36E-05	3.38E-05	3.48E-05	3.49E-05	4.16E-05	4.26E-05	3.67E-05	3.82E-05
b3912	0.000204280524198	0.000256714396601	0.000301367671515	0.00041612142327	0.00029168824002	0.000344339139963	0.000168488680955	0.000255794020422	0.0001144121655	0.000104642973651	6.63E-05	0.000203520278038	0.000206663840103	0.000196292235078	0.000159662128454	8.68E-05	0.0001288655468	0.000243823559858	0.000250720554327	0.000236881670711	0.00035353650509	0.000165808570337	0.000545499190592	0.000200572565961
b1782	0.000450693241197	0.00043284503069	0.000665459557717	0.000577028141319	0.000539923113561	0.00049756385563	0.000510242459453	0.000528056213209	0.000440090175188	0.000385144482799	0.000292230829479	0.00042722729535	0.000522805438213	0.000570309641266	0.000761172589323	0.000694857955226	0.000563887838725	0.000533091828603	0.00051654518842	0.000503576323397	0.000611439527068	0.00041264229896	0.000480339356369	0.000436108308627
b2297	0.002076605050057	0.002357341226319	0.001863041536471	0.002144039275171	0.001440216017219	0.001671813641223	0.002087980745349	0.002080151907427	0.002412039147353	0.002733942055172	0.001443159792681	0.001441782926062	0.002161886616909	0.002114201060721	0.001462119061366	0.001508703101802	0.00225377569952	0.002521536707229	0.001381985808087	0.001288812961205	0.001967512362809	0.001854702153504	0.001462327337017	0.001412224454345
b4254	0.000359928891692	0.000236006673608	0.000324808089047	0.00035922051513	0.000332913823982	0.000333305423074	0.000662160126176	0.000547699801601	0.000273101426496	0.000438349166665	0.000507133474924	0.0004725649275	0.000440860310337	0.000343488359328	0.000370569639209	0.000456698569527	0.000392946906003	0.000274788940274	0.000350861737005	0.000286957289791	0.000317958315079	0.000233811470845	0.000392684558905	0.000263892945787
b1236	0.000630326510086	0.000464683104038	0.000617443014829	0.000658711675437	0.000444333699161	0.000530507856879	0.000749895823548	0.000699340258784	0.000493626095432	0.000520491664805	0.000478287207145	0.000516661194005	0.000433386529706	0.000436894618962	0.000728028285432	0.000769216622009	0.000667442534702	0.000623580049522	0.000714095620436	0.000655442077316	0.000706037421128	0.000767782620389	0.000581987244306	0.000575681466324
b2529	8.45E-05	6.22E-05	0.00017778991947	0.00013973918274	0.000254515488041	0.000259575762013	0.000244474593588	0.000244846865446	0.000350450012782	0.000291955802862	0.000371746723766	0.000402607955628	0.000180083038038	0.00014487492779	0.000159759489852	0.000156851316521	0.000149513875553	0.000160083127259	0.000153702503419	0.000189010863868	0.000415001211171	0.000304211718172	0.000325850983522	0.000402135351718
b1661	7.38E-05	7.27E-05	5.77E-05	5.77E-05	0.0002225604253	0.000203731413447	0.000142865228948	6.79E-05	0.000162217869822	9.65E-05	9.18E-05	0.000100844293008	0.000111127020243	0.000103200362715	5.51E-05	5.51E-05	0.000124821654991	8.98E-05	8.35E-05	0.000106353271429	0.000303445242863	0.000222241806536	0.000164256619598	0.000213385519075
b2765	3.41E-05	3.22E-05	1.81E-05	1.81E-05	1.65E-05	1.70E-05	2.54E-05	3.03E-05	5.97E-05	3.00E-05	2.62E-05	2.69E-05	2.84E-05	1.84E-05	7.20E-05	4.77E-05	3.74E-05	5.83E-05	2.24E-05	7.04E-05	8.92E-05	5.68E-05	5.20E-05	5.26E-05
b1262	0.000365399097289	0.000507557942657	0.000361353501935	0.00036769726238	0.000461037858204	0.000501023403245	0.00045225572437	0.000447703956902	0.000429332258928	0.00043953358147	0.000458740078535	0.00048529150168	0.000335277757027	0.000358833276419	0.000313282589804	0.000278917460582	0.000465286912078	0.000315999913541	0.000409228069728	0.000333353860502	0.00042291312694	0.000388191593789	0.000426806501089	0.00033588457184
b3458	0.000561476544914	0.000455308364412	0.000794870328581	0.000776086931516	0.000623696035814	0.000629486291867	0.000653806695893	0.000598813517741	0.001108926194226	0.001114947972387	0.000752418343151	0.000743204510124	0.000841115253378	0.000688365885865	0.001126861738799	0.001116074131599	0.000709817610915	0.000615918485814	0.00158973327727	0.00112715112137	0.001365294098328	0.00134151680669	0.00109633968553	0.001066618803086
b3958	0.00026429253885	0.000171797198662	0.000250883432753	0.000296504818118	0.000331876484459	0.000287352283771	0.000566212682992	0.000587868378073	0.000324413442405	0.00043514365697	0.000479395256114	0.000587400162689	0.000545149971039	0.000490772263971	0.000526953544669	0.000363600974376	0.000520196757165	0.000383608386578	0.000323898902791	0.000358659868318	0.000351280136879	0.000285203869828	0.000400958380172	0.000403896243388
b4386	6.58E-05	6.20E-05	8.27E-05	0.000115765350812	0.000114301622076	0.000105418619262	7.31E-05	6.08E-05	6.20E-05	5.68E-05	5.24E-05	5.37E-05	5.17E-05	6.53E-05	4.93E-05	4.93E-05	5.37E-05	5.40E-05	7.04E-05	9.77E-05	8.15E-05	7.20E-05	7.12E-05	5.88E-05
b2026	8.88E-05	4.11E-05	0.000228879008608	0.000254251390582	5.13E-05	5.51E-05	0.000253627848863	0.000248323409763	0.000193187415416	0.000123365509315	0.00020220232699	0.000231527461422	0.000188415158068	0.000112698356489	0.000104556559344	8.10E-05	8.41E-05	0.000104338693404	0.00013206387664	0.000129867003169	0.00032913366949	0.000361042460047	0.000337589267074	0.00039326244522
b3261	1.63E-05	1.54E-05	3.05E-05	2.41E-05	1.62E-05	1.67E-05	4.12E-05	5.02E-05	5.52E-05	2.02E-05	4.44E-05	7.01E-05	3.30E-05	2.97E-05	2.49E-05	2.64E-05	1.64E-05	3.08E-05	3.63E-05	3.47E-05	9.79E-05	5.98E-05	6.94E-05	5.84E-05
b0967	0.000145914885288	0.000111954149855	0.000201582088886	0.000226851060277	0.000190241777374	0.000123773887466	0.000290692875734	0.000306780634729	0.000283756433263	0.000245250203735	0.00033231555443	0.000325149692876	0.000242425349106	0.000210833698214	0.000206226764134	0.000191359601561	0.000246523200607	0.000265631560419	0.000239772757529	0.000229103771423	0.000245957944921	0.000213605999363	0.000287409592778	0.000211262172154
b3396	0.000113898429693	0.000278366280486	0.000123123586566	0.000128346932035	0.000113472340574	0.0001164629678	0.000195544369131	0.000195138552067	0.000141841430547	0.000140277332612	0.000169666554424	0.000173823272311	0.000146068654377	0.000141476726979	0.00014306854194	0.000143173250593	0.000186427333669	0.000150466497522	0.000217365673283	0.000190552156481	0.000267802124248	0.000221795496723	0.000374284011034	0.000389227930947
b3018	5.81E-05	3.26E-05	4.81E-05	5.00E-05	4.28E-05	4.22E-05	6.30E-05	9.49E-05	3.86E-05	5.15E-05	6.03E-05	6.01E-05	4.43E-05	4.26E-05	5.51E-05	3.93E-05	5.58E-05	6.00E-05	7.83E-05	7.10E-05	8.85E-05	8.47E-05	4.86E-05	4.69E-05
b3462	6.07E-05	8.23E-05	0.000118702973365	0.000130082861137	9.83E-05	0.000125895696613	0.000194339958823	0.000172568839002	0.00012265495108	7.64E-05	0.000168782308209	0.00012934402193	0.000149687287531	0.000124562454694	9.38E-05	9.13E-05	0.000118188276396	0.000106532517092	0.000138474229289	0.000120641411631	0.000110687090041	7.24E-05	0.000116337800499	1.00E-04
b1710	0.000111290477268	4.06E-05	9.82E-05	0.000103980549852	7.25E-05	8.35E-05	6.59E-05	6.28E-05	7.79E-05	6.82E-05	4.99E-05	3.61E-05	4.22E-05	4.10E-05	4.87E-05	5.01E-05	3.38E-05	5.75E-05	4.14E-05	3.60E-05	7.81E-05	5.92E-05	5.73E-05	4.61E-05
b0506	7.00E-05	4.41E-05	9.39E-05	0.0001045153535	7.40E-05	7.53E-05	0.000146904759369	0.000183667416919	9.92E-05	0.000158363935367	0.000102333542165	0.000150817274775	0.000145920752472	0.00011946810712	0.00014183354409	0.000124994377051	0.000131510461596	0.000104103781664	0.000144953781468	0.000112656215687	0.00014726687556	0.000133104010701	0.000109494437487	9.97E-05
b0080	0.000152732973695	0.000164520267359	0.000269550931551	0.000308572317462	0.000172182870196	0.000204256420123	0.000106537457454	0.000112693993467	6.17E-05	8.85E-05	6.80E-05	9.50E-05	8.00E-05	8.45E-05	9.21E-05	5.85E-05	8.62E-05	8.43E-05	0.000139036547325	0.000116834244793	9.00E-05	8.75E-05	7.22E-05	0.00010637784109
b2104	9.17E-05	0.000100366308989	0.000226727954022	0.000217283822702	0.000146062894958	0.000121526672435	0.000455169174766	0.000431693717558	0.000248183597719	0.000234250000003	0.000247688599011	0.000261890036101	0.000184310143861	0.000150025116536	0.000174248374172	0.0001842293355	0.000207246758875	0.000161669242159	0.000211548269963	0.000240080186341	0.000277975077673	0.000222681513042	0.000251057467967	0.000209726524342
b4381	0.000212093740655	0.000189522419522	0.00025175656084	0.000232242982219	0.00020457844395	0.00026696214152	0.00040094746221	0.000447140495008	0.000302848678017	0.00026065066787	0.000189094719581	0.000241251686676	0.000351860377229	0.000277322477122	0.000139233456713	0.000112679898657	0.000239769351796	0.000226695421537	0.000196823228966	0.000184655477392	0.000201699879209	0.0002224902406	0.000292822882106	0.000286700577014
b2173	4.43E-05	4.18E-05	4.83E-05	4.83E-05	4.41E-05	4.53E-05	5.50E-05	6.00E-05	5.08E-05	5.02E-05	4.87E-05	6.49E-05	4.57E-05	4.40E-05	4.57E-05	4.58E-05	4.46E-05	4.49E-05	4.63E-05	4.63E-05	4.89E-05	4.68E-05	4.88E-05	5.08E-05
b3625	7.78E-05	7.34E-05	0.000118462666481	8.89E-05	4.08E-05	4.19E-05	0.000128953948375	5.94E-05	3.44E-05	3.40E-05	3.67E-05	3.76E-05	3.45E-05	3.31E-05	3.81E-05	3.84E-05	3.36E-05	3.38E-05	5.04E-05	5.04E-05	3.69E-05	3.53E-05	0.000189773402159	0.000197350425061
b3179	5.63E-05	5.56E-05	7.70E-05	7.10E-05	4.50E-05	6.13E-05	0.000126271265984	0.000123713653742	7.60E-05	7.32E-05	0.000107603674229	0.000127178516097	8.83E-05	6.83E-05	0.000112055646143	9.63E-05	0.000109564919358	0.000104493622882	0.000111692629308	0.000124138380031	0.000129936529975	9.75E-05	8.48E-05	6.90E-05
b0085	0.000332900642245	0.000178273953036	0.000207967672821	0.000243319234577	0.000267572730568	0.000315010754194	0.000286195247573	0.000322513826427	0.000324388333491	0.000227672517597	0.000219339893956	0.000331357306492	0.000264773863654	0.000283774388444	0.000230544107523	0.000161965072846	0.00032202809712	0.000252017017396	0.000195183177991	0.000286141275567	0.000424692931807	0.000355822920137	0.000317666033467	0.000249539848709
b4025	0.002689858060572	0.002525889014312	0.001728851745195	0.001772540979082	0.002122828501506	0.002765728936914	0.003660359239232	0.003860264409469	0.005018410040146	0.005187882022576	0.002115472651147	0.002553899843552	0.003480948239655	0.003193805646582	0.005061260524402	0.004634204179072	0.005440006070423	0.00564177343106	0.003637534547284	0.004114416472011	0.003184840476583	0.003525404396739	0.002995130104514	0.002559927955976
b1209	0.000146724179805	0.000158588114142	0.000170593527603	0.000177954456862	0.000196554890403	0.000172697561739	0.000170916458214	0.000160995049084	0.000127302366894	0.000122091175382	0.00013376638809	0.000139846102858	0.000172389182689	0.00017767155435	0.00017169556508	0.000145585050102	0.00020435820997	0.000183421171576	0.000152818617598	0.00018102866517	0.000237810233957	0.000248665291583	0.00018553265112	0.000172961324058
b0593	0.000113980848436	0.00010750096223	5.74E-05	5.74E-05	0.000177344003143	0.000100759966437	5.99E-05	5.70E-05	0.000158608430782	7.45E-05	8.13E-05	8.33E-05	8.34E-05	7.48E-05	6.70E-05	6.71E-05	7.04E-05	0.000115901047549	6.83E-05	6.84E-05	0.000105245974975	0.00010073361639	5.80E-05	6.04E-05
b3963	3.34E-05	3.15E-05	6.34E-05	3.73E-05	3.33E-05	3.42E-05	4.23E-05	4.71E-05	3.44E-05	3.41E-05	5.09E-05	5.21E-05	3.45E-05	3.32E-05	3.45E-05	3.45E-05	3.36E-05	3.39E-05	6.75E-05	4.93E-05	6.70E-05	4.92E-05	3.74E-05	3.89E-05
b0720	0.012040621237738	0.009806542821111	0.015643820234288	0.01425070887969	0.014469779555728	0.014495413491299	0.001908490692107	0.002377890666567	0.00297058016527	0.002471559654603	0.00116951057365	0.001400999141646	0.003712605298107	0.0035638683079	0.004923194345834	0.004036879970036	0.003753327338135	0.004412336998594	0.007332046285412	0.005875996704415	0.002959483588545	0.003073475571747	0.004000244458204	0.00474127317104
b1687	0.000840900665743	0.000466592874275	0.000907839132604	0.00098485698653	0.000496447343751	0.000461762914755	0.00076046181607	0.000683392161931	0.000999680013355	0.000749426003317	0.000694533586719	0.00091638911898	0.000862311348311	0.000961299511234	0.000692136624271	0.000609773374069	0.001141841040908	0.001139204870407	0.001164239426846	0.001024559151164	0.001049678069211	0.001017327068002	0.000918552709425	0.000831706680265
b2528	1.45E-05	1.37E-05	2.87E-05	3.33E-05	3.19E-05	2.74E-05	5.71E-05	5.98E-05	5.96E-05	3.54E-05	7.69E-05	0.000103273272802	5.32E-05	3.46E-05	2.21E-05	2.25E-05	2.72E-05	2.74E-05	2.07E-05	2.67E-05	5.44E-05	5.00E-05	7.39E-05	5.99E-05
b1647	0.000382918199634	0.000216017523664	0.000285885328937	0.00032660909171	0.000158627085077	0.000238566226097	0.000151533618733	0.000126865996778	0.00011193497064	0.000116870854249	0.000120475852012	0.000111806016466	9.11E-05	6.04E-05	8.01E-05	8.02E-05	7.53E-05	0.000158376492608	0.00025648887683	0.00025960106573	9.75E-05	0.000125296443704	9.69E-05	8.94E-05
b2475	4.49E-05	4.24E-05	9.04E-05	9.39E-05	7.00E-05	8.64E-05	9.66E-05	9.55E-05	4.87E-05	6.54E-05	6.21E-05	9.32E-05	7.14E-05	7.26E-05	4.02E-05	4.02E-05	5.56E-05	4.65E-05	7.23E-05	9.50E-05	8.48E-05	6.57E-05	6.45E-05	4.99E-05
b1269	0.000101030782274	0.000174910596213	0.000144883389975	0.000153726826451	0.000249219165855	0.000182199931646	0.000211351694834	0.000204884915333	0.000133681262448	9.13E-05	0.000184274121157	0.000199298601938	0.000179846709164	0.000175729001332	0.000107099720698	6.39E-05	0.000104133421476	0.000105479003071	0.000172842496553	0.000158460537097	0.000387201344167	0.000298234574477	0.000304582468645	0.000272740281181
b2413	3.97E-05	3.74E-05	5.75E-05	7.97E-05	6.36E-05	6.31E-05	8.28E-05	5.77E-05	4.09E-05	4.04E-05	5.82E-05	7.32E-05	5.59E-05	5.44E-05	4.09E-05	4.10E-05	3.99E-05	4.02E-05	4.15E-05	4.15E-05	4.38E-05	4.19E-05	4.37E-05	4.55E-05
b3556	0.000249242116909	0.000225767122389	0.000195796695446	0.000227759926998	0.000203531272674	0.000261019232944	0.00066520817682	0.000716127731566	0.000506574916985	0.000659128692738	0.00036054659694	0.000485664335007	0.000572897690553	0.000560200028215	6.40E-05	5.56E-05	9.55E-05	0.000125226308738	0.000113831823348	0.000170221898837	0.00039009859342	0.000283958950923	0.000400131549266	0.000308357351011
b3279	6.04E-05	4.08E-05	6.84E-05	7.04E-05	2.99E-05	3.26E-05	0.000120996115443	0.000100608887759	0.000128185636142	0.00011128017581	0.000130979028628	0.000154906351157	0.000109982924065	0.000108759549753	0.000119533134667	9.75E-05	0.000140105849102	0.000105838409035	0.000115924799619	7.32E-05	0.000105876816715	7.56E-05	8.40E-05	6.55E-05
b2091	0.00260151525878	0.002215641135081	0.001649606876254	0.002553480778568	0.001927880012073	0.002376207771342	9.40E-05	6.59E-05	0.000160545130119	0.000157968821468	5.34E-05	5.47E-05	0.000170494308166	0.000271482111628	0.000213825755231	0.000198056089709	0.000377388733981	0.000275581210328	0.001042387897492	0.000973866818171	0.000123522758274	0.000118226793474	0.000963404143187	0.000859133834456
b3590	0.000598041558935	0.000302975327402	0.000237506722446	0.000218142123237	0.000550084857381	0.000484140797043	0.000366299205515	0.000339084905475	0.000353490316445	0.000312480633437	0.000287966822512	0.000324524000228	0.000317031016764	0.000393087943066	0.000563696957085	0.00044075756712	0.000602709602547	0.000786455346211	0.000262638913227	0.000855350498652	0.000495218610173	0.000413199189027	0.000577037924236	0.000511609574775
b0173	5.69E-05	5.37E-05	5.71E-05	5.70E-05	5.21E-05	5.35E-05	7.11E-05	5.91E-05	6.19E-05	7.01E-05	7.76E-05	8.31E-05	5.77E-05	5.55E-05	6.20E-05	5.59E-05	8.27E-05	6.37E-05	5.76E-05	5.47E-05	7.75E-05	7.42E-05	5.76E-05	5.99E-05
b1493	0.000252917990735	0.000301589507951	7.65E-05	7.64E-05	0.000269731964797	0.000423236193991	0.000123965512745	0.000134487068527	7.40E-05	7.32E-05	7.22E-05	7.40E-05	6.78E-05	6.52E-05	6.78E-05	6.79E-05	0.000121683499039	0.000189579687951	9.78E-05	9.79E-05	0.000416236897526	0.000396037127008	0.000764153277712	0.000738494406908
b0739	0.001825947482201	0.001722141166802	5.87E-05	5.87E-05	0.000128702505912	0.000132094532694	0.000972472609064	0.000965122250461	0.001117018359018	0.001104700899289	8.17E-05	0.001447727398911	0.001919420359694	0.002010998190295	5.56E-05	5.56E-05	0.000584012209879	0.001814665608438	0.001365367905691	0.001366073507829	0.000120407691181	6.56E-05	7.85E-05	8.84E-05
b0592	9.83E-05	6.40E-05	4.67E-05	4.66E-05	9.65E-05	9.71E-05	0.000102447760576	0.000105206470249	8.44E-05	4.66E-05	0.000101144279326	0.000115453133453	7.55E-05	7.23E-05	5.65E-05	4.68E-05	5.33E-05	5.36E-05	9.55E-05	6.75E-05	9.77E-05	7.32E-05	7.47E-05	4.94E-05
b2388	0.000433020132577	0.000343972718103	0.000364061435488	0.000374759377383	0.000324190498306	0.000394699990537	0.00037899393799	0.000294621397735	0.000393546477128	0.000381722059238	0.000221420778698	0.000273949958444	0.000318938883703	0.000323162172513	0.000567678329968	0.000608671929634	0.000570068104512	0.000440799700205	0.000647915687977	0.000667836289437	0.000290225349519	0.000250624641382	0.000464135684814	0.000428803625831
b3210	0.000108883399374	0.000102693306501	0.000132942430834	0.000165189351485	0.000131654718975	0.000141785622503	0.000228404770865	0.000117872763405	0.000183137627192	0.000181118152463	0.000119567573833	0.000122496899972	0.000255304541826	0.000173554658132	0.00011234607145	0.000112428295017	0.000159247570847	0.000131957020748	0.000144915169015	0.000135259182605	0.000180765902719	0.000148439582352	0.000136368702756	0.000141813453033
b2515	0.000271537645619	0.000259753333105	0.000256218121023	0.000342560039583	0.000191637496415	0.000220449202032	0.000318725863702	0.000322372938052	0.000443372849615	0.00046303882753	0.000370955736442	0.000326305213205	0.000300462621676	0.00026893284983	0.000265520521338	0.00025327335186	0.000336998813144	0.000293757688355	0.000339096888309	0.000355920760921	0.000441209078302	0.000427747302347	0.000333306108175	0.000343162568584
b1324	0.001326000537817	0.000935515968318	0.001579893772861	0.001177743545968	0.000713613456004	0.000899275046312	0.00130915378351	0.001319476597701	0.001187765883815	0.000933237526299	0.001709675734498	0.001467168995123	0.000982133665324	0.000624279127271	0.001121747204095	0.001689598549827	0.000737905994917	0.00066662221594	0.001148412355695	0.000997711850736	0.001845890441363	0.001535792289512	0.001248518688774	0.001228770021667
b3341	0.001918860843314	0.001718305145936	0.001606415687308	0.001867538037086	0.001161101335409	0.001138006901189	0.003563492889181	0.00360395208838	0.002904012707911	0.002676942283989	0.004370090099866	0.003530696255741	0.002075083340173	0.002322309338279	0.002626153515121	0.002325912443623	0.001787189380685	0.002639584484704	0.002483591446771	0.003069395095871	0.003034749568635	0.002884505784673	0.001635402658867	0.002753385368286
b2530	0.000976758571029	0.001121848454228	0.000995961538116	0.001037179627583	0.003249542031743	0.002348138376284	0.002128303707409	0.002359012437325	0.002331642171113	0.002414788383414	0.002328512012058	0.002158056306118	0.001804704432857	0.002053759947955	0.002417688039085	0.003088711048551	0.002293778667682	0.00261181435604	0.002496663890233	0.002893417819875	0.002372844196628	0.002460033208652	0.002342001513285	0.002106002926045
b3129	1.76E-05	1.66E-05	2.77E-05	4.23E-05	1.76E-05	1.80E-05	1.93E-05	1.91E-05	6.37E-05	7.78E-05	1.94E-05	1.99E-05	2.82E-05	2.71E-05	8.62E-05	8.46E-05	1.78E-05	1.79E-05	8.73E-05	8.73E-05	1.95E-05	1.86E-05	1.94E-05	2.02E-05
b1638	0.000166982679354	9.00E-05	0.000150858373714	0.000193609863231	0.00010309889266	0.000121840495387	0.000153261523164	0.000174333562082	0.000136967162672	0.000103244522651	0.000116014281155	0.000155334268761	0.000136546359274	0.000158138486362	0.000152777615699	8.76E-05	0.000136260118287	0.000122052439868	0.000160956891361	0.000137872903341	0.00014850474488	9.99E-05	0.000120566105373	0.000129714030674
b1253	2.09E-05	1.97E-05	4.60E-05	4.70E-05	2.95E-05	2.97E-05	6.55E-05	6.00E-05	4.08E-05	3.04E-05	6.25E-05	6.18E-05	5.03E-05	4.14E-05	5.20E-05	3.92E-05	5.82E-05	4.27E-05	6.42E-05	6.09E-05	5.88E-05	7.20E-05	5.75E-05	4.83E-05
b4214	0.000172182654708	0.00014233193273	0.000131652277912	0.000157139341377	0.000154069661814	0.00016606615918	0.000118836165678	0.000117004405968	6.72E-05	5.68E-05	8.36E-05	0.000107041946473	8.69E-05	8.53E-05	0.000142363951438	0.000129705373147	0.000122680777355	0.000113832950065	0.000134583668096	0.000114515349165	0.000136414039572	0.000103237733433	0.000105144829119	9.58E-05
b1619	0.000205356949792	0.000186736425121	0.000176678595286	0.000198952658799	0.000152383321209	0.000217221484958	0.000156957457204	0.000148105205559	4.93E-05	4.88E-05	7.31E-05	8.35E-05	5.26E-05	4.44E-05	7.89E-05	9.21E-05	9.35E-05	6.71E-05	8.05E-05	8.23E-05	0.000150676829646	9.42E-05	7.18E-05	7.85E-05
b0761	0.000106792319934	0.000100721106302	6.03E-05	8.21E-05	3.81E-05	5.60E-05	6.95E-05	6.31E-05	3.51E-05	3.47E-05	3.74E-05	3.84E-05	4.29E-05	3.71E-05	3.52E-05	3.52E-05	3.43E-05	3.45E-05	3.56E-05	3.57E-05	5.58E-05	5.34E-05	5.50E-05	4.39E-05
b0838	0.000164538443215	7.74E-05	0.000210606019572	0.000236264399262	0.000123192066479	0.000174654899366	0.000155129162173	0.000194414369332	6.07E-05	0.000116797231144	8.54E-05	0.000132060465728	5.12E-05	6.67E-05	0.000195133174405	0.00017714691749	0.000112097157505	0.000168678713672	0.000170646074722	0.000229743799712	0.00022256026528	0.000181224376078	4.45E-05	0.000129032724357
b0870	0.000326959395338	0.000172207482624	0.000221838815062	0.000253901919493	0.000260742834041	0.000247484536623	0.000190324934739	0.000185125366556	0.00016187255687	0.00016126758063	0.000123354542233	0.000155473675177	0.000184726621138	0.000165806259999	0.000170470957103	0.000165812663372	0.00018145768974	0.000108297601143	0.000195257418254	0.000180827539967	0.00030588831875	0.000265861208119	0.000185857078824	0.000192835452768
b3919	0.002171360415076	0.001202219657586	0.001426104379511	0.00131571626408	0.00100985187983	0.001138275991175	0.00165152870073	0.001667768427938	0.001738066862439	0.002067448713124	0.000910411112222	0.001123687971341	0.001434974040868	0.001188900450099	0.002059967419652	0.001664674990591	0.001824962036849	0.001813145184836	0.00167980475655	0.00150974180323	0.001903017083206	0.001814796413808	0.001365108850418	0.001500024088465
b2211	7.49E-05	7.06E-05	8.16E-05	8.15E-05	7.46E-05	7.66E-05	8.17E-05	8.11E-05	9.32E-05	9.22E-05	0.00011367766332	0.000116462690564	7.79E-05	8.14E-05	7.73E-05	7.73E-05	0.000101579495497	0.000102208407728	0.000108867442417	7.83E-05	0.000131493835885	8.18E-05	9.11E-05	9.47E-05
b3611	0.000254540091449	0.000122290658057	0.000184926817101	0.000172816010885	0.00017486551619	0.000187570775245	0.000207295365342	0.000222336832989	0.000221124046169	0.00019515302709	0.00019165832275	0.000243864768619	0.000132024060536	0.0001088214556	0.00018791245324	0.00018055523648	0.000169038695777	0.000186793057073	0.000225156877133	0.000214751284427	0.00030386077659	0.000283339927201	0.000171754979524	0.000242308291999
b3298	0.001079464562911	0.000489250740476	0.001153410369091	0.001339519253714	0.000497890229916	0.000607066304784	0.001942373506522	0.002325769971836	0.001221961031189	0.001617479932175	0.00191935003957	0.002102764139555	0.001025126953492	0.000963602167417	0.00117540863552	0.001628492919356	0.000966627551876	0.001386018080679	0.00149679206252	0.00162664857918	0.001567201055658	0.001366384715727	0.000944152501381	0.001956396406366
b2079	3.42E-05	3.23E-05	4.05E-05	4.05E-05	3.41E-05	3.50E-05	7.21E-05	7.22E-05	5.33E-05	5.81E-05	6.91E-05	9.08E-05	5.85E-05	6.01E-05	4.14E-05	4.14E-05	4.80E-05	4.77E-05	3.76E-05	5.78E-05	7.78E-05	4.51E-05	3.77E-05	3.92E-05
b0156	7.68E-05	6.54E-05	9.28E-05	7.16E-05	8.71E-05	6.52E-05	0.000137932371013	0.000118323791705	0.000175249101794	0.000173316614529	0.000238223094528	0.000213677966213	0.000111801316788	9.01E-05	0.000129547083515	0.000130434812912	0.000139005487037	0.000110829962131	0.000125062122255	0.000138375467502	0.000209898463754	0.000152364326602	0.000161879390426	0.00017406165715
b0192	3.12E-05	2.94E-05	3.96E-05	3.96E-05	6.70E-05	4.78E-05	5.46E-05	4.32E-05	3.97E-05	3.93E-05	4.02E-05	4.12E-05	4.48E-05	4.01E-05	3.24E-05	3.25E-05	4.71E-05	4.73E-05	3.26E-05	3.26E-05	5.85E-05	5.60E-05	4.76E-05	3.85E-05
b1088	7.19E-05	5.80E-05	7.49E-05	7.65E-05	8.20E-05	7.19E-05	0.000188533687658	0.00018909918821	0.000122297138162	7.99E-05	0.000148294471626	0.000165948136618	0.000152549720651	0.000113085929062	8.18E-05	0.000138807075008	0.000119274563196	7.24E-05	0.000170169548628	0.000106384228231	0.000130324969258	0.000138117496148	0.000120649021538	0.000142085718637
b3052	0.000302931306605	0.000222557994906	0.000345060639784	0.000371047312517	0.0004185363382	0.00038760424552	0.000570757881599	0.000466483172671	0.000419489455773	0.000447326518726	0.000508768635829	0.00057833792454	0.000403200403259	0.000436021914398	0.000489740918196	0.00046612406759	0.000485922379319	0.000461585757563	0.000432276708788	0.000463554288006	0.000545293634412	0.000451755496562	0.00044203572416	0.000397816004431
b2662	0.000555352605947	0.000691828573836	0.000321543103512	0.00032057349332	0.001165398896903	0.000574292972344	8.13E-05	0.000124748159612	6.44E-05	6.36E-05	6.86E-05	0.000100227441928	7.44E-05	7.83E-05	0.000113403764818	0.000103987870473	8.24E-05	7.65E-05	0.000146236238896	0.000179219312532	0.000170995000004	0.000173381222731	0.000153099774727	0.000124263446828
b0006	7.20E-05	5.76E-05	0.000108519285713	0.000123364584681	9.95E-05	8.42E-05	0.000138591365334	0.000141270390334	0.000106400983494	8.90E-05	5.88E-05	0.000138714846267	0.000114575759292	0.000139694216313	0.000130449037935	9.92E-05	0.000108360206557	9.25E-05	0.000128203869361	0.000132196759669	0.00010084960107	9.39E-05	0.000119640998709	9.61E-05
b0604	3.69E-05	4.25E-05	3.62E-05	3.61E-05	3.30E-05	3.39E-05	3.62E-05	3.59E-05	6.08E-05	4.33E-05	3.64E-05	3.73E-05	3.42E-05	3.29E-05	5.13E-05	5.14E-05	4.33E-05	4.36E-05	5.08E-05	4.44E-05	7.19E-05	4.12E-05	4.10E-05	4.27E-05
b2320	0.000183339309329	0.000163837208958	0.000326372967388	0.000347842835319	0.000287275943127	0.000271134204374	0.000389474089106	0.000389372413894	0.000315128113804	0.000298277495903	0.000368543433599	0.000495225473199	0.000342067543165	0.00035722678821	0.000300685175193	0.000230422931471	0.000362924983027	0.000370046840107	0.000323305245991	0.000262163567834	0.000311479392976	0.000404433002853	0.000328785912762	0.000289773981345
b0166	0.001166381632568	0.001636539853003	0.001418446024937	0.001516344783038	0.001294631337468	0.001253423792485	0.003638230017037	0.002959710749302	0.003614980917466	0.003971709221315	0.005814612571159	0.004604659261407	0.004706409621519	0.003585872436961	0.003389237338921	0.003372455996283	0.003416505711498	0.003257369494705	0.002268094061317	0.002671280700354	0.002105897981268	0.002263092894796	0.002033683505348	0.00183376694097
b3401	0.000217142015597	0.000312551263492	0.000220652240705	0.000239460562327	0.000295182042526	0.000280793799406	0.000265012311501	0.000237304367822	0.000257051959242	0.000261230319144	0.0002630119559	0.00028997446123	0.000289604802262	0.000285038547812	0.000297901497025	0.000240911844543	0.000285769937354	0.000274992066939	0.000313245203996	0.000421354415597	0.000268890711478	0.000251909593534	0.000272982156784	0.000262984601999
b1035	3.42E-05	3.23E-05	0.000131709995856	0.000127470743279	4.87E-05	6.28E-05	0.00013581439585	0.000132177525154	0.000114505670049	6.23E-05	9.15E-05	0.000143528133924	6.85E-05	3.98E-05	9.52E-05	0.000104343525329	8.38E-05	5.99E-05	0.000118438511245	7.08E-05	0.000152170094147	0.000120406778644	0.000105057519504	0.000129344461566
b3296	0.00305186161565	0.002737884883245	0.001851858200322	0.001999072021057	0.002046748056681	0.00157221865705	0.005550472567014	0.004956270357121	0.003544894092756	0.002769737111029	0.005181823838924	0.005095407509826	0.004625756895352	0.003117264428345	0.003719070951687	0.004064751454122	0.003205123795176	0.003575950469925	0.003836479128751	0.003434577094551	0.00312816536987	0.004211017956009	0.003348472498961	0.003775403924202
b3639	0.000249486295128	0.000282970076154	0.000192896391814	0.000220149739043	0.000320418203227	0.000348594785108	0.000215006208088	0.000224821112757	8.09E-05	0.00014653588934	0.000140263091195	0.000175230616676	0.00017817050212	0.000209656007675	0.000143169341163	0.000139478782567	0.000220141490411	0.00014937590627	0.000187267857156	0.000159500150346	0.000140967727009	0.000129585107266	0.000173631390398	0.000141082010385
b3737	0.000418119930218	0.000210435060036	0.000387671915644	0.000352713591509	0.000366530790205	0.000326097607702	0.000224423771822	0.000215448188419	0.000275229265259	0.000190420325655	0.000192558272791	0.000204840682302	0.000230111713722	0.000236836074117	0.00026697746083	0.000310273977811	0.000204721899063	0.000227127857113	0.000290857696806	0.000243161068335	0.000487958280142	0.000484656188942	0.000403806174603	0.00049847161414
b0652	5.02E-05	6.92E-05	6.64E-05	7.86E-05	0.000105917349622	0.000102653460086	4.64E-05	4.61E-05	3.89E-05	3.85E-05	4.46E-05	5.04E-05	4.30E-05	4.39E-05	3.46E-05	3.47E-05	3.83E-05	3.48E-05	4.83E-05	4.57E-05	5.51E-05	7.77E-05	8.85E-05	5.75E-05
b3213	0.001553161169354	0.001811490083962	0.000965335328795	0.000929856641318	0.000927972017903	0.00091811253502	0.001540559080725	0.001396095243369	0.002267430810417	0.002839474013539	0.002785212381935	0.002697467984678	0.00219252148895	0.002427031378192	0.001917615407837	0.001776995564694	0.002205235561363	0.002159822549075	0.002528214288511	0.002471992498934	0.003010510910648	0.003379499076477	0.003246635051736	0.003344743921048
b1867	5.30E-05	4.49E-05	7.19E-05	8.95E-05	6.08E-05	6.41E-05	7.01E-05	5.64E-05	5.26E-05	5.33E-05	4.01E-05	4.26E-05	7.01E-05	8.28E-05	7.48E-05	4.24E-05	9.08E-05	6.42E-05	5.63E-05	6.42E-05	5.94E-05	3.70E-05	5.65E-05	4.56E-05
b3232	0.000104310227446	0.000180435158995	0.000105800452189	0.00011359141948	0.000100289614108	8.52E-05	7.95E-05	8.09E-05	5.96E-05	5.89E-05	6.45E-05	0.00012503876148	6.58E-05	8.04E-05	0.000142406645955	0.000142510870182	5.82E-05	5.86E-05	0.000140431713764	8.57E-05	6.38E-05	9.72E-05	7.83E-05	7.05E-05
b1190	9.41E-05	6.90E-05	0.000104844230562	0.000113201276591	8.72E-05	7.77E-05	0.00017075915153	0.000115202983664	4.87E-05	4.81E-05	5.19E-05	5.32E-05	7.33E-05	8.72E-05	4.88E-05	4.88E-05	4.76E-05	4.79E-05	6.70E-05	6.70E-05	5.21E-05	4.99E-05	0.000131279654672	0.000116278415116
b3540	0.000434232963729	0.000461255062673	0.000236543914699	0.000301978959066	0.000300807385963	0.000320516023815	0.000412992695993	0.000400839335215	0.000393363827218	0.00039550319228	0.000325892956658	0.000345944965254	0.000282307842842	0.000296756485262	0.000161098462821	0.000140295159215	0.000209547266201	0.00020762564041	0.000339631294394	0.000319036223411	0.000343753181657	0.000310969504602	0.000410575210236	0.000472487106503
b3359	0.00084440083914	0.000887213194691	0.000749159400721	0.000876177766779	0.000819565232569	0.00089134176953	0.001060954399785	0.001489945989225	0.001066984750809	0.001123145497222	0.001026388758859	0.001341631071804	0.001097172569864	0.001145768789264	0.001258159821385	0.001413000141516	0.001096462631045	0.001110284244139	0.00091343486031	0.000960376752953	0.00113526151031	0.000905163864562	0.000843109406164	0.00131860563679
b0223	3.45E-05	3.26E-05	4.79E-05	4.78E-05	4.35E-05	5.11E-05	5.81E-05	5.93E-05	4.06E-05	5.22E-05	4.92E-05	5.62E-05	5.78E-05	6.16E-05	3.56E-05	3.57E-05	4.24E-05	4.26E-05	3.99E-05	3.99E-05	4.41E-05	4.22E-05	4.67E-05	4.86E-05
b2796	0.000100716698321	0.000156758361598	0.000108747181625	0.00010859757667	8.80E-05	7.96E-05	0.000149910500815	0.000156296850035	9.97E-05	9.86E-05	6.27E-05	6.42E-05	5.88E-05	5.66E-05	0.000124396435273	9.94E-05	9.34E-05	0.000103514531146	9.13E-05	0.000111018502424	0.000134152745098	0.000128401025936	6.29E-05	6.54E-05
b3844	0.000213729613084	0.000158121665162	0.000210063189457	0.000219446788428	0.000219013775804	0.000200377425248	0.000180151458968	0.000194415125072	0.000202190988004	0.000168567185959	0.000144783586247	0.000210161164178	0.000184071284139	0.000191364508666	0.000194750735428	0.000165086063253	0.000196416236303	0.000214218809925	0.000209731682806	0.000214483832699	0.000251197818671	0.000153639267649	0.000217129874747	0.000192724345715
b1871	4.97E-05	5.06E-05	6.02E-05	6.65E-05	6.51E-05	4.84E-05	0.000157982685115	0.000145771009011	4.68E-05	4.63E-05	6.49E-05	0.000110974932888	9.33E-05	0.000129691049842	5.09E-05	5.09E-05	6.03E-05	4.56E-05	8.75E-05	7.04E-05	0.000101089213534	9.68E-05	0.000128518144329	8.75E-05
b1412	0.000117978432487	3.67E-05	0.000125904844054	0.000154919336072	7.60E-05	6.70E-05	0.000178918504086	0.000195669975139	0.000187642377733	0.000195610522856	8.78E-05	0.000159790335657	0.000178615145994	0.000119531880635	0.000156476672177	0.000141215925653	0.000162797667859	0.000144315983658	0.00013359227981	0.000153303304194	0.000185827835671	0.000183668270067	0.00012998399491	0.000107614113079
b3176	0.000565248048598	0.000602835441617	0.000579099498813	0.00062923290211	0.000597202053522	0.000604200031369	0.000804729121508	0.000782858804977	0.000712432732718	0.000755306194838	0.000671518653717	0.000755862231932	0.000716254780917	0.000702888389023	0.000865495922226	0.000910785908957	0.000821560150526	0.000722742864246	0.000707932949045	0.000734590513289	0.000846945239184	0.000861098320762	0.000649363136856	0.000656275914693
b3871	0.000974614752901	0.001304898029978	0.001034826684091	0.001052798762216	0.001147702110157	0.00089675757322	0.002521787155528	0.002488843811487	0.003024947938157	0.004730213704727	0.002870425907785	0.002868613309115	0.002829576872457	0.002976012430084	0.002208958614454	0.00218115000647	0.003015511363162	0.003013256001823	0.002868038203003	0.002606555490821	0.002819585093925	0.002536143081942	0.001824190821205	0.00166683496816
b1211	0.00024385215112	0.000120451178889	7.38E-05	8.49E-05	0.00016566025547	0.000170902748839	0.000171096944385	0.000170267666029	0.000109505116544	0.001345859615616	0.000136478445847	0.001142683871614	0.000167073364813	0.000166649113353	0.000164495296247	0.000950965351171	0.000143218952785	0.000190115309859	0.000146458252214	0.000207477718893	0.001335221263244	0.000195114058124	0.001137465893536	0.000122265422554
b3201	9.70E-05	0.000147586823616	0.000138491323729	0.000151883913582	0.000163523013598	0.000179137551333	0.000135131414394	0.000179222562741	0.00017787451989	0.00011843081048	9.31E-05	0.000146068626952	0.000155247157731	0.000165070230954	0.000134549501455	9.63E-05	0.000178343031603	0.000134944303619	0.000197608510983	0.000210753012701	0.000188031474198	0.000216802145218	0.000178965749131	0.000140639048572
b0411	0.001205474359205	0.000617225996701	0.000454452649881	0.000528498125474	0.000667910535943	0.000895854142529	0.00055612556783	0.000590768223584	0.000762851910965	0.000620856231782	0.000626572607255	0.000625935094918	0.000493196825179	0.000632265044499	0.000954944352127	0.000803400663057	0.000636921812865	0.00069088219885	0.000438134946463	0.000312796840689	0.000161547176046	7.39E-05	0.000566408689547	0.000418870209297
b3506	7.32E-05	7.28E-05	4.50E-05	6.64E-05	0.000447792916658	0.00071694060212	0.000111022428623	0.000114264136237	5.96E-05	7.46E-05	2.78E-05	2.84E-05	9.45E-05	0.000103163638907	2.61E-05	2.61E-05	6.12E-05	5.32E-05	5.96E-05	2.64E-05	0.00048259869355	0.000401006970294	0.000551892743606	0.000600858654213
b0053	0.000357599821785	0.000442460551645	0.000535028318834	0.000608363373263	0.000390144321747	0.000368719947269	0.000537916678803	0.00049703357552	0.000555492780535	0.000536117266262	0.000461890461211	0.000521596193043	0.000490538234439	0.00040384831248	0.000502627710397	0.000426565033621	0.000486313654654	0.000375858013206	0.00053784656145	0.000461772541004	0.00056135842088	0.000559479501152	0.000564258964152	0.000446394351898
b2580	6.74E-05	4.31E-05	6.43E-05	6.63E-05	4.74E-05	4.64E-05	7.68E-05	6.94E-05	6.24E-05	4.87E-05	6.09E-05	7.67E-05	6.17E-05	5.93E-05	5.36E-05	4.24E-05	4.95E-05	4.40E-05	4.94E-05	5.37E-05	8.01E-05	4.97E-05	4.28E-05	4.95E-05
b2527	3.62E-05	3.42E-05	2.67E-05	2.67E-05	4.07E-05	3.03E-05	7.90E-05	7.96E-05	3.14E-05	6.64E-05	5.10E-05	7.45E-05	3.32E-05	3.19E-05	3.41E-05	3.41E-05	2.47E-05	2.48E-05	3.81E-05	3.39E-05	5.41E-05	4.30E-05	2.72E-05	2.83E-05
b3193	3.21E-05	4.16E-05	0.000102285886142	0.000102370656105	4.72E-05	4.64E-05	0.000118578826066	0.0001383050244	0.000150830378065	0.000332092089151	0.000144386460642	0.000181235814317	0.000105067209314	7.58E-05	5.02E-05	5.02E-05	3.54E-05	4.47E-05	5.78E-05	7.77E-05	9.69E-05	5.40E-05	0.000133001583933	0.000116485662249
b2763	0.001446598356849	0.001736572084882	0.00109176239106	0.001262018844767	0.001122196846049	0.001061098538963	0.001533651858915	0.001749965802098	0.002735391171459	0.002130660017523	0.002582408872521	0.002468231572212	0.002204736366704	0.002142756717056	0.001792240622022	0.001968993333214	0.002447529070272	0.002327618929623	0.002049480121365	0.002384627813586	0.002084374184094	0.001999298220104	0.001915996927465	0.001638050703363
b0774	5.71E-05	5.38E-05	9.66E-05	7.80E-05	0.000180571600133	0.000114679749131	0.000161661704707	0.000185373009021	5.88E-05	5.82E-05	6.93E-05	0.000136316175319	8.06E-05	9.93E-05	7.34E-05	7.91E-05	5.75E-05	5.78E-05	0.000104129419118	8.17E-05	0.000139250632761	0.000133280344697	0.00012411903099	0.000105554415181
b3011	0.000140706860567	8.44E-05	0.000312701934782	0.000355427313997	0.000204503804821	0.000267261504129	0.000323967069966	0.000289703976648	0.000196813048834	0.000254532858343	0.000228347792196	0.000250473406242	0.000219970680741	0.000240728388514	0.000184233576251	0.000194943159531	0.000306571922859	0.000232705446868	0.000298754866582	0.000208119063316	0.0002452204998	0.00028409402263	0.000237934373752	0.000277534560221
b3744	0.000174064101567	0.000293601914587	0.000283662484486	0.000274828960178	0.000201607020505	0.000191857309498	0.00071846082759	0.000739050341155	0.000671027872454	0.000583439958717	0.000416345113997	0.000501125297916	0.000652505416345	0.000727205268069	0.000270799438665	0.000201346836394	0.000442120718558	0.000460563525112	0.00054816643331	0.000445894079427	0.00044966970031	0.000452094175823	0.000468550880277	0.000429960154757
b2614	0.000120124450704	9.89E-05	0.000307996861162	0.000237521792556	8.09E-05	8.35E-05	0.000145367852067	0.000165984345685	0.000118776931667	0.000113003415607	0.000237744801513	0.000338506981428	0.000100109866471	8.65E-05	9.33E-05	7.38E-05	7.47E-05	5.25E-05	7.78E-05	7.69E-05	0.000182957669187	9.04E-05	0.000160291432246	0.000208166044686
b3809	6.77E-05	4.76E-05	8.19E-05	8.98E-05	0.000110462570131	8.98E-05	7.77E-05	8.13E-05	0.00010337402984	8.89E-05	7.51E-05	0.000103890219081	0.000108420245205	0.000139783077435	9.50E-05	7.82E-05	0.000105817470519	7.15E-05	6.48E-05	9.82E-05	7.34E-05	0.000144462168069	9.82E-05	8.16E-05
b0863	0.000423569192654	0.000258176821945	0.000757603037686	0.000758732144224	0.000341674179433	0.000489028544083	0.000371302732618	0.000358011857087	0.000300232316131	0.000297211873935	0.000360344270795	0.000401539149303	0.000255877822612	0.000159930922948	0.000114623647149	0.000120001731667	7.40E-05	6.00E-05	0.000121755468025	0.000146241636256	0.000279160777642	0.000169101195982	0.000249498410993	0.000282305595006
b4005	0.000642391061319	0.000652158862315	0.000482198590756	0.000525455469371	0.000784735546473	0.000654370820917	0.000824224027867	0.000813259823094	0.000884152419236	0.000868461210884	0.000890052913511	0.000914592007841	0.000770270022742	0.000778472322521	0.000916516830899	0.000833898143403	0.000741017991318	0.000700820311002	0.000646977581119	0.000513175077672	0.000832315127381	0.000785850966745	0.000717933255254	0.00067756130173
b0068	0.000212674923953	0.000148995109074	0.000250270266102	0.000248259792837	0.000302956935969	0.00025227332171	0.000220721180457	0.000257149029024	0.000225032895928	0.000197606968933	0.00018943917	0.000265085293042	0.000150697466923	0.000157467962098	0.000194179248795	0.000165884091414	0.000242181087787	0.000184794282548	0.00022706050536	0.00021357917297	0.000368961426121	0.00028970608501	0.000277303050405	0.000248931474574
b3998	8.25E-05	3.08E-05	3.27E-05	3.27E-05	0.000197339059649	0.000202540041329	7.40E-05	4.07E-05	7.02E-05	6.94E-05	0.000116066201349	0.000118909746188	0.00026107893415	0.000251115402715	5.74E-05	5.74E-05	0.000418731279833	0.00042132378359	3.19E-05	3.19E-05	3.31E-05	3.17E-05	4.80E-05	4.99E-05
b2500	5.60E-05	8.30E-05	8.68E-05	8.19E-05	0.000103093233869	9.42E-05	0.000143710143754	0.000145018726464	9.65E-05	7.81E-05	0.000122811470935	0.000172276985623	0.000131059174602	0.000119474297705	0.00010575674239	9.85E-05	8.73E-05	0.000109287116499	9.76E-05	0.00010126238717	0.000115832839494	8.62E-05	0.000148944934856	0.000135459930475
b3175	1.38E-05	1.30E-05	1.51E-05	1.51E-05	1.38E-05	1.41E-05	1.57E-05	1.56E-05	2.92E-05	3.56E-05	2.57E-05	2.16E-05	1.62E-05	1.98E-05	1.92E-05	1.46E-05	1.80E-05	1.94E-05	1.68E-05	1.68E-05	2.64E-05	1.46E-05	1.89E-05	1.97E-05
b0574	0.000614373501366	0.00066165568853	0.00050694164139	0.000688430920351	0.000292264720068	0.000356510919301	0.000655336945871	0.000616900543794	0.000735356767714	0.000775476446795	0.000473444806886	0.000532493835959	0.000761705501016	0.00061316477183	0.000622306805308	0.000680344781902	0.000809931266566	0.000890412554433	0.00095013055318	0.001026573289851	0.000950612078603	0.000826691024107	0.000757954434927	0.000673850401292
b2303	4.65E-05	6.60E-05	9.81E-05	9.99E-05	9.91E-05	8.76E-05	0.000144603309738	0.000137060434085	6.29E-05	4.75E-05	0.000126927244004	0.000204104273709	6.82E-05	5.16E-05	0.000110347385243	0.000112119942126	8.13E-05	5.70E-05	9.81E-05	9.20E-05	0.000103399887367	5.70E-05	9.12E-05	9.01E-05
b1193	5.45E-05	5.14E-05	4.00E-05	6.71E-05	4.08E-05	2.96E-05	5.44E-05	5.14E-05	3.56E-05	3.64E-05	4.98E-05	5.87E-05	2.96E-05	2.85E-05	4.58E-05	5.17E-05	2.89E-05	2.91E-05	6.83E-05	6.83E-05	6.93E-05	6.80E-05	4.77E-05	5.98E-05
b0391	6.56E-05	4.62E-05	5.61E-05	6.47E-05	6.51E-05	6.24E-05	6.73E-05	7.03E-05	0.000131159026294	0.000107763037002	7.69E-05	8.79E-05	7.77E-05	9.19E-05	8.21E-05	8.00E-05	0.000123779542378	0.000107881309858	0.000104644391852	9.82E-05	0.000100950204218	8.66E-05	6.85E-05	4.86E-05
b0179	0.000130365846875	9.67E-05	0.000244832760535	0.000259854769026	0.0002741872137	0.000219050453251	0.000336382264056	0.000316095481543	0.000233288094291	0.000133613078193	0.000331105163439	0.000335357407904	0.000338486981825	0.000347878963331	0.000190754890937	0.000146024452699	0.000407100085486	0.000190332652498	0.000144609265085	0.000154648459641	0.000150608258877	0.000199717613398	0.000346480606916	0.000284320840388
b0887	8.95E-05	9.93E-05	0.000129815638482	0.000173099181527	0.000167273253093	0.000221638432678	0.000149370323	0.000223479375418	0.000134705834723	0.000128312300834	0.000194955661645	0.000249277854912	0.000157550022463	0.000152220056546	0.000119990627375	8.38E-05	0.000261128236559	0.000153325975894	0.000150301202803	0.000123756778552	0.000217199324549	0.000163547490747	0.000157693936253	0.000107224317349
b2186	0.000275646344774	0.000182247094359	0.000231219999522	0.000254427761753	0.000202872450377	0.000210264643586	0.000167139320972	0.000174104847486	0.000120772774267	0.000121479244618	0.000110709605319	0.000204789572566	0.000140698183268	0.000141281608143	0.000182040418264	0.000190435493077	0.00033585139157	0.000307946494596	0.000242082474245	0.000327544964242	0.00029715026179	0.000193551018478	0.000205843498861	0.00018747627047
b4349	0.000286053879446	0.000323039856188	0.000255157501892	0.000258905242023	0.000326231414289	0.000282231700348	0.000286710676757	0.000292692816344	0.000381978471462	0.000291474552841	0.000320322686377	0.000316878495403	0.000353245580348	0.000370878685308	0.000613603115402	0.000483857586198	0.000276570080028	0.000261763369234	0.000559221423055	0.000495884968224	0.000511629379015	0.000449934961461	0.000387042169241	0.000330621287242
b0599	0.000135624695782	0.000179392065868	0.000134819475131	0.000127879788017	0.000231100066851	0.000225775236957	0.000267013662345	0.000235004420065	0.000100967519187	0.000112915231703	0.000108975261743	0.000161885370743	0.000136036895138	0.0001210011687	0.000153590252142	0.000141748009957	0.000136517039787	0.000130242876378	0.000234647824843	0.000228716109091	0.000130058227331	6.25E-05	0.000188149142664	0.000196135070477
b1983	7.17E-05	0.000114058023601	0.000188861453054	0.000171618548312	0.000115029129654	7.25E-05	0.000323220134356	0.000306856025582	0.000242713908573	0.000188182694122	0.000189585104077	0.000234245464097	0.000240416237324	0.000171802481332	0.000218222144579	0.000178830161893	0.000128889353375	0.000126084923576	0.000195582943456	0.000183954420295	0.000120180557804	0.00021618306563	0.000268287458679	0.000331350839325
b3321	0.001199896909815	0.001099485359601	0.001084156425555	0.001044543884186	0.000832679811182	0.000786971400691	0.001505600387354	0.001459414857762	0.001558571477165	0.001850648574631	0.001901344569054	0.001940943432445	0.001382424945674	0.001018122951222	0.001713117509726	0.001948551217385	0.001049351771115	0.001777139882732	0.001467404735436	0.001879757542314	0.001697037029179	0.0017207874891	0.001548897267072	0.001593672161302
b0819	0.000218544001573	0.000244019047418	0.000315193725937	0.000350074658599	0.000321673253381	0.000259507440412	0.00077284090831	0.000649469186354	0.000529871913072	0.000408735412314	0.000614293434755	0.000591273304898	0.000436607612401	0.000455960696521	0.000556824853244	0.000554320650579	0.000648237027093	0.000375927614701	0.000682981123927	0.000494624775319	0.000444264224768	0.000423354941167	0.000430302847931	0.000421232130983
b3189	0.000236553871993	0.000308502773255	0.000238829517611	0.000261215333466	0.00034193248161	0.000303440793311	0.000484524731891	0.000499850655981	0.000379017831931	0.000387880425601	0.000472159300035	0.000928520963849	0.000940666500528	0.000474485884856	0.000449022823014	0.000480678787132	0.000518689128049	0.000398507284473	0.000582624317282	0.000567559177977	0.000498597909366	0.000529800239371	0.000473722553183	0.0003872656941
b3523	0.00020722432877	0.000261847180947	0.000180778691653	0.000207174478754	0.000657652350317	0.000391613924249	0.000235845386251	0.000214602583355	0.000432155791149	0.000337333114424	0.000309808150041	0.000365710189029	0.000434131515463	0.000513657953279	0.000388472436946	0.000409380451529	0.000464421911443	0.000338841116527	0.000559943408505	0.000393677087987	0.000580295299978	0.000692027649713	0.000638172216529	0.000581840006184
b0751	4.05E-05	4.28E-05	4.14E-05	3.82E-05	4.98E-05	5.11E-05	5.42E-05	4.05E-05	5.03E-05	4.98E-05	3.79E-05	3.89E-05	4.36E-05	4.25E-05	3.36E-05	3.36E-05	3.59E-05	3.62E-05	3.40E-05	3.40E-05	5.39E-05	3.74E-05	3.59E-05	3.73E-05
b2916	7.43E-05	8.08E-05	0.000107329723956	0.000131857077711	7.69E-05	9.09E-05	0.000190393654015	0.00019317060346	0.000146275464186	0.00017568734103	0.000134131118746	0.000174061839945	0.000125243132368	0.000114492996504	0.000114705587445	0.000105650243471	9.52E-05	9.68E-05	0.000120622430732	0.000125867548028	9.73E-05	0.000105090145412	6.67E-05	0.000111553032629
b3961	0.000100426180714	6.39E-05	0.000183838573175	0.000196219516131	0.000107996739057	0.000146060746389	0.000207226507612	0.000225284267258	0.000107205602122	0.000181015623317	0.000141732328167	0.000183953114903	0.000124886282751	0.000138461975181	0.000164968864882	0.000121290319756	0.000129186914275	0.000157893513727	0.000182627420671	0.000112210897831	0.000188858794423	0.000127528830752	8.99E-05	0.000139571400441
b3256	0.000855042831443	0.000872856797515	0.000785631893377	0.001354927116141	0.002027482636385	0.001435998838599	0.000993004442687	0.00097533329116	0.001138421996978	0.001123742231297	0.001290689729418	0.001249533790657	0.000940484061271	0.001624954408643	0.001384446253013	0.00144201985868	0.001350078679283	0.00163213275848	0.001573464733014	0.00120716456715	0.001307537303488	0.001444351526105	0.001711098498078	0.002191844843708
b3019	0.000156060990077	0.000178131924374	0.000244635073115	0.000637300500957	0.000618375118438	0.000146881405952	0.00049231868158	0.000870644320034	0.00087795748135	0.00033881744288	0.000452779117501	0.000476840366996	0.00049382894819	0.000512805719615	0.000417198513113	0.00037172492027	0.000538204206316	0.000513696226349	0.000436469968181	0.000455238864053	0.000479518985815	0.00034281494159	0.00039956943244	0.000616680708208
b3526	0.000324742202105	0.000330335602273	0.000275777906482	0.000325862163488	0.000514995425431	0.000548403509005	0.000269199272229	0.000220498253437	0.000285359992677	0.000138361385872	0.000147534520266	0.000271987404078	0.000307132607052	0.000271536294983	0.000127504338574	0.000116469953567	0.000207553603913	0.000191374778742	0.000146039948791	0.000173911155541	0.000217656019415	0.000184038636263	0.000381930967449	0.000328856978012
b1117	9.44E-05	0.00012891521721	9.27E-05	0.000121891092932	7.75E-05	6.69E-05	0.000117693159667	0.00011651230431	8.51E-05	8.42E-05	0.000106368798279	0.000127137223714	9.49E-05	8.73E-05	4.39E-05	4.39E-05	3.20E-05	3.22E-05	0.000120071421182	6.98E-05	0.000150555284047	8.90E-05	0.000118875303179	0.00011375653466
b0112	0.000632283235975	0.000374755747047	0.000434441951633	0.000600399279598	0.000565512321661	0.000530436387963	0.000360614785303	0.000491599662964	0.000275092125255	0.000429509932024	0.0004097850729	0.000480137355517	0.000570246823265	0.000780495594469	0.00049186910674	0.000378262049617	0.000599939117647	0.000470040630473	0.000456455908991	0.000632553863209	0.000411843698842	0.000626256298269	0.000534484357862	0.000442612179582
b0928	0.003664052046327	0.003547466879506	0.003700546077612	0.004092956274373	0.002783904609674	0.003505735774704	0.003025474746759	0.003159772298906	0.003188665248226	0.002772641101182	0.003562519222124	0.003719279044045	0.002958456473914	0.002643475005254	0.004594230775738	0.004624719037502	0.00378975807428	0.002990267882583	0.003900533817618	0.003447621576474	0.002810313856624	0.003508211195268	0.003643373284632	0.002770738573942
b0600	9.50E-05	6.17E-05	9.71E-05	0.000133119769513	0.000166153687237	0.000140329410896	0.000136813063691	0.000140698500786	5.43E-05	5.65E-05	7.78E-05	7.98E-05	0.000130760610859	9.92E-05	5.44E-05	5.44E-05	5.31E-05	5.34E-05	0.000123480039704	7.13E-05	6.62E-05	7.30E-05	0.000115156044123	0.000117150498836
b3301	0.00109694079524	0.001510697530684	0.000970186277484	0.000980067136237	0.00087973156768	0.00076552748129	0.001978979004963	0.001779282996543	0.002429182781293	0.002090633427614	0.002321287787388	0.002418800924839	0.001986463743391	0.001692648767199	0.002062887759565	0.001956580297228	0.001866366952522	0.001923016773915	0.002303557073993	0.002224227980489	0.002085856965696	0.002107395495897	0.002165224133259	0.002067771580452
b0835	0.000149991661989	0.000165206837321	0.000201879536997	0.000221590656492	0.000177122224927	0.000149615091983	0.000408456808409	0.000405369519382	0.000266929417929	0.000333990338754	0.000325963716798	0.00042658227739	0.000325610701762	0.000309022530788	0.000305735417105	0.000188990713485	0.000310403418705	0.000279924142199	0.000229102134695	0.000256639255166	0.000296346008614	0.000222701993349	0.00038193530263	0.000355122792032
b2330	0.000166602846568	7.30E-05	0.000262825441521	0.000258835336287	0.000186265987135	0.000221838865782	0.000327519831157	0.000318230792349	0.000270448480137	0.000269729686854	0.000246780216294	0.000304890864479	0.000249717366826	0.000232107726503	0.000218887391079	0.000191141003356	0.000191176873244	0.000231357575409	0.000239503752646	0.000283372129344	0.000251697355675	0.000200624623988	0.000363441793095	0.000207852841078
b2039	0.000322300525687	0.000368230289722	0.000360134712107	0.000351354386251	0.000360025836806	0.000351480796836	0.000215014030733	0.000215635062467	0.000246914584065	0.000217059409086	0.000229748255236	0.000271947896669	0.000279972807973	0.000286783390343	0.000324343503822	0.00022781364544	0.000373501980476	0.000297709493464	0.000402969093814	0.000411855599037	0.000585461711716	0.000520908679748	0.000509405661663	0.00044693481112
b0828	4.10E-05	3.86E-05	7.78E-05	9.15E-05	5.07E-05	9.35E-05	4.47E-05	4.44E-05	4.22E-05	4.17E-05	4.50E-05	4.61E-05	4.23E-05	4.06E-05	5.14E-05	5.14E-05	4.12E-05	4.15E-05	6.53E-05	6.54E-05	7.64E-05	6.57E-05	6.42E-05	6.68E-05
b0055	3.69E-05	3.48E-05	4.62E-05	4.61E-05	5.64E-05	4.89E-05	7.41E-05	8.54E-05	6.90E-05	6.82E-05	6.11E-05	7.86E-05	4.97E-05	4.78E-05	3.80E-05	4.31E-05	5.34E-05	5.37E-05	4.87E-05	4.46E-05	6.82E-05	8.03E-05	5.52E-05	5.74E-05
b3701	0.000246419962486	0.000278973970022	0.00026075683455	0.000403453441829	0.000534193635735	0.000526763114979	0.000278629954468	0.000263046313643	0.000394987961992	0.000346888565756	0.00028238561066	0.000361267604631	0.000263882961399	0.000323653421641	0.000332216713335	0.0002766065996	0.000345702139408	0.000325667536522	0.000454042260328	0.000373476663105	0.000362454475686	0.00034101917727	0.000393054051515	0.000277417005856
b0087	0.000100381734672	0.000120133781692	0.000116362962871	0.000110691281695	0.000172279607059	0.000142749912091	0.000151823333478	0.000156611501502	7.39E-05	7.31E-05	7.78E-05	0.000121947889778	0.000127451941175	0.000143089070012	7.92E-05	6.62E-05	0.000132458678776	0.000101667782912	0.000120335053706	8.91E-05	0.000137318102091	0.000213407766075	0.000167289043797	0.000135791954901
b4024	0.00150357329582	0.001659688220379	0.001033364265482	0.00105933441296	0.001352193859753	0.001306472417233	0.0013282100449	0.001372631557839	0.001964334922938	0.001437913544819	0.001834317572332	0.001916796075369	0.00187311376559	0.001812323975609	0.001043440471651	0.001148094503671	0.001511399200238	0.001418853070586	0.001621255498296	0.001164235755509	0.001407294079809	0.001524274010329	0.001268591404552	0.001305714382773
b4269	0.000108878671297	0.000102688847218	5.30E-05	6.35E-05	5.65E-05	5.17E-05	4.89E-05	4.85E-05	4.61E-05	4.56E-05	4.92E-05	5.04E-05	4.62E-05	4.44E-05	4.62E-05	4.62E-05	4.51E-05	4.54E-05	4.68E-05	4.68E-05	4.94E-05	4.73E-05	4.93E-05	5.13E-05
b2551	0.00305623329956	0.003593611779165	0.005265183835134	0.004848705336142	0.003082048243892	0.003569102215845	0.008919460933397	0.009669842178951	0.006235021968183	0.008387101086479	0.005579506732596	0.006578484460878	0.007621971684891	0.007324913716269	0.007453778519347	0.006366902212813	0.00637076809003	0.005570825382531	0.004464921947323	0.003740483862437	0.005681598147121	0.005255723575186	0.004982201929432	0.004663781139903
b3147	0.000308888620513	0.000382867601773	0.000419154943465	0.000539370442907	0.000286245484778	0.000284337967601	0.000446168495667	0.000419447215422	0.000534122664718	0.000396370858521	0.000482152183605	0.000466233246338	0.000328101852884	0.000541759315129	0.00041885564318	0.000397687091291	0.000669914479183	0.000421288838218	0.000643214884298	0.000645158170154	0.000534732054926	0.000537843547781	0.000422643445351	0.000347731264434
b0949	0.000127300455618	0.000130128531245	0.000138818219065	0.00013862724498	0.000168592689111	0.000136402286985	0.000291023711282	0.000293775300294	0.000294518893975	0.00024389109168	0.000241078078011	0.000241838823901	0.000227988310138	0.000213238299687	0.000240675084313	0.000173161014316	0.000272389225881	0.000229297116198	0.000282012604008	0.000283752458929	0.000361751199213	0.000258473180167	0.000291427291759	0.000206991167584
b3527	0.000335952039663	0.000163411921055	0.000171645553635	0.000258393302585	0.000379165256811	0.00043119708278	0.000426039378232	0.000408831189349	0.000354606976533	0.000232800365264	0.000264433732936	0.000452621575288	0.000122964114337	0.000169541826692	0.000270279017381	0.000185573788181	0.000216967858829	0.000135031709898	0.000195804967828	0.000257318745358	0.000390864837331	0.000277322906682	0.000357196824916	0.000386263015964
b3599	0.000347978533575	0.000324805273349	0.000527641160164	0.000567627898861	0.000621726091811	0.000663842355794	0.000303504336368	0.000290313824987	0.000322229097687	0.000202926919986	0.000332384630357	0.000364793474331	0.000269162660142	0.000276720563423	0.000453257001572	0.000411273578605	0.000706325678178	0.000493702631878	0.000513191631058	0.000506690938241	0.000203130479786	0.00019214300571	0.00026536226029	0.000210057046011
b0594	0.000120047722577	0.000113222930586	7.77E-05	7.76E-05	0.000275948920541	0.000179650790729	7.98E-05	9.68E-05	8.76E-05	8.66E-05	8.03E-05	0.000106920187493	0.000128968541141	0.000144514436402	7.35E-05	7.36E-05	7.17E-05	7.22E-05	7.45E-05	7.45E-05	7.87E-05	7.53E-05	0.000110219881094	0.000114620595598
b1829	0.000212388690174	0.000163690820773	0.000384044508941	0.000292325367346	0.000330678938996	0.00030417727573	0.00027439984228	0.000290602712569	0.000226132250046	0.000184759947227	0.000246207096329	0.000262495713248	0.000187006250064	0.000157092770695	0.000228898174944	0.000207449150267	0.000224322461674	0.000212715816157	0.000296422930847	0.000224197422443	0.000401723778616	0.000221854423696	0.000233629480678	0.000244118156575
b3065	0.000161563795079	6.16E-05	0.000215398431377	0.000211675353084	0.000135431608528	0.000128061092281	0.00023870602803	0.000177433014725	0.000147841807047	0.000183680540461	0.000352070026975	0.000482882882481	0.00014094207196	0.000146087306589	0.000134882806813	0.000181584499274	0.000104978906256	0.000182847208318	0.000204365226074	0.000178900232953	0.000382415702153	0.000112351190988	7.49E-05	0.000175119646432
b0073	0.001230966713374	0.001482671056893	0.001448543072362	0.001500261096048	0.001106848710212	0.000809061882328	0.001553388148078	0.001445718261112	0.001321679959511	0.001656348642206	0.001727217280071	0.002291034962122	0.001139786623498	0.001157654701411	0.002598018221065	0.002903329930414	0.001642130422365	0.002064207557257	0.001810224867991	0.001709326300729	0.001318873683638	0.001164750132129	0.000908144965197	0.000839523597116
b2526	0.00027776978034	0.000423750038744	0.000289270986961	0.000316096669604	0.000680757412674	0.000501302443503	0.000676430694568	0.000896092935435	0.000875023803386	0.000984248896918	0.000632928777378	0.00060390402601	0.000810006872701	0.000573127102277	0.000444235143653	0.000382895457821	0.000710177318049	0.000568986788182	0.000780162799667	0.000667293146316	0.000766395667686	0.000781950345236	0.000732955776426	0.000691408575707
b3398	9.75E-05	9.20E-05	0.000109107099837	0.000108956999738	0.00011056960241	0.00013841575713	0.000106388423389	0.000105584294763	0.000100488401009	9.94E-05	0.000107102417853	0.00010972635595	0.000113595710086	0.000109260567413	0.000100633771371	0.000100707422969	9.82E-05	9.88E-05	0.000163438457262	0.000109894435392	0.000132694711544	0.000127005504703	0.00010745701892	0.000111747421496
b2267	2.10E-05	1.98E-05	3.86E-05	3.51E-05	2.09E-05	2.15E-05	4.12E-05	2.99E-05	0.000522256904824	0.000516497931982	3.38E-05	3.52E-05	2.17E-05	2.08E-05	2.41E-05	2.42E-05	2.67E-05	2.69E-05	2.56E-05	2.56E-05	9.03E-05	8.64E-05	3.31E-05	3.44E-05
b0114	0.005850941688432	0.00678802066527	0.005444537467974	0.005128228566154	0.004678997052942	0.005440467344782	0.008431446459907	0.008820798231566	0.009354169047566	0.009793491353772	0.007451917559378	0.007827807719882	0.010940021979524	0.009051123164583	0.006290457005098	0.008103135563292	0.011100794790459	0.012790337612902	0.00780041689435	0.008006173175468	0.009111251772977	0.00956026769941	0.009267626240628	0.007337853729609
b2938	0.002224562559926	0.002414357059792	0.001130237629483	0.001248701047521	0.001347187695467	0.001453826374619	0.001267849021907	0.001487580211879	0.00134894097086	0.001147695057553	0.001330433500141	0.001720053698024	0.001527636536984	0.001622861928056	0.001749304845699	0.001384971908921	0.001498044648316	0.001619735175685	0.001779177890768	0.001445818274226	0.00172272449857	0.001804915408402	0.001674145682654	0.001781289436414
b4059	0.000190268618614	0.000176612296506	0.00030750463229	0.000342488866812	0.000249143262192	0.00032199704621	0.000330365669908	0.000325044046065	0.00028991804517	0.000289584214137	0.000296437306083	0.000370987962444	0.000341334808023	0.000358570994985	0.000252854513924	0.000254283010168	0.000228693246725	0.000191893152934	0.000203881050447	0.000239243324109	0.000294825416198	0.000258015842497	0.000196583855087	0.000210411708742
b3287	4.37E-05	6.90E-05	0.000104334111897	9.93E-05	7.43E-05	5.89E-05	0.000160562196289	0.000166209441887	9.44E-05	8.94E-05	7.66E-05	0.000144899850221	0.000142953485504	0.000105861264888	0.000145759955421	0.000104280922036	0.000133348167391	0.000121336156177	0.00011900656643	0.000113082598908	0.000101532367015	7.80E-05	9.89E-05	8.85E-05
b1712	1.43E-05	1.35E-05	3.88E-05	3.70E-05	4.09E-05	4.20E-05	2.03E-05	3.19E-05	3.22E-05	4.42E-05	3.49E-05	2.81E-05	2.08E-05	2.50E-05	2.54E-05	2.38E-05	2.66E-05	2.36E-05	1.90E-05	2.76E-05	3.50E-05	2.85E-05	2.05E-05	2.13E-05
b2752	0.000276913776228	0.000356301897306	0.000300344619799	0.000263453284584	0.000384894102369	0.000228726358079	0.000580569888901	0.000654751927882	0.000412621928117	0.000339427843197	0.000526837026187	0.00064903295908	0.000494795383177	0.000449698594821	0.000476200153381	0.000516132958564	0.000512139445112	0.00050362437477	0.000618472680696	0.000607895327029	0.000687219706213	0.000553568345834	0.000567538039177	0.000683589101746
b1807	4.85E-05	8.74E-05	7.03E-05	9.02E-05	5.65E-05	4.98E-05	8.37E-05	0.000102936649062	0.000113610576508	7.33E-05	8.80E-05	9.35E-05	8.43E-05	8.03E-05	3.35E-05	3.36E-05	0.000113942837863	0.000114648295634	5.46E-05	0.000106944237776	9.35E-05	7.82E-05	0.000109164194581	9.06E-05
b0471	0.000151106335295	5.15E-05	0.000229497342652	7.65E-05	5.56E-05	6.71E-05	9.09E-05	0.000106211101463	0.00013264126955	8.82E-05	0.000244085720805	0.000405337989023	6.92E-05	5.76E-05	4.96E-05	6.19E-05	5.92E-05	5.16E-05	5.88E-05	7.68E-05	0.0001617179259	9.30E-05	0.000243353641435	0.000133087416777
b4144	3.64E-05	4.03E-05	6.81E-05	7.23E-05	4.70E-05	5.55E-05	3.74E-05	3.83E-05	7.56E-05	6.43E-05	3.04E-05	4.47E-05	5.53E-05	4.53E-05	4.32E-05	3.63E-05	5.59E-05	3.52E-05	3.42E-05	4.05E-05	5.07E-05	5.62E-05	6.74E-05	4.54E-05
b2579	0.000976021540996	0.00104080199372	0.00099150652945	0.001033578462771	0.000595915474317	0.001042799403276	0.001192208551707	0.00110648741754	0.001242997375	0.001426038830948	0.000739305288187	0.000532198172978	0.001407537550248	0.001188959208191	0.000784291343071	0.000553664703061	0.001041602794672	0.000810254600864	0.000893864746773	0.000701906633544	0.000812885808832	0.000816656209692	0.001337519198696	0.00158116747936
b2262	0.000315856209242	0.000284329997845	0.000313420283274	0.000347239369931	0.000260339900769	0.000263780033468	0.000251468441376	0.000268403037599	0.000261998872958	0.000186831794746	0.000166811129562	0.000254464701785	0.000249492110414	0.000260881081569	0.00016295047939	0.0001340488534	0.000216559122499	0.000180623099356	0.000178685822061	0.000207466636822	0.000381087899362	0.000335766989537	0.000261367099589	0.000233849928243
b2838	0.00010843156654	0.000310486785066	0.000168308616753	0.000178182972252	0.000175177181709	0.000128852420171	0.000320734806434	0.000297160354192	0.000192235914003	0.000224954142598	0.000249942678836	0.000297827963046	0.000273025454708	0.000271327242085	0.000109864016078	0.000152308329228	0.000260079735777	0.000246354646014	0.000159771335383	0.000167514633039	0.000292705325679	0.000191929912188	0.000314269955168	0.000207618786702
b0381	0.000110618561426	0.000116488562272	7.30E-05	8.29E-05	0.000120976634244	9.01E-05	0.00032751440838	0.000352050460471	0.000291355813827	0.000243650337336	0.000115079682805	0.000140356022137	0.000257334914915	0.000272265692757	0.000182789896943	0.000177770897138	0.000347852780295	0.000249763930129	0.000195139182124	0.000206545685786	0.000199647402223	0.000177469898826	0.00016631838277	0.000156758915038
b3559	0.003132916324306	0.003580099283834	0.001746284121509	0.001919950971608	0.00342068859512	0.003730166589206	0.002855513054968	0.003100435391844	0.003437155035198	0.002866929838137	0.002698020859281	0.002724815953615	0.002943682832115	0.003135996843881	0.002642373459126	0.002486588513355	0.003721917063801	0.003308007458542	0.003632489105625	0.002883365895179	0.003124946524409	0.003339411729077	0.003445457841387	0.003719865449417
b2898	0.00065360567984	0.000508065303313	0.00065404066684	0.00071633466641	0.000599813211185	0.000590637614885	0.000652571191151	0.000766255458094	0.000622281575583	0.000681162931694	0.000568071626643	0.000680347293434	0.000652826354097	0.000748723289335	0.00064918052658	0.000699720129755	0.000616018372593	0.000604365537566	0.000687462644686	0.000540913102292	0.000508987396533	0.000500473176312	0.000478675917092	0.000482040616416
b0766	3.64E-05	6.03E-05	0.000118438744215	0.000139148007585	9.07E-05	7.71E-05	6.73E-05	6.78E-05	3.75E-05	3.71E-05	6.98E-05	8.80E-05	6.19E-05	6.91E-05	3.76E-05	3.76E-05	3.67E-05	3.69E-05	3.81E-05	3.81E-05	8.92E-05	8.54E-05	0.000106993946998	7.58E-05
b2309	0.001436478134846	0.001320431608028	0.001446531745029	0.001369411126288	0.001200290734853	0.00117339399724	0.000967820720204	0.000941915093073	0.00093649721359	0.000820260936619	0.00110731257318	0.001173419398619	0.000650328963125	0.000649419186202	0.001576971536723	0.00119518211879	0.000878232321016	0.00077382129831	0.001011008596711	0.001430823458471	0.001448699699573	0.00160935811307	0.001148155191459	0.001092512636315
b4161	0.000214326609526	0.000273693231256	0.000173593430445	0.000205858606068	0.000160246869034	0.0001678614047	0.00028126958924	0.000292158370309	0.000367326624759	0.000333707098349	0.00020303558223	0.000244388217996	0.000245413550117	0.000246739918428	0.000287014798902	0.000230721607719	0.000311295228354	0.000310703343705	0.000266014733824	0.000315134615654	0.000350920671489	0.000348136570192	0.000203707804536	0.000169567941594
b1818	0.000335286174068	0.000216698167867	0.000121448935708	0.000165529043373	0.000242588106787	0.000237025750822	0.000261145756128	0.000183540544098	0.000637891168234	0.000548946935721	0.000254873378272	0.000249607384786	0.000232739781558	0.000423067958509	0.000422859858503	0.000434638979886	0.00031895513243	0.000495309690433	0.000410279681502	0.00040590691606	0.000266799968407	0.000220468935915	0.000203865246192	0.000128609613477
b4376	7.04E-05	4.04E-05	8.14E-05	5.95E-05	3.22E-05	5.74E-05	6.35E-05	6.25E-05	6.68E-05	7.86E-05	8.52E-05	0.000131908623998	3.03E-05	2.92E-05	3.56E-05	3.57E-05	2.56E-05	2.57E-05	2.66E-05	2.66E-05	9.05E-05	4.73E-05	4.59E-05	6.31E-05
b2685	5.56E-05	5.24E-05	5.72E-05	5.71E-05	7.97E-05	8.18E-05	0.000118832381272	0.000141423164448	9.31E-05	7.19E-05	0.000147924095955	0.000162227704827	0.000133799319748	0.000109411596695	6.76E-05	6.95E-05	0.000131042294003	7.55E-05	0.000158258662393	0.000149832603177	0.000219508644243	0.000181925198126	0.000173813537925	9.74E-05
b0839	0.000631936933402	0.000611672503448	0.000634285477765	0.000697708559966	0.000629113342307	0.000645693977555	0.00044679981075	0.000430439611781	0.000442457191612	0.000329476157076	0.000223379598713	0.000292681789765	0.000355365176751	0.000356903157032	0.000525434353253	0.000622504810928	0.000560413420219	0.000522304336105	0.00045699692551	0.000457233094828	0.00049278396263	0.00047360513563	0.000399450506304	0.000360435473702
b3843	0.000232904705986	0.000184162680618	0.000229605673374	0.000288213437982	0.000200392498671	0.000200261482939	0.000111629548889	0.000136253806916	7.09E-05	0.000140233488549	9.82E-05	0.000100575011933	8.98E-05	9.04E-05	0.000121976271673	0.000111134300678	0.000143267119578	0.00011556157823	0.000240332002486	0.000141444825027	0.000325847829197	0.000214959252727	0.000111454801707	0.000115904822497
b1092	0.000748520329234	0.000320805645681	0.000821105025895	0.000766206540661	0.00039421028381	0.000507327625693	0.00092607753285	0.000734222933358	0.00078145395431	0.000624348710999	0.000709009297066	0.000816260826371	0.000462196387366	0.000411224310219	0.000895797373698	0.001249440202817	0.000682691093479	0.000583775997035	0.000836019433452	0.000722438801648	0.00107623594611	0.000995321899266	0.000725712306501	0.000900046473918
b1839	2.71E-05	2.56E-05	4.04E-05	3.59E-05	2.77E-05	2.16E-05	2.87E-05	3.52E-05	7.18E-05	3.54E-05	5.33E-05	6.01E-05	2.67E-05	1.68E-05	1.74E-05	1.74E-05	1.70E-05	1.71E-05	1.77E-05	1.77E-05	6.05E-05	2.66E-05	4.53E-05	4.22E-05
b3389	0.000162035693154	0.00022535700802	0.000209882792045	0.000233330132181	0.000217561110574	0.000223295055757	0.000220263636533	0.000215927522641	0.000166523460033	0.000133677389285	0.000201419296117	0.000245218801781	0.000232432108942	0.000216218552091	0.00020240864976	0.000165187820909	0.000245480640822	0.000218260131747	0.000323639271902	0.000262313385926	0.000342680552249	0.000269341407907	0.000265974394849	0.000211097196116
b3600	0.000383795041133	0.000219976369344	0.000376288089226	0.00038951234435	0.000291754870433	0.000391101755588	0.000322290416547	0.000304309202552	0.00024165063762	0.000191543457928	0.00029004889201	0.000278552119457	0.000222145268552	0.000178272125007	0.000365469717991	0.000339677298509	0.000309231381386	0.000256937790582	0.000284225187135	0.000215212782991	0.000167123704956	0.00013559689877	0.000229163754718	0.000223356589363
b2517	0.000216018806366	0.000237264500664	0.000127224190445	0.000152359742544	0.000215664720308	0.000168690997878	0.000741203919678	0.000250134141417	0.000177959360556	0.000177854475018	0.000631574113292	0.000276353782015	0.000202577676352	0.000191230078545	0.000215835125981	0.000206581627209	0.00030047103007	0.000277406318571	0.000272910102222	0.000271145022019	0.000372700062295	0.000310505932336	0.000282688976816	0.000224006434739
b3464	0.000258894883325	0.000238194485625	0.000338908453652	0.000383023654504	0.000309626531715	0.00029243471006	0.000557259770482	0.000582385514136	0.000447342858759	0.000547577811097	0.000544536910931	0.000514415138276	0.000478117092544	0.000450719096971	0.000494990281138	0.000537624225638	0.000549055628846	0.000482376153631	0.00061465167277	0.00057879465012	0.000523090678437	0.000453764343232	0.000413566520137	0.000338249426327
b1334	0.000144358628603	4.35E-05	0.000191290820246	0.000211322334298	0.000144702719864	0.000173622071866	0.000150690769197	0.000254270057986	0.000221272759813	0.000288159950323	6.53E-05	0.000281550767537	0.000216917015847	8.36E-05	0.000178251007004	0.000153334752375	0.000281386216262	0.000156694326145	0.000174671939789	0.000230747976878	0.000250406920101	0.000166550945175	0.000293327441245	0.00025352133021
b3092	0.000323779461913	0.000246129066395	0.000546735488005	0.000565260652654	0.000310052342518	0.000453104187379	7.16E-05	7.11E-05	8.06E-05	6.69E-05	0.000126668711634	0.000140050982096	9.42E-05	9.06E-05	8.43E-05	7.37E-05	7.99E-05	8.04E-05	0.000104437401244	0.000176142600139	7.25E-05	6.94E-05	7.24E-05	7.52E-05
b2287	0.000336318227661	0.00036519049528	0.000324841573298	0.000357873139365	0.000243175988718	0.000269096561556	0.000212771493228	0.000248748044394	0.000257495048745	0.000164999563968	0.000205177458682	0.000238529554763	0.000223858598341	0.000185607747543	0.000248570099461	0.000251214913646	0.000197409745599	0.000162395060302	0.000299409962838	0.000402652636158	0.00037322222275	0.000307108882821	0.000361782327734	0.000348898252063
b1681	5.79E-05	5.47E-05	6.32E-05	6.31E-05	7.30E-05	0.000112930501991	8.70E-05	7.94E-05	5.97E-05	5.90E-05	8.54E-05	8.75E-05	7.76E-05	6.04E-05	5.98E-05	5.98E-05	0.000102695540516	7.67E-05	0.000124739813836	6.63E-05	6.40E-05	6.12E-05	6.60E-05	6.87E-05
b2571	4.88E-05	4.60E-05	9.94E-05	0.000143301576303	6.48E-05	8.24E-05	0.000103119296511	8.15E-05	6.31E-05	6.24E-05	7.10E-05	8.42E-05	8.35E-05	5.74E-05	5.03E-05	5.04E-05	7.16E-05	7.20E-05	6.16E-05	5.58E-05	0.000104332865411	7.51E-05	6.00E-05	0.000150339307537
b3234	0.000275116503953	0.000359310616431	0.000208535659378	0.000234347837146	0.000302938600223	0.000310922717067	0.000205330393254	0.000194048945834	0.000198573255612	0.000258961755344	0.000189162866288	0.000228624559311	0.000213704780213	0.000236257737103	0.000234923307744	0.000241797519498	0.000249786820192	0.000201268946715	0.000255689500659	0.000240159088029	0.000237503685029	0.000196202687589	0.000198590974001	0.000159037603387
b3236	0.007940456261653	0.00536539515053	0.010549927213505	0.009919342333773	0.006815888375613	0.007219009612757	0.00130136789876	0.001423350777369	0.001805383762023	0.001417088412593	0.001244371201068	0.001327575692086	0.00124876617528	0.000990406496846	0.004161954113204	0.004222567780963	0.002350125957204	0.002339387560016	0.00451437365609	0.004007419246011	0.003292462894494	0.003879329687327	0.003859280941313	0.002883151789426
b3865	0.000103423411501	4.16E-05	0.000117400790104	0.00015034852145	6.88E-05	7.77E-05	0.000174522985662	0.000174822594975	0.000169722972082	0.000112493464322	0.000141212197	0.000182521982793	0.000101781077272	8.31E-05	0.000130883459015	0.000146161520272	0.000105859856019	0.000109544139596	0.000154967097198	0.000152441346934	0.000178227126599	0.000162161757157	0.000123832477852	0.000108503648169
b1199	0.00018480651527	0.000204554313273	6.92E-05	8.86E-05	7.39E-05	7.59E-05	5.43E-05	7.62E-05	3.82E-05	3.49E-05	4.13E-05	5.17E-05	4.02E-05	3.87E-05	6.62E-05	3.41E-05	0.000111324316851	4.17E-05	0.000137598733635	3.83E-05	0.000119417080538	6.25E-05	4.22E-05	7.08E-05
b2502	0.000103307409659	0.000148471337857	0.000142829627727	0.000161383030787	0.000227283744907	0.000228872540565	0.000140189446175	0.000127147361306	7.67E-05	7.58E-05	0.000102640208156	0.000142512460305	0.000159817313503	0.000163478107	7.68E-05	7.68E-05	9.47E-05	9.53E-05	0.000152950505712	8.17E-05	0.000317611398817	0.000200713986508	0.000277775095686	0.000170501238417
b1323	7.20E-05	6.79E-05	0.00013500010323	8.97E-05	7.72E-05	0.000111620689181	0.000140362421223	0.000167029763992	0.000125666625786	8.33E-05	0.000129250016454	0.000171524036277	0.000121389173953	0.000125830957963	7.99E-05	8.00E-05	9.27E-05	7.23E-05	7.97E-05	9.82E-05	0.000101631079038	7.73E-05	9.27E-05	9.64E-05
b0120	9.87E-05	0.00010700189165	0.000131777310389	0.00012214630819	0.00012935699718	7.49E-05	0.000144788203358	0.000138127001679	0.000171527773337	5.76E-05	0.000271755758062	0.000404603650999	0.000183962948557	0.000144742061054	6.93E-05	3.88E-05	8.06E-05	9.15E-05	0.000143086167949	0.000117955867576	0.000212466832468	8.32E-05	0.000208209657005	0.000247822839963
b3030	0.000147856136507	0.000222139610413	0.000168525693434	0.000150493539281	0.000168769281307	0.000161821416072	0.000364708289662	0.000398146837453	0.000284772221778	0.000264219281418	0.000322281308933	0.000366956195605	0.000278925844009	0.000338299673539	0.000335014753973	0.000263911717734	0.000429285535401	0.000353681864982	0.000433283595115	0.000442830251877	0.000481340512153	0.000364952377583	0.000311887889706	0.0002851813141
b3984	0.002961062583	0.003105795521188	0.002501881760525	0.002436911782472	0.001984464543639	0.00173345789564	0.005440679539625	0.005031147570261	0.004786438986845	0.004655030729429	0.008578867616244	0.005687305555387	0.005683357164036	0.004443074874039	0.004995785666262	0.004484372502521	0.003844165713482	0.003221803912925	0.002859463872712	0.003331656754408	0.003715707225022	0.003986338356001	0.004464737259386	0.004290248946546
b0273	0.000100888844759	9.00E-05	7.01E-05	0.00011792525262	0.00012961704863	9.44E-05	0.000370090880414	0.00032428101139	0.000136054054793	0.000193693929448	0.000242964860208	0.000294055517132	0.000269567170434	0.00026430300596	0.000159964155057	0.000127501883583	0.000126254638355	0.000126641799811	0.000163244864391	0.00012707909927	0.000233867741578	0.000202032782006	0.000193985415144	0.000138355064217
b0453	3.54E-05	3.33E-05	4.59E-05	3.80E-05	3.05E-05	3.13E-05	2.58E-05	3.07E-05	3.13E-05	3.25E-05	2.60E-05	2.66E-05	2.44E-05	2.34E-05	2.44E-05	2.44E-05	2.38E-05	2.39E-05	2.47E-05	2.47E-05	2.61E-05	2.50E-05	3.33E-05	3.46E-05
b3987	0.007703547487698	0.00742338014166	0.004677199037125	0.004793953364203	0.005519137995027	0.005029224603937	0.00763314409063	0.007247732028714	0.011494360089006	0.009107725851719	0.012977000173323	0.009407008554395	0.008590747598071	0.008471526838332	0.009788121130805	0.009997639562277	0.009470268082669	0.011158739180073	0.011825696351387	0.009192891421851	0.009806701745905	0.009086666317944	0.006607408522106	0.005708370436824
b2812	5.44E-05	5.13E-05	3.85E-05	3.85E-05	5.48E-05	5.62E-05	9.56E-05	6.38E-05	0.000123573279085	0.000115438248423	0.00012473985898	6.66E-05	3.65E-05	6.02E-05	0.000143078560745	8.52E-05	0.000183067071737	0.000130959824267	8.52E-05	0.000116565001353	3.90E-05	3.73E-05	5.73E-05	4.50E-05
b3942	0.005498488426364	0.004643835519539	0.006566405072787	0.006930682727023	0.003516459586087	0.005087413020461	0.001491133987485	0.001412971710336	0.001687511241658	0.00179655026082	0.00128921546304	0.001457927462354	0.001814900762692	0.00268437107807	0.00183056349148	0.001746251275343	0.002021822953578	0.001908319620725	0.00180016984462	0.001848893466861	0.001305967915394	0.001203481242945	0.001300011911282	0.001270452920956
b0440	7.08E-05	3.07E-05	0.00018229063881	0.000147608502241	0.000152249027681	0.000181407186924	8.38E-05	9.92E-05	8.80E-05	0.000118129872939	7.28E-05	8.93E-05	0.000119767380149	0.000112002178023	3.83E-05	6.08E-05	6.79E-05	7.28E-05	4.94E-05	6.56E-05	8.48E-05	4.35E-05	6.28E-05	0.000132606607306
b4058	0.00039111890688	0.000252830291297	0.00030909717003	0.000330207192602	0.000310848967425	0.000262872276571	0.000692681349597	0.000404379865573	0.000450516074016	0.000350393428657	0.0002967875409	0.000674861856223	0.000929124173906	0.00104624323108	0.000512381530456	0.000370954392998	0.000494327101282	0.000599758254998	0.000324935392368	0.000357269013154	0.000300703532754	0.00030521897389	0.000452707483246	0.000540015326636
b3916	0.000621720520941	0.000663886676781	0.000561426665667	0.000537778644712	0.000529073947896	0.000574672056106	0.001356752843132	0.001250746968187	0.001837401844521	0.001957960604099	0.001027530131997	0.001188697199465	0.00106157858775	0.001309142904934	0.001231649931178	0.001361172019817	0.002153428364656	0.001943552846529	0.002076738302711	0.001756043610012	0.001203926205544	0.001325544166747	0.001343581902811	0.001192435215786
b3295	0.002209838417626	0.002431697006584	0.002278381478379	0.002279873273985	0.0018953060547	0.002053459425459	0.004152869875579	0.003473449169962	0.003500383791686	0.003972572134549	0.00618883628313	0.004606423814633	0.003517813580348	0.002969046395948	0.003140437920135	0.003552277031128	0.003567090733891	0.00344405979396	0.003428283215339	0.004355208631619	0.003279814844478	0.00358957432891	0.003304861241636	0.003314686384934
b3813	0.000122280453943	0.000115328729705	0.000257231022501	0.000220989897951	0.000184030501496	0.000177352796861	0.000235550548712	0.000288222644854	0.000179598371053	0.000202360719398	0.000219989349385	0.000307334921348	0.000353293884644	0.000430140712031	0.000119905456615	0.000131634345305	0.000242678225725	0.000188844806723	0.000280964463264	0.000249371473986	0.000219180265669	0.000228104705198	0.000214984775876	0.000261326624934
b0023	8.66E-05	2.15E-05	0.000197595098467	0.000150251236254	7.09E-05	8.44E-05	0.000193632044132	0.000243953076191	9.69E-05	0.000306019141641	0.000398861667935	0.0004326029924	0.000165328323058	0.000155056141773	0.000133590359082	0.000166581333951	9.72E-05	0.000155615101244	0.00016517697939	0.000140628290985	0.000205632880946	0.000148991924963	3.76E-05	0.000208549538533
b4046	2.44E-05	2.30E-05	4.09E-05	4.48E-05	3.04E-05	2.62E-05	3.44E-05	4.39E-05	3.53E-05	2.80E-05	2.68E-05	2.75E-05	3.99E-05	3.07E-05	2.75E-05	2.75E-05	2.60E-05	2.62E-05	2.77E-05	2.77E-05	4.14E-05	3.96E-05	3.68E-05	3.22E-05
b2410	5.20E-05	4.90E-05	4.83E-05	4.82E-05	4.41E-05	4.53E-05	5.80E-05	7.34E-05	4.56E-05	4.51E-05	5.54E-05	6.59E-05	4.73E-05	4.55E-05	4.61E-05	4.61E-05	6.82E-05	6.40E-05	6.36E-05	6.36E-05	5.27E-05	5.04E-05	7.47E-05	5.25E-05
b1479	0.000711906754581	0.000996118621562	0.000830988220365	0.000808006991925	0.000689930807132	0.000601487067863	0.000305516290472	0.000338665652634	0.000136366314214	0.000109660995605	0.000105703104722	0.000108292760577	0.000165457265418	0.000137260781405	0.000384861017731	0.000293343445823	0.000493202836819	0.000492871313424	0.00053163055336	0.000516528266713	0.000569532934447	0.00055146951095	0.000572244705645	0.000496293392356
b1861	2.71E-05	2.56E-05	5.02E-05	8.60E-05	5.24E-05	4.47E-05	6.47E-05	8.09E-05	6.55E-05	6.47E-05	3.64E-05	4.99E-05	5.98E-05	6.28E-05	4.36E-05	2.92E-05	4.91E-05	3.50E-05	4.47E-05	4.47E-05	4.25E-05	4.07E-05	4.86E-05	5.06E-05
b4481	0.000133257737793	0.000132168757954	7.59E-05	7.58E-05	0.000154600260347	9.58E-05	7.31E-05	7.26E-05	5.45E-05	5.39E-05	0.000193538042871	0.000120902192908	0.000336491124271	0.000323649644335	0.000321118648975	0.000321353668504	0.000433990038386	0.000264705508085	0.000159481703292	0.000346096826049	7.26E-05	9.94E-05	5.83E-05	0.000162037905869
b3308	0.001605621767641	0.001256718819392	0.00137668898388	0.001374795054396	0.001093437651028	0.001192300737683	0.002060148630887	0.002797316309029	0.002396142981787	0.002080671491812	0.003054720680868	0.002694455378106	0.002618895146964	0.001853265900722	0.001993692039312	0.002815562308858	0.002024933821402	0.002038558319085	0.002017339614696	0.001901621804063	0.002328501182076	0.002240463573881	0.002883367085418	0.002666582316441
b3089	0.000747768459174	0.000327471884665	0.000371604804014	0.000441205730109	0.000619434755913	0.000560992637393	0.000550802350716	0.000449060580041	0.000336413454342	0.000460630745197	0.000221698557547	0.000401487242279	0.000416904488909	0.00052051693227	0.000404754654702	0.000383207578706	0.000367548952499	0.000464376695013	0.000427267768222	0.000365457048594	0.000636461554148	0.000447407436757	0.000505666754448	0.000390440437564
b0086	9.03E-05	8.52E-05	0.000136817710963	0.000140455114697	0.000182494988203	0.000150356960527	0.000193792027591	0.000157012937185	0.00019493757427	0.000160571421413	0.000111324029135	0.000137200439202	0.000227222543061	0.000211581331981	0.000127902482411	7.67E-05	0.00015609621268	0.000168245110394	7.45E-05	0.000178418903898	0.00019496493155	8.69E-05	0.000211220673334	0.00017595321595
b2780	0.00056962868095	0.000796832986041	0.000619774224605	0.000679422917149	0.00070809973932	0.00066342344931	0.001552686959937	0.001569986513972	0.001452104037874	0.001390542664852	0.001827482179974	0.001620800327937	0.001387031918744	0.00129609023545	0.002192179003387	0.001959700719706	0.002575052122118	0.002607164586242	0.002123630424764	0.00240918234199	0.001494138620706	0.001412539619614	0.001312179016495	0.001181651747886
b2581	0.00021541390864	0.000311347576321	0.000275870458198	0.000299862965756	0.00023730315487	0.00023824491881	0.000397581948355	0.000424429710357	0.000456651541702	0.00035713907697	0.00035065779768	0.000443328159294	0.00046493813611	0.000491597059704	0.000270511065139	0.000207571113103	0.000438087580166	0.000383321881672	0.000339568417888	0.000423321737512	0.000372708864195	0.000321267356334	0.00029237505324	0.000250473787839
b3055	4.91E-05	4.01E-05	0.000144262472234	0.000212374802077	2.94E-05	3.02E-05	6.39E-05	5.68E-05	3.34E-05	3.31E-05	6.35E-05	7.06E-05	5.74E-05	4.65E-05	4.05E-05	3.65E-05	2.92E-05	3.14E-05	3.72E-05	3.73E-05	8.38E-05	6.57E-05	5.86E-05	3.52E-05
b1120	0.000169398187398	0.00011299882917	0.000206136938985	0.000208027860892	0.000217503922017	0.000214728876733	0.000123065839429	0.000157803590745	0.000122070122632	7.60E-05	9.83E-05	0.000145273409438	0.000178825642761	0.000184546324579	0.000121216545	8.93E-05	6.20E-05	8.36E-05	0.000150601966512	0.000102657135436	0.000165651569684	0.00014483888059	0.000270604240044	0.000240226828365
b0426	0.000294150970932	0.000162321172458	0.000430154998612	0.000414983856863	0.000202390462644	0.000265657314661	0.000497800405311	0.00050811117591	0.000291871941498	0.000410046056633	0.000495388348668	0.000609030040993	0.000241934877241	0.00017341972437	0.000379782225498	0.000399293588775	0.00014960563095	0.000226780417422	0.00035506592904	0.000307368860192	0.00043898833794	0.000437383571988	0.000268929834623	0.00041905634512
b2288	0.000166760512608	0.000127892664717	0.000184695818446	0.000221405899858	0.000247123959205	0.000223378594787	0.000127218232839	7.71E-05	0.000139711957089	0.000108905267524	0.000128072020413	0.000140609797744	0.000124950513936	0.000140557729432	9.05E-05	0.000103349769043	8.27E-05	0.000137162681197	0.000136439696775	0.000234615542107	0.000152537369181	0.000165488259667	0.000188908370383	0.000203830227668
b0434	0.000234226515617	0.000160510244673	0.000409588055787	0.000342904972386	0.000220987355343	0.00024425864737	0.000283534510122	0.000319534009817	0.000231965386359	0.000241600401071	0.00024333961483	0.000376694224654	0.000248651486952	0.000185746395656	0.000278258133744	0.000320105206811	0.000280155269381	0.000281216499582	0.000428434631483	0.000229157202045	0.000488145898359	0.000380842660543	0.000396247786403	0.000405721317317
b3199	5.42E-05	4.33E-05	2.90E-05	2.90E-05	2.65E-05	2.72E-05	4.01E-05	4.75E-05	4.82E-05	5.87E-05	3.28E-05	4.70E-05	2.75E-05	3.01E-05	3.79E-05	3.75E-05	4.51E-05	3.28E-05	7.63E-05	4.51E-05	9.27E-05	6.86E-05	4.40E-05	3.76E-05
b0726	0.009542543976631	0.010420221054176	0.008868121256276	0.00676356162053	0.007460886616894	0.00623828436976	0.002017078836138	0.002083638574088	0.00276622844844	0.002142380673618	0.001245948796764	0.001630285723762	0.00299476819153	0.002711817318671	0.0027094594023	0.002444084765522	0.00393296117376	0.003924671495599	0.004950964469202	0.005142925883655	0.00213402740588	0.001977969449001	0.00380164509353	0.003437767113663
b3439	5.98E-05	3.54E-05	8.21E-05	7.96E-05	5.46E-05	8.21E-05	4.21E-05	4.24E-05	6.13E-05	3.63E-05	3.94E-05	4.03E-05	6.19E-05	6.37E-05	8.09E-05	3.62E-05	4.25E-05	4.28E-05	3.34E-05	3.34E-05	3.53E-05	3.38E-05	3.52E-05	3.66E-05
b2609	0.000185391792004	0.000162840803625	0.000573102576719	0.000465177281375	0.000317870820237	0.000324359781745	0.000763305681853	0.000838257375843	0.001021564534964	0.000723326607103	0.000974573868103	0.001118758672318	0.000551847817565	0.000501470937388	0.000476563809826	0.000518872071068	0.000584494474031	0.00055670390805	0.000646172832588	0.000580229656607	0.001084508798145	0.000743079592912	0.000835023885585	0.0009866553308
b3429	0.000611795112645	0.000546977804643	0.000587334386906	0.00066562226466	0.000635667875982	0.000715835234969	0.000315695569767	0.000382866517603	0.000273434871562	0.000139479625027	0.000233145601486	0.000514172227207	0.00027485988341	0.000440617384785	0.000249041572659	0.000182302624138	0.000387488833339	0.000289162147088	0.000314141945896	0.00031079903755	0.000520430053204	0.000495756180468	0.000606338818764	0.000550529146638
b3187	9.16E-05	8.64E-05	0.00013364164382	0.000131835204092	4.68E-05	4.80E-05	0.000186504334516	0.000206467241557	0.000101321528715	0.000100204247303	0.000123943505408	0.000205766333766	6.19E-05	4.40E-05	5.65E-05	0.000104234777773	5.25E-05	5.28E-05	0.000174794398638	8.02E-05	0.000160743786716	0.000132210407842	5.05E-05	0.000145963909843
b0355	0.000197435368343	0.000186211037788	0.000373691900566	0.000373177807611	0.000349020869995	0.000350062709916	4.21E-05	4.17E-05	0.000489714488488	0.000484314363734	4.23E-05	4.34E-05	0.000288636796403	0.00032971683705	0.000441037682272	0.000384731791959	0.000291075630899	0.000486109780497	0.000446020995675	0.000365620381947	0.000277324565905	0.000265434440073	0.000120115654422	0.000131766372335
b4175	0.000824749617222	0.000818802167363	0.00044642822928	0.000522140216602	0.000457053226764	0.000497196203866	0.000516500471017	0.000472502784217	0.000489908254324	0.000504389404666	0.000548392246728	0.000499999586642	0.000429610416696	0.000373710909289	0.00044582865758	0.000542376385692	0.000403663591407	0.000421489704468	0.000706694122695	0.000628774788646	0.000701460059615	0.000739112848947	0.000514668151951	0.000497802135973
b0595	0.000124649337011	0.000116588661702	7.10E-05	7.65E-05	0.000301195302893	0.000239067914524	0.000132587612783	0.000126366772837	0.000179514827246	0.000211217888287	0.000141039896291	0.000149531308596	0.000151993937626	0.000120233829986	7.00E-05	7.54E-05	6.59E-05	5.96E-05	0.000117674110683	0.000100092686781	0.000146688728484	0.00011020999885	9.67E-05	0.000106520978678
b3787	9.99E-05	0.000168740375146	7.30E-05	7.34E-05	0.000182106649763	0.000151210564146	0.000590232631381	0.00014381842713	7.34E-05	0.000105231214826	0.00115963629346	0.000150005885403	5.75E-05	5.53E-05	8.70E-05	8.31E-05	0.000106393906925	0.000137007719581	0.000112490778459	0.000114576820371	0.000280930905087	0.000301152498761	0.000202459726882	0.000153879911693
b0376	5.09E-05	4.80E-05	8.40E-05	0.000108940459181	5.07E-05	5.21E-05	9.66E-05	0.000118840809902	5.24E-05	5.19E-05	8.94E-05	9.16E-05	0.000118696133131	0.000114166343481	5.25E-05	5.26E-05	8.15E-05	6.28E-05	0.000107325243557	0.000107380707671	0.000145093051426	0.000138872273136	0.000147284257509	0.000153164829705
b1413	0.000209650816109	0.000178404838478	0.00021658679356	0.000209422520072	0.000318796269562	0.000336869210611	0.000680905662444	0.000529003327981	0.000579804442646	0.000417610170562	0.000389474636122	0.00045753892689	0.000447073270318	0.000953844032683	0.000370830957594	0.000377612928173	0.000579143073139	0.000558780982917	0.000370662972551	0.000405467614817	0.000344459481595	0.000341346728115	0.001007303095714	0.000323286767451
b2000	0.000308469757291	0.00029093304869	0.000157716243609	0.000157499271259	0.000172231923584	0.000302706225238	0.000462197993697	0.000571240011595	0.000559968280935	0.00055379346143	0.000285383938018	0.000432207489912	0.000396214127292	0.000220810024829	0.003721423079086	0.003168791494675	0.000169466671142	0.000170515895316	0.001185592456331	0.001385875144068	0.001537591814541	0.001300988356146	0.000863966043879	0.000726277830112
b3612	0.000794691188529	0.000715316315592	0.000347414779871	0.000389009400855	0.000599266194783	0.000587710677252	0.00280478999121	0.002601492185702	0.003304512032871	0.003779239218062	0.00140332155508	0.001392899194514	0.002373577594543	0.002739358117829	0.002300436627335	0.002778992418305	0.003399509860808	0.003766104678202	0.002329431950097	0.002371654955904	0.002783351524252	0.002753173337339	0.001922039703731	0.001908205321756
b3623	7.42E-05	0.000126552016706	5.78E-05	5.77E-05	0.000139834526793	0.000137201456123	8.18E-05	8.55E-05	8.87E-05	8.77E-05	5.67E-05	5.81E-05	5.33E-05	5.12E-05	6.42E-05	8.34E-05	9.82E-05	7.87E-05	6.55E-05	8.26E-05	6.33E-05	0.000103505865687	5.69E-05	5.92E-05
b0687	0.000139026679602	0.000104574076434	0.000207608008365	0.000218554312523	9.83E-05	9.03E-05	0.000173918034506	0.000180047304783	0.000163387428637	0.000111883893895	0.000171309811162	0.000202823959945	9.99E-05	9.78E-05	0.000173157426664	0.000126468590675	9.26E-05	9.49E-05	0.000168425134592	0.000199967780092	0.000117863218341	9.83E-05	9.82E-05	0.00014180982945
b0435	1.48E-05	1.40E-05	8.29E-05	7.65E-05	4.35E-05	4.18E-05	2.77E-05	3.34E-05	5.57E-05	3.17E-05	2.47E-05	2.53E-05	1.74E-05	1.67E-05	1.65E-05	3.20E-05	1.49E-05	1.50E-05	1.55E-05	1.55E-05	2.77E-05	1.90E-05	1.65E-05	1.72E-05
b0763	9.84E-05	5.68E-05	9.56E-05	0.000144042768316	0.000131490308459	0.000293588076462	8.30E-05	6.17E-05	7.43E-05	6.28E-05	0.000151291776841	9.80E-05	8.24E-05	7.44E-05	4.27E-05	4.30E-05	9.53E-05	6.21E-05	0.000125835078797	0.000119241929706	8.05E-05	4.34E-05	4.18E-05	4.34E-05
b1275	0.000104005007316	0.000107108086431	0.000153026948995	0.000231514806104	0.000351989406087	0.000295581505459	0.000379554007012	0.000310040876916	0.000279712644889	0.000348707415357	0.000264111758037	0.000317041606265	0.00035136956719	0.000357304810562	0.000225277424489	0.000244393666701	0.000337546044972	0.000364808462563	0.000272934112027	0.000287868397472	0.000325362697424	0.000250826785258	0.000231704939971	0.000351795979272
b2023	0.000158489762123	0.000137598917616	0.000182569828027	0.000187306863017	0.0001079266101	9.09E-05	0.000260071457854	0.000293313233601	0.00021048850317	0.000161959859843	0.000242702459958	0.000299924211914	0.000215894913104	0.000210836457746	0.000186688871154	0.000181149793016	0.000197801915278	0.000224310833833	0.000279569462638	0.000214096115066	0.000331632428484	0.000300720624604	0.00035478700031	0.000400704424243
b1823	0.000853478260958	0.00060624720211	4.72E-05	4.48E-05	0.001111275717853	0.00090759979062	0.001102637728912	0.001232288667372	0.000789646761818	0.000877469699989	0.000585927295201	0.00056240665686	0.001105347777297	0.000811294928552	0.001360797048263	0.001171570432747	0.000977858452924	0.001004609120618	0.000802115477349	0.001236664099062	0.001540741785719	0.000838198431856	0.001895666909367	0.002459528602664
b2143	0.000168472922772	8.81E-05	0.000119688146238	0.000138778033577	9.07E-05	0.000130990582375	0.000122271391062	0.000120263755007	0.000141957123354	0.000108438179523	8.28E-05	9.27E-05	8.02E-05	7.31E-05	9.57E-05	8.85E-05	0.000121561314665	0.000111839542686	9.48E-05	6.28E-05	5.15E-05	4.93E-05	5.15E-05	5.35E-05
b0178	0.000116932649488	0.000119107747567	0.000381925035436	0.000272806669811	7.90E-05	0.000113826361823	0.000243468656918	0.000276465038204	0.000227267839902	0.00032751540705	0.000449115119817	0.00046495927518	0.000175203475147	0.000152927503975	0.000142272014164	0.000138126105832	0.000142372350076	0.00014647514051	0.000209409805502	0.00020736611293	0.000502579053059	0.000342097426918	0.000250449004327	0.000377489703463
b0239	9.15E-05	9.52E-05	0.00012742141649	0.000163524802486	0.000115421377612	0.000126089770195	0.000206647366567	0.000208315130459	0.000182379684554	0.000177835301324	0.000128315069646	0.000169497817862	0.000152818317841	0.000187432228274	0.000117486984643	0.000112438779867	0.000150150712095	0.000109785050542	0.000150698116274	0.000141417484829	0.000159141735869	0.00013813723903	0.000106826727877	0.000108813155481
b2936	6.79E-05	3.05E-05	0.000149229768026	0.000156753955626	8.20E-05	9.09E-05	8.89E-05	7.96E-05	6.03E-05	4.25E-05	0.000139052409824	0.000149166817044	6.24E-05	3.55E-05	8.00E-05	7.33E-05	5.20E-05	4.37E-05	5.34E-05	6.86E-05	8.84E-05	6.48E-05	8.98E-05	7.42E-05
b3181	0.000288102839862	0.000342998758826	0.000219959360084	0.000224939900335	0.000288140441906	0.00026520710808	0.000613465769442	0.000568832874625	0.000573484788436	0.000766418261285	0.000423128272548	0.000425097643681	0.000513052115928	0.000568992736018	0.001003269329034	0.000877419380416	0.000751854699766	0.000708507317768	0.000704758238201	0.000832138139509	0.000301075664008	0.000300190617036	0.000268080418822	0.000255053136296
b4122	0.000185003793501	0.000174486206153	0.000138654558011	0.000167541208984	7.92E-05	8.13E-05	0.000328709934563	8.60E-05	0.00014344987225	0.000171019004576	8.73E-05	8.94E-05	0.000154739340828	0.000863994201008	0.000336512521734	0.000336758807693	0.000181741484136	0.000211842064039	9.17E-05	9.17E-05	0.000288374931002	0.000144385330603	9.39E-05	9.76E-05
b3687	6.16E-05	5.81E-05	4.48E-05	4.02E-05	0.000145611361422	6.36E-05	3.22E-05	2.98E-05	2.17E-05	2.06E-05	3.28E-05	2.83E-05	2.37E-05	4.30E-05	1.98E-05	1.98E-05	2.96E-05	2.97E-05	2.01E-05	6.56E-05	5.41E-05	4.93E-05	4.78E-05	5.60E-05
b0470	0.000158767333049	0.000159676747821	9.52E-05	9.51E-05	0.000118442634241	0.000154648199529	0.000157589314564	0.000175133387585	0.000179860205585	0.000381821904714	0.000128900629551	0.000148142670752	0.000125717230081	0.00014107274411	9.01E-05	9.01E-05	9.47E-05	0.000123458889282	0.000125820221901	0.0001833203865	0.000170239600874	9.46E-05	0.000106114790923	0.000131042528305
b1857	5.04E-05	6.81E-05	5.10E-05	5.10E-05	4.06E-05	4.16E-05	5.69E-05	5.65E-05	0.000168221973426	0.000131783030464	0.000125545121453	0.000139473281431	6.93E-05	4.15E-05	5.49E-05	4.21E-05	4.10E-05	4.13E-05	4.26E-05	4.26E-05	0.000111586739936	0.000106802524824	5.24E-05	5.44E-05
b1806	3.12E-05	3.92E-05	4.61E-05	6.43E-05	3.00E-05	3.08E-05	3.81E-05	3.79E-05	6.91E-05	6.40E-05	3.06E-05	3.01E-05	2.62E-05	2.52E-05	2.63E-05	2.63E-05	2.56E-05	2.58E-05	2.66E-05	2.66E-05	2.81E-05	2.69E-05	2.80E-05	2.92E-05
b1864	0.00070318533477	0.000462348255396	0.000494340882175	0.000546922612211	0.000400396553525	0.000466676002544	0.000695089708699	0.000637190553791	0.000674971105295	0.000719643177725	0.000638679525508	0.000635775438637	0.00066872605978	0.000494048384353	0.000543295722466	0.000490882370297	0.000483033830414	0.000380440806161	0.000596439881897	0.000605807462711	0.000638803524922	0.000590749310771	0.000569663186892	0.000567110529116
b4019	0.001031396200334	0.00179628326062	0.001465108399197	0.001439595621749	0.002304436218778	0.001494411482357	0.001504775882957	0.001814195522873	0.001544338493786	0.002210347291262	0.001562263941027	0.00285960697633	0.002056225290944	0.002171819057011	0.000989984567616	0.001541763210596	0.002507854549288	0.003748649315369	0.001494323153721	0.001827505944288	0.002209905199729	0.001710967377135	0.002451793808012	0.001417407753499
b3259	9.31E-05	5.98E-05	4.60E-05	5.91E-05	9.64E-05	6.34E-05	0.000116589809154	0.000121548754546	0.000117766722911	0.000182088768185	0.00011070759588	0.000103936592688	0.000161699446514	0.000139139497953	0.000106804384211	8.91E-05	0.00017546605593	0.000146842441857	0.000177597477053	0.00017204832804	0.000181594355283	0.000177370257046	0.000131877315321	8.19E-05
b3282	6.92E-05	6.63E-05	6.64E-05	6.46E-05	4.66E-05	5.08E-05	6.11E-05	7.25E-05	5.25E-05	5.30E-05	8.15E-05	9.76E-05	4.60E-05	3.44E-05	5.67E-05	5.42E-05	4.73E-05	5.34E-05	8.17E-05	4.92E-05	0.000199526043402	0.00016846330088	8.18E-05	8.43E-05
b1286	0.000659416158918	0.000826585591409	0.00076339343704	0.000776538007236	0.000902923356005	0.000671127469644	0.001158397871762	0.001142171612309	0.001180266655559	0.001237568121859	0.000989351795797	0.001243912469378	0.001243915706236	0.001300648247553	0.000953332503132	0.000901776288108	0.001265764955899	0.001145464966184	0.00119879382537	0.001276381045712	0.001245652721099	0.001218164495011	0.001301820276128	0.001147345700079
b1014	0.000247952695136	0.000233856421324	0.000364939119648	0.000533403344997	0.000434946061002	0.000337528989406	0.000194139512218	0.000192672123809	0.000272708631106	0.000269701449036	0.000195442422181	0.000200230631707	0.000227483722248	0.000211257375536	0.000266824908692	0.000186914134296	0.000338393169382	0.000340488273342	0.000186002533797	0.000186098657182	0.000203139620221	0.000194430129816	0.0001960895046	0.000203918708536
b2903	0.000809248060551	0.001167249701113	0.000482768111383	0.000378710093913	0.00130777136483	0.001092755915863	0.000628629907642	0.00032986677056	0.000427694774146	0.000413979002702	0.000220648422245	0.000211149492006	0.000440645919119	0.000666956640516	0.000149226243835	0.000149335459173	0.000128909156698	0.000129707275896	0.000201914501496	0.000173159012532	0.000543426219122	0.000474645173247	0.000424512397849	0.000417428035384
b0369	0.000145075022219	0.000226742568094	0.000242026946391	0.000288883814297	0.000254902424957	0.000241584781948	0.000432408775943	0.000409967823261	0.000345921875206	0.000302943558243	0.000259862316601	0.00024969545537	0.000308181240067	0.000309503004101	0.000319594982929	0.000278196659897	0.000401676072409	0.00037286801998	0.000368603568001	0.000307722391517	0.000292358199292	0.000265892045898	0.000255325558616	0.000156289739814
b2472	8.95E-05	8.44E-05	8.33E-05	0.000115511679032	8.13E-05	8.44E-05	0.000184271765691	0.000196110514675	8.95E-05	0.000108083665572	8.10E-05	0.000133086408894	0.000138210315703	0.000132502792431	8.42E-05	0.000100512437521	0.00017575555709	0.000135727553439	0.000145983152116	0.000141494263006	0.000127184138515	7.75E-05	0.000129853007181	0.000121033707311
b2696	1.01E-05	9.51E-06	3.96E-05	3.96E-05	5.97E-05	4.03E-05	7.57E-05	8.89E-05	3.00E-05	4.68E-05	3.11E-05	5.57E-05	6.83E-05	8.45E-05	1.04E-05	5.57E-05	5.45E-05	7.27E-05	9.13E-05	9.14E-05	0.000115249322559	0.000110308076395	5.43E-05	6.87E-05
b0922	6.10E-05	5.75E-05	8.93E-05	0.000110692836692	7.52E-05	8.42E-05	0.00011438002753	0.000103090602589	8.82E-05	8.72E-05	7.52E-05	0.00010171790655	6.29E-05	6.05E-05	8.11E-05	6.30E-05	6.35E-05	0.000107285524491	0.000109586012107	0.000139290910683	9.27E-05	7.86E-05	7.07E-05	7.60E-05
b0728	0.009525832888943	0.013892046213925	0.009059458536929	0.007820704306085	0.011901022166294	0.008661839692165	0.001341059026536	0.001387325800828	0.001849507980851	0.001401279232984	0.00115678144936	0.001016663113012	0.001823807068942	0.00168428029282	0.003169492630583	0.003221089326742	0.003210565897418	0.002901412806049	0.004907417613831	0.004588117103512	0.001742439493638	0.002104785044382	0.004035126467175	0.003654963927028
b1203	0.000252582286671	0.000229121281317	0.00033857479918	0.000348160906995	0.000291765608435	0.000265991773613	0.000673691476842	0.000660423623922	0.000494539323188	0.000566895130056	0.000588828739708	0.000686804006027	0.0004604146374	0.000396228730971	0.000920810172795	0.000812309673031	0.000715853557322	0.000685864913448	0.0005902054685	0.000576910311015	0.000612624386538	0.00051766190854	0.000478447189675	0.000525912753664
b1130	0.000469691269191	0.000476104923904	0.000305722054412	0.000329419696246	0.000520943393683	0.000490761459797	0.000308465381205	0.000297654516961	0.00025740859518	0.000274110105341	0.000158085435584	0.000216957438196	0.000243180218262	0.000268998113283	0.000251649965386	0.000235379862834	0.000314281505594	0.00027327949736	0.000321505494438	0.00033127378239	0.000304345359703	0.000309841579314	0.000307992764473	0.00031410071794
b1704	6.68E-05	7.26E-05	0.000128673644432	9.46E-05	0.000150618821856	9.22E-05	0.000264128295011	0.000216003783741	0.00020557863164	0.000149874537115	0.000275349169835	0.000306524840956	0.0001394426534	0.000161758194688	0.000166983637929	0.000150183738162	0.000167438267863	0.000127808570259	0.00014429865205	0.000149514109776	0.00017725345436	0.000164460333699	0.000149415570038	0.000191057897464
b2901	0.000472557330211	0.000490979316179	0.000464867151639	0.000570081729582	0.000313276293434	0.000402963908394	0.000684735112177	0.000742951348343	0.00064072827932	0.00052805242684	0.000513782721188	0.000590931089813	0.000594260908749	0.000539053116763	0.000762494198545	0.000550219927374	0.000743855211287	0.000662464788069	0.000577091173694	0.000487382785944	0.000652725200517	0.00066247181726	0.00053483861907	0.000340156606526
b4384	0.000896459318156	0.000600078826607	0.000568103053921	0.000588842659992	0.000652191396321	0.000705024415007	0.000530248941364	0.000535452543724	0.000477087342198	0.000484412226096	0.000450918179249	0.000538856670856	0.000582304024803	0.000550279500803	0.000521108848591	0.000707412842498	0.000581310578791	0.000584075668054	0.000744395154299	0.000684508645337	0.000530430622469	0.000516097047677	0.000520756634078	0.000472675799437
b2016	4.61E-05	5.54E-05	7.19E-05	0.000111791125037	8.60E-05	5.30E-05	0.000165742217476	0.0001437583572	0.000130674459132	7.55E-05	0.000102732758516	0.000105249642862	0.00012724320073	0.00013048409522	7.58E-05	6.84E-05	9.20E-05	9.76E-05	6.59E-05	7.19E-05	0.000104634744896	8.49E-05	8.68E-05	6.91E-05
b2523	0.000976924423941	0.000969297680506	0.000596042968151	0.000772885608166	0.001122180069896	0.000965457014477	0.000663889588212	0.000752996149004	0.000826366172367	0.000786395213521	0.000632943180295	0.000666584482743	0.000618629225732	0.000683692162291	0.000922816891508	0.001040000591115	0.001017277755402	0.000939473627148	0.001264470635239	0.001212006248599	0.001149333880502	0.001060326864862	0.000778729741382	0.00073035072528
b0809	0.000109704381867	0.000284269273784	0.000311099938866	0.000288503093535	0.00026422101955	0.000257885675734	0.000246425627985	0.000237829138086	0.000230720315537	0.000201670832856	0.000221688010895	0.000265926705666	0.000195083016223	0.000264488356263	0.000190794660575	0.0001719576484	0.000207191394746	0.000168382995701	0.000243484450095	0.000172951472556	0.000164136825746	0.0001406727972	0.000187532265043	0.000179470054734
b2013	4.59E-05	4.33E-05	5.01E-05	5.00E-05	4.58E-05	4.70E-05	0.00020660780337	0.0002731040535	4.73E-05	4.68E-05	0.000111962937911	0.000114705955521	4.74E-05	4.56E-05	4.74E-05	4.74E-05	4.62E-05	4.65E-05	4.80E-05	4.80E-05	5.07E-05	4.85E-05	5.06E-05	5.26E-05
b2697	0.001831423336105	0.001809695227552	0.00176008411981	0.001871595576124	0.001598903968541	0.001593266750273	0.003002680692105	0.002789749948322	0.003100937940407	0.002816270470244	0.002714971885235	0.002508366364128	0.002770893208127	0.003391639966803	0.002614928305791	0.002578035236078	0.003039737013174	0.003531794915273	0.002572161307299	0.003254302552121	0.002855288518395	0.003038667864408	0.003371936654861	0.002516162514462
b2949	1.86E-05	1.76E-05	2.03E-05	2.03E-05	1.86E-05	1.91E-05	2.33E-05	2.31E-05	1.92E-05	1.90E-05	2.12E-05	2.48E-05	2.29E-05	2.20E-05	2.49E-05	2.49E-05	2.02E-05	2.03E-05	2.53E-05	2.54E-05	2.06E-05	1.97E-05	2.05E-05	2.13E-05
b2304	0.000108602835057	7.05E-05	0.000127480783848	0.000156306934415	0.000114743481925	0.00013509677875	6.26E-05	6.33E-05	4.13E-05	4.09E-05	7.41E-05	7.59E-05	5.46E-05	5.59E-05	7.67E-05	7.68E-05	4.53E-05	4.55E-05	7.81E-05	5.75E-05	4.66E-05	4.46E-05	6.59E-05	5.75E-05
b3930	4.97E-05	4.69E-05	4.49E-05	4.49E-05	4.11E-05	4.21E-05	7.71E-05	8.58E-05	4.50E-05	4.45E-05	4.53E-05	4.64E-05	4.25E-05	4.09E-05	5.87E-05	8.99E-05	7.30E-05	8.39E-05	0.00013591632282	7.06E-05	7.73E-05	5.41E-05	6.30E-05	5.25E-05
b2906	7.25E-05	6.84E-05	7.91E-05	0.000107533141177	0.000116094826355	0.000133989075447	8.47E-05	0.000150469849295	7.86E-05	6.44E-05	5.86E-05	7.27E-05	8.69E-05	6.17E-05	5.60E-05	5.61E-05	8.43E-05	6.68E-05	6.60E-05	6.61E-05	0.000120860708861	8.85E-05	9.54E-05	9.92E-05
b2188	8.19E-05	7.72E-05	0.000104789211659	0.000104645051736	0.00018225174452	0.000143384642155	0.000426270700053	0.000854573919156	0.000531707402999	0.000168995452349	0.000193070087434	0.000197800176334	0.001596712224634	0.000571944553702	8.45E-05	8.45E-05	0.000118938502933	8.29E-05	8.55E-05	8.56E-05	0.000107625429702	0.000331590325213	0.000886984759924	0.000922399121278
b0963	0.000121691612641	0.000101945753101	0.000228910785773	0.000248668653279	8.74E-05	0.000181889753523	9.23E-05	0.00013348201364	0.000123905165742	0.000104850952726	2.77E-05	0.000145362491506	0.000117384280979	0.000103495842471	0.000109497107341	8.91E-05	0.000108801969719	8.28E-05	0.000124933804659	0.000152879741261	0.00011633089395	4.35E-05	0.000127568448332	0.000148039944163
b0811	0.001224593381553	0.000836800412064	0.001627684092319	0.001375520972886	0.001208837858231	0.001213054519142	0.000587898945072	0.000602135890969	0.00085279657344	0.000733206588566	0.000536576162873	0.000876190091824	0.00061576456721	0.00049555137438	0.000630285015831	0.000789323768718	0.000351730973654	0.00026681508579	0.000701518086267	0.000559038591938	0.000632906333692	0.000527087475703	0.000427767000078	0.000349945770523
b3560	0.000801840866409	0.000916179479828	0.00037422245812	0.000440598498174	0.000721522179312	0.000755582248536	0.000694906580366	0.000693237836385	0.000807197304013	0.000559931748764	0.000508925232711	0.000609533903262	0.000660816591424	0.00064727364496	0.000591662477136	0.000582600705249	0.000846731941562	0.000743195805015	0.000812237356751	0.000721507210939	0.000870331116809	0.000825634048058	0.000979885312945	0.000871088240781
b1612	0.004294971290182	0.004237278081705	0.003045640287532	0.00285044811027	0.002971213995558	0.002264315742549	0.000668586163062	0.000640057043658	0.000490880930485	0.000380835628859	0.000575018815841	0.000632159237387	0.000731464132259	0.000714937722114	0.00168470295511	0.001600322016346	0.001463118709199	0.001545818527525	0.001771048593046	0.001861995880807	0.001128362676877	0.001015306981186	0.000925465400372	0.000813340313532
b1550	7.96E-06	7.51E-06	3.21E-05	3.25E-05	1.98E-05	1.92E-05	2.97E-05	1.97E-05	2.20E-05	2.17E-05	1.73E-05	3.16E-05	1.58E-05	1.11E-05	1.87E-05	1.71E-05	8.02E-06	8.07E-06	1.53E-05	1.53E-05	1.43E-05	1.37E-05	1.89E-05	2.35E-05
b2751	0.000696573494191	0.001073282832307	0.000621984761893	0.000694381155187	0.000866767247339	0.000654276488005	0.001152775755797	0.00127285238169	0.00104875157092	0.001239979308196	0.001229495902682	0.001223342746228	0.001233267761785	0.001180136554746	0.001156959059838	0.001014299886045	0.001395598225087	0.001424508521455	0.00153961990603	0.001414275869875	0.001709326489326	0.001575554801133	0.001395877984538	0.001403202508302
b4171	4.38E-05	4.13E-05	5.62E-05	5.61E-05	4.25E-05	4.36E-05	4.90E-05	5.22E-05	0.000134130149668	5.67E-05	5.42E-05	5.55E-05	4.40E-05	4.23E-05	4.40E-05	4.40E-05	6.61E-05	9.65E-05	8.88E-05	5.51E-05	9.62E-05	6.97E-05	4.78E-05	4.97E-05
b3203	3.01E-05	1.75E-05	7.28E-05	6.92E-05	2.89E-05	4.08E-05	3.08E-05	3.05E-05	3.41E-05	4.90E-05	2.43E-05	4.36E-05	1.40E-05	1.34E-05	1.49E-05	1.49E-05	1.36E-05	1.37E-05	2.21E-05	2.25E-05	3.09E-05	2.10E-05	3.88E-05	4.04E-05
b1702	0.002986279153816	0.003562284139089	0.002678594289902	0.003421184838979	0.002623143812883	0.002696060858233	0.00095130744124	0.001064259207381	0.000400202736815	0.000386366102546	0.000522008076395	0.000561848912197	0.000736344000597	0.000712830037871	0.001086881761101	0.000859446446807	0.000826653309697	0.00083177139357	0.000721029369149	0.000948653282604	0.000595057521995	0.000537306400597	0.000475846081032	0.000384644001506
b3786	0.000144776264852	0.000132752704552	7.80E-05	7.79E-05	0.000144234663083	0.000189157173192	0.000117954514442	0.000107388339258	9.44E-05	9.33E-05	0.000127087801689	0.000137239280222	5.67E-05	5.45E-05	0.000103736381513	8.17E-05	9.31E-05	6.02E-05	8.13E-05	0.000128020367436	0.000202192131883	0.000168034834521	0.000248124787894	0.000132087598726
b2296	0.001571948930126	0.000908637864641	0.001608317784238	0.001426596391475	0.000739012731074	0.000918615456416	0.002005381583108	0.00213248914475	0.002440481465525	0.001806561623582	0.001010174291139	0.00154800561738	0.00202450664855	0.002054441751674	0.001339411154966	0.001033543452437	0.001852382718808	0.001856431272516	0.000625449120876	0.000824947014848	0.001317954001833	0.001202921760718	0.001126524420927	0.001202980714871
b1719	0.001144559281793	0.001289924495971	0.001233602601269	0.001347849566358	0.00136880100795	0.001279198113864	0.001444047137995	0.001501780395155	0.00165192101296	0.001327385421863	0.001049683398843	0.001122960630412	0.001379049579409	0.001426601548258	0.001604229072101	0.001263466846327	0.002107174041036	0.001646857690133	0.001646972939942	0.002001455466798	0.001619155437286	0.001914427311443	0.001603457921531	0.001202845030472
b2414	0.006967197578433	0.006734886602712	0.006523852206932	0.005238439630341	0.007664395496776	0.007159881663356	0.007799216820595	0.007245812516211	0.00647963755003	0.006253176238287	0.009435972229755	0.008337370717582	0.008088526094938	0.007775501772201	0.006160024883447	0.007827996689815	0.005516644398421	0.005865233009794	0.003691365812519	0.004793778922275	0.005341595578759	0.006180026449211	0.007812440648279	0.006719101483233
b0472	2.88E-05	2.72E-05	3.14E-05	3.14E-05	2.87E-05	2.95E-05	6.08E-05	6.11E-05	2.97E-05	2.94E-05	5.64E-05	5.78E-05	4.67E-05	4.36E-05	2.97E-05	2.97E-05	2.90E-05	2.92E-05	4.54E-05	4.08E-05	3.46E-05	3.31E-05	3.40E-05	5.96E-05
b0723	0.005284367937736	0.008849640999555	0.006520409661438	0.00570335311518	0.008392810019527	0.006628249685225	0.001064390790489	0.00116699640962	0.00137675685215	0.001104674245806	0.000662226053936	0.00071064778674	0.001496897092907	0.00154589512286	0.002346192664654	0.002684933700965	0.002042603283192	0.002416195182376	0.00289910616117	0.003712859102772	0.001100982359321	0.000824883907909	0.002867885897427	0.002439002544109
b4150	5.01E-05	4.73E-05	5.46E-05	5.46E-05	4.99E-05	5.12E-05	5.85E-05	5.81E-05	8.97E-05	8.06E-05	6.71E-05	6.68E-05	6.35E-05	6.98E-05	7.71E-05	7.72E-05	6.37E-05	6.41E-05	5.47E-05	5.47E-05	5.53E-05	5.29E-05	0.00015739154572	0.000163675668431
b3454	9.85E-05	6.12E-05	0.000167514914279	0.000194862153833	0.000137792809938	0.000139717079762	0.000118692012113	9.85E-05	0.000192106075636	0.000137244849609	0.000139963603433	0.000170317870305	0.000177085968149	0.000183854699864	0.000146728680051	0.000109767862576	0.000151825689938	0.000144028171782	0.000229470395582	0.00019117865845	0.000171687128182	0.000166677860512	7.14E-05	7.43E-05
b3163	4.59E-05	4.33E-05	5.47E-05	6.62E-05	6.41E-05	4.95E-05	7.91E-05	8.66E-05	8.90E-05	9.35E-05	6.37E-05	6.52E-05	5.54E-05	6.03E-05	6.82E-05	8.08E-05	8.66E-05	6.20E-05	7.99E-05	0.000101514122708	8.12E-05	7.78E-05	7.09E-05	5.95E-05
b2400	0.000689338605147	0.000766649985046	0.000928616854348	0.001012262799638	0.000795076190263	0.000757244052246	0.001794457364631	0.001769802024197	0.001218129219152	0.001241237917329	0.001500207890602	0.001796964723656	0.001389006547717	0.001575980755974	0.001854211452065	0.001964892468026	0.001452494535125	0.001700168192819	0.001281998456186	0.001615379064509	0.001172271304828	0.00117312068971	0.0012210731119	0.001310914890917
b2513	9.71E-05	5.33E-05	0.000178282840403	0.000171651721573	4.60E-05	5.61E-05	0.000180639116612	0.000182574844977	9.64E-05	0.000103490612003	0.000199109277218	0.000246209795169	8.03E-05	8.42E-05	0.000116897064717	0.000139749422763	6.71E-05	8.60E-05	0.000171597148202	0.000191307064478	0.000222631567673	0.000124878524759	7.88E-05	0.00020505708319
b4260	0.000412724971918	0.000374479211647	0.000460828187387	0.000467779838883	0.000740819750388	0.000696834042644	0.000627496985688	0.000583792691743	0.000595089973379	0.000508085864397	0.00055648970635	0.000577960081387	0.000684885962854	0.000732454873408	0.000554024662601	0.000589194409101	0.000683636265631	0.000608499397131	0.000649729202056	0.000668274075466	0.00069382131793	0.000496062770561	0.000553855275416	0.000579959427204
b1101	0.00064055414512	0.000651660390296	0.000377604332874	0.000387008143257	0.000582085411739	0.000554674971261	0.001897358884726	0.001822668428821	0.00230685778793	0.002238817338533	0.002996696657516	0.002588278953297	0.002221257810192	0.002751698901549	0.000618338037786	0.000565656510191	0.000793685961821	0.000605871873749	0.000588765598722	0.000417561416556	0.000493380554006	0.000478455571906	0.000438206792015	0.000338399350558
b3931	0.000669880102619	0.000778243262846	0.000705319300138	0.000720915179604	0.00090202640085	0.000802967740422	0.001151280107751	0.001102258636479	0.001179854145749	0.001294592606521	0.001388273293916	0.00120097515035	0.001073909753622	0.001183311967956	0.000823249762764	0.000909974905795	0.000820022411841	0.000793221807057	0.001247757555853	0.00118313002233	0.000851622036484	0.000685445370469	0.000789485465467	0.00076691430165
b0756	0.000778006068245	0.000660626910998	0.0004109839442	0.00040865898303	0.000571461954884	0.000584457933079	0.000340606584256	0.00033715753785	0.000369995863576	0.000351921353286	0.000188524317585	0.000285851696452	0.00034786783305	0.000355829772599	0.000424714516195	0.000330760654254	0.000393188911128	0.000332618119408	0.000372346311923	0.000424069036263	0.000384738399801	0.000340507404216	0.000320439803516	0.000285100116755
b2232	0.000127801145251	0.000142523372641	0.000175200720633	0.000201570697162	8.14E-05	8.64E-05	0.000195781229107	0.000175753094904	0.0002540892382	0.000221808331099	0.000174578808833	0.000241423829504	0.00016454048742	0.000133741811729	0.00017301904055	0.000156904199484	0.000221660085883	0.000137403924242	0.000150295189297	0.000174749709945	0.000225364650987	0.000155768493387	0.000121000555777	0.000111671617109
b0462	0.000677540201298	0.001111489689516	0.000695611889336	0.000736517370533	0.001491235671156	0.001798320760468	0.001919731243473	0.003529535888477	0.000917154664351	0.000675690550312	0.000821856051427	0.00096362691473	0.002249950190671	0.001362086883859	0.00092467903602	0.000914191978072	0.00125758511877	0.001046364682462	0.001059620083897	0.001709583190205	0.001219752815402	0.001134463299063	0.001001933973956	0.003402470846058
b2418	4.40E-05	4.15E-05	7.90E-05	9.10E-05	9.52E-05	8.87E-05	9.36E-05	0.000115855222182	5.98E-05	4.49E-05	7.49E-05	7.64E-05	8.18E-05	8.84E-05	7.78E-05	4.95E-05	0.000140894926352	5.82E-05	4.60E-05	4.61E-05	5.55E-05	5.31E-05	0.000121145458039	6.69E-05
b1049	0.000317854461822	0.000267871712152	0.00038798291663	0.000437694732064	0.000337095406617	0.000308236500327	0.000366848971262	0.000328556545315	0.00021445247484	0.000151491206094	0.000247708577252	0.000269926735678	0.000301378712417	0.000308185259452	0.000233805708904	0.000260444792801	0.000400448277024	0.000297003322719	0.000372904506727	0.000305553756379	0.000496774363494	0.000450564443213	0.000349069863734	0.000347734924374
b1917	0.000124125757983	6.90E-05	9.19E-05	0.000118911408431	0.000114036818085	0.000104769342331	0.000194792726088	0.000148317946547	0.00011039402004	9.16E-05	0.000170060509065	0.000168957256542	0.000147036823869	0.0001353270421	0.000115386669769	0.000109425510374	0.000132898685191	0.000146767505354	0.000153891917788	0.00014080887786	8.88E-05	7.61E-05	0.000107728294041	7.92E-05
b3713	4.70E-05	7.03E-05	7.36E-05	8.33E-05	2.92E-05	3.46E-05	2.99E-05	3.94E-05	3.09E-05	3.05E-05	3.72E-05	3.81E-05	2.73E-05	2.63E-05	2.74E-05	2.74E-05	2.67E-05	2.68E-05	2.77E-05	2.77E-05	0.00010037752039	4.67E-05	4.27E-05	3.73E-05
b1613	0.000364857896389	0.000350955047425	0.000437903182793	0.000489618902356	0.000436643118534	0.000456493098872	0.000479563860121	0.000447480898909	0.000314743066868	0.000473374149199	0.000261299704541	0.000284528317232	0.000351049938498	0.000349342564451	0.000435852961361	0.000330404933868	0.00038550735116	0.000345661891607	0.000256731362596	0.000293355792024	0.000379662481866	0.00032412572795	0.000297619503581	0.000276786599367
b3736	0.000615387076322	0.000241116523074	0.000992260876683	0.000836782975896	0.000411512799342	0.000517958594475	0.000552151860691	0.000332305843297	0.000166129814603	0.000269240137932	0.000396639994675	0.000565777709874	0.000114316325519	0.000104700540747	0.000339900045748	0.000874506754563	0.000171493711611	0.000478272761459	0.000775002725559	0.000787814269924	0.000931687783654	0.000670494477766	0.000185094518143	0.000375554443525
b1683	6.89E-05	6.50E-05	0.000102926123939	0.000102784527091	0.000100379037749	0.00010302458363	7.90E-05	9.21E-05	7.10E-05	7.02E-05	9.47E-05	9.71E-05	7.82E-05	8.96E-05	7.11E-05	7.12E-05	6.94E-05	6.98E-05	7.50E-05	7.51E-05	7.60E-05	7.28E-05	7.59E-05	7.90E-05
b2684	9.31E-05	5.33E-05	0.000180257615344	0.000197536886221	7.39E-05	0.000115202895538	2.82E-05	2.80E-05	6.25E-05	0.000114136237116	0.000202301300587	0.000251302835745	2.96E-05	4.08E-05	0.00011939093966	0.000148898732397	4.01E-05	6.92E-05	0.000178891629865	0.000112575754546	0.000346624095252	0.000166800407165	4.43E-05	0.000184161116194
b1198	6.86E-05	6.47E-05	0.000459315871131	0.000121486068149	6.83E-05	7.29E-05	0.000293243080837	0.00030870030754	0.00047210052013	0.000479648279839	0.000201388945453	0.000268158469708	0.000381648876856	0.000356827285646	0.000651340659615	0.000509091835574	0.000298537278158	0.000249127157334	0.000209292453711	0.000216797917249	0.000436632872476	0.000341458079312	0.00017927198539	0.000138419391905
b2595	0.000245199536794	0.000122986894787	0.000299162440033	0.000308046774682	0.000131671948253	0.000177882097295	0.000391082853972	0.00037123794794	0.000176811946407	0.000187759439406	0.000315159937355	0.000336127552493	0.000104735722724	0.000133442281862	0.000372358552583	0.000357434047614	0.000166220885194	0.000206006701286	0.000341467513877	0.000295783661347	0.000367746974057	0.000364728434972	8.53E-05	0.0003554718679
b1654	4.33E-05	2.87E-05	7.04E-05	4.94E-05	2.62E-05	4.10E-05	5.02E-05	8.14E-05	5.70E-05	6.54E-05	9.65E-05	0.000135786419037	4.69E-05	4.49E-05	6.94E-05	8.38E-05	6.58E-05	7.81E-05	7.00E-05	5.03E-05	0.000125687908917	7.40E-05	5.66E-05	0.000106447028499
b2066	5.00E-05	4.11E-05	6.66E-05	7.01E-05	9.11E-05	8.32E-05	9.30E-05	0.000101782747622	3.56E-05	2.99E-05	5.63E-05	8.14E-05	6.72E-05	6.57E-05	3.35E-05	3.35E-05	4.02E-05	4.12E-05	4.41E-05	4.63E-05	8.64E-05	8.49E-05	9.62E-05	8.59E-05
b1876	0.000448818796546	0.000386522238561	0.000602830293892	0.000506634481536	0.000430099396625	0.000536577772034	0.000956011619515	0.000791765723609	0.001133500322951	0.00081216809649	0.001324558840459	0.000793577397314	0.000858028803819	0.000794064306897	0.000735582071853	0.000712101143261	0.000707959473627	0.000671459203796	0.000704295961019	0.00087706911191	0.000644086602691	0.000675734006367	0.000531426948104	0.000830927331184
b2280	0.000117936175957	0.00016833419133	8.67E-05	0.000133924082869	8.94E-05	0.000113068086143	3.71E-05	4.53E-05	7.00E-05	5.83E-05	4.39E-05	4.49E-05	5.33E-05	7.13E-05	2.65E-05	2.65E-05	2.58E-05	2.60E-05	8.52E-05	2.70E-05	0.000154056595785	0.000130130399646	9.36E-05	5.59E-05
b0674	0.000434112011685	0.000477567020038	0.000422075224611	0.000483563975935	0.000522287056068	0.000469638674634	0.001025140938307	0.000965733633182	0.001046817715951	0.001239898065191	0.00096506323835	0.001122920218616	0.000943963661397	0.001119638352198	0.001014139907575	0.001234556553865	0.001200161667695	0.001029037766901	0.000882432918052	0.000873879875579	0.001091333188984	0.001066945993017	0.000740432914942	0.000719118502681
b4354	9.98E-05	9.41E-05	0.000108809720932	0.000108660029941	9.94E-05	0.000102028453169	0.000337232947774	0.000364787850499	0.000853629090861	0.000435858828215	0.000211062444326	0.00028984468177	0.000879785416209	0.000667719110702	0.000102954991083	0.000103030341529	0.000497251817869	0.000315605808602	0.000132487475042	0.000132555942629	0.000165184952253	0.000152919049085	0.000109935623737	0.000114324988787
b4383	0.000782351774173	0.000657757407295	0.000416588605733	0.00050852017409	0.000559203560737	0.000562424460016	0.00043719097298	0.000398322031872	0.000706455961213	0.000782830889534	0.000343235695507	0.000391772370285	0.000413357134045	0.000451586366411	0.000460514392875	0.000399307655949	0.00044453317854	0.000548055367936	0.000471838433959	0.000417611241634	0.000442336095047	0.000381232378562	0.000402801601273	0.000315641831423
b2235	0.000341998975491	0.0003212537288	0.000310199416671	0.000328820181702	0.000324210952146	0.000335109007356	0.000370041406228	0.000412091156722	0.000437729784728	0.00038553216002	0.000290134670676	0.000382169285219	0.000320910392751	0.000347474760119	0.000516252008913	0.000409216461919	0.000551354645599	0.000262465994021	0.000751395847477	0.000539051380787	0.000756412550464	0.000522686667653	0.000310873515603	0.00035862031312
b3440	0.000205015565689	0.00014153973662	0.000170803476048	0.000201377992768	0.000159722414029	0.000149677032431	0.000214686587305	0.000216171077236	0.000351908890799	0.000260707919508	0.000197216246013	0.000216348107804	0.000216514949133	0.000221267865784	0.000229727443913	0.00019009781537	0.00027652838658	0.000302742237532	0.00015598038393	0.000213512016949	0.000274684124339	0.000226524660081	0.000171215587438	0.000145166127753
b0890	0.000181502858535	0.000168258074263	0.000192849700719	0.000192584394801	0.000329192162958	0.000223659235741	0.000311359609588	0.00023847219321	0.00031966567812	0.000194426528385	0.000367962113263	0.00036476009533	0.000364782125291	0.000400104624579	0.000182473027665	0.000182606575577	0.000292002990707	0.000179114652739	0.000248050900565	0.000311440426212	0.000392067755871	0.000370342039241	0.000362343710375	0.000243505152979
b0851	0.00013607216017	7.01E-05	0.000142200912758	0.000173493413482	0.000155897588093	0.000151020492305	0.000102662767915	0.000105569454765	7.36E-05	4.04E-05	8.62E-05	9.89E-05	7.60E-05	7.68E-05	8.92E-05	5.82E-05	7.13E-05	7.84E-05	6.61E-05	9.34E-05	9.39E-05	8.29E-05	0.000100882961552	0.000105885288301
b3831	0.000846585750289	0.000619908090806	0.000525653166845	0.000584367863531	0.000726937062114	0.00093790716426	0.00048977502996	0.000472078676314	0.000684596788274	0.000560840187397	0.000382335992659	0.000422082573846	0.00043937269513	0.000589595180299	0.000417932505207	0.000432772905908	0.000434897328698	0.000349140895058	0.000259091630343	0.00033281793953	0.000273925585009	0.000251560422725	0.000256367575324	0.000205712563904
b3342	0.000455954893103	0.000685614368477	0.000654229818832	0.000653488015647	0.000614930063724	0.000537833226071	0.001367020063718	0.001092743003119	0.000921586191458	0.000984710779245	0.001273757682792	0.001105206179083	0.001161373036337	0.001354587294768	0.000793986534564	0.000940848497376	0.000904892821543	0.000825729626016	0.000774445547744	0.001020213596985	0.000961039540014	0.001284822846007	0.001013351022921	0.001174174938838
b0557	0.000108291585836	0.000124854995169	0.000233889477514	0.000210102641033	9.54E-05	0.000118074208983	6.40E-05	0.000129553421918	3.12E-05	3.09E-05	8.65E-05	8.86E-05	6.94E-05	7.60E-05	0.000118006303639	7.64E-05	5.17E-05	0.000113372243233	8.43E-05	0.000106877557333	3.40E-05	3.26E-05	0.000285495155839	0.000293349027718
b2036	0.00052218211871	0.000495496130888	0.00050351473649	0.000544393945838	0.000408848109734	0.000394065065794	0.000251337198635	0.000268624984882	0.000390513834736	0.00033897358077	0.000317402854919	0.000333870905922	0.00029763005693	0.000316025844835	0.000350282780494	0.000312998138482	0.000449222541566	0.000380659027255	0.000553324197082	0.000439086502796	0.000735298998872	0.000698492790088	0.000606864657582	0.000629011930808
b0149	0.00013364764022	0.000172142478848	0.000291479355788	0.000741815382199	0.000798886020932	0.000246798194926	0.000410151864657	0.000299080473578	0.000288756136726	0.000262197776972	0.000236571265731	0.000261442293393	0.000325045886227	0.001231766713223	0.000189352280001	0.000136968938787	0.000332301709788	0.000243445749189	0.000343971298797	0.000293048137375	0.000394064724854	0.00032554568477	0.00061316584327	0.000756492222529
